method,training_run_id,policy_sha256,case,scenario_seed,simulation_seed,wall_time_constant_s,wall_sliding_friction,wall_yaw_deg,position_noise_std_m,force_noise_std_n,force_bias_n,measurement_delay_ms,bias_compensation_scale,controller,scenario,force_rmse_n,peak_force_n,tangent_rmse_mm,orientation_rmse_deg,contact_ratio_pct,torque_rms_nm,saturation_pct,controller_p95_us,fallback_count,policy_update_count,torque_context_fallback_count,residual_rms_n,residual_torque_projection_pct,residual_mean_projection_scale,nominal_torque_projection_pct,nominal_mean_projection_scale,nominal_projection_fallback_count,gate_pass,failed_checks
fixed_hybrid,,,blind_00,16301434959511870338,1237627388685738049,0.009887234693174861,0.8821636366814103,3.052729140061988,0.0002289770139691858,0.19046792354407024,-1.377518591542891,8,0.851194790383711,hybrid,blind_00,9.759340720336278,32.4659070008297,10.398501148164334,6.459851630956997,100.0,23.384230587684023,0.0,211.9706,0,0,0,0.0,0.0,1.0,0.0,1.0,0,no,force_rmse
adaptive_hybrid,,,blind_00,16301434959511870338,1237627388685738049,0.009887234693174861,0.8821636366814103,3.052729140061988,0.0002289770139691858,0.19046792354407024,-1.377518591542891,8,0.851194790383711,adaptive_hybrid,blind_00,3.293177765229293,41.59467125008912,9.047135238935958,6.753153548029852,100.0,22.850286703749976,0.0,338.02609999999993,0,0,0,0.0,0.0,1.0,0.0,1.0,0,no,force_rmse;peak_force
safe_adaptive_hybrid,,,blind_00,16301434959511870338,1237627388685738049,0.009887234693174861,0.8821636366814103,3.052729140061988,0.0002289770139691858,0.19046792354407024,-1.377518591542891,8,0.851194790383711,safe_adaptive_hybrid,blind_00,3.442519767394665,39.18624769304269,8.715588356526435,6.752274506469062,100.0,22.79390887383974,0.0,481.5768,0,0,0,0.0,0.0,1.0,0.0,1.0,0,no,force_rmse;peak_force
torque_residual_run_00,run_00,b37c7ceb9c9191837877fe96d975554ed164a84903691e3f3e9244788a290ddb,blind_00,16301434959511870338,1237627388685738049,0.009887234693174861,0.8821636366814103,3.052729140061988,0.0002289770139691858,0.19046792354407024,-1.377518591542891,8,0.851194790383711,torque_residual_run_00,blind_00,2.8138197679821837,45.35698300606364,10.650102471704756,6.7637057450881715,100.0,22.75882260835012,0.0,1781.9115,0,226,0,2.600321057964005,0.0,1.0,0.0,1.0,0,no,force_rmse;peak_force
torque_residual_run_01,run_01,63528b5f5144cfd79c6557c888a487332702b572d71f0314cdc1ae7322f0384b,blind_00,16301434959511870338,1237627388685738049,0.009887234693174861,0.8821636366814103,3.052729140061988,0.0002289770139691858,0.19046792354407024,-1.377518591542891,8,0.851194790383711,torque_residual_run_01,blind_00,2.9865332787353145,43.738909094957435,10.201272998607811,6.75664161593733,100.0,22.774943111595874,0.0,1819.4275499999999,0,226,0,2.089508327884984,0.0,1.0,0.0,1.0,0,no,force_rmse;peak_force
torque_residual_run_02,run_02,47fb010b562f8d69d5c92eea398c37835d1f11e8015e0669129ff80a807dbfcc,blind_00,16301434959511870338,1237627388685738049,0.009887234693174861,0.8821636366814103,3.052729140061988,0.0002289770139691858,0.19046792354407024,-1.377518591542891,8,0.851194790383711,torque_residual_run_02,blind_00,3.076758484879505,44.0160406156185,9.827265826023158,6.75451124057397,100.0,22.78992679789837,0.0,946.2543999999998,0,226,0,2.038703219798687,0.0,1.0,0.0,1.0,0,no,force_rmse;peak_force
torque_residual_run_03,run_03,3f50ce6be439066204dfc37949ce8f27b685a445f7572f8a7e99aaa27d5fc724,blind_00,16301434959511870338,1237627388685738049,0.009887234693174861,0.8821636366814103,3.052729140061988,0.0002289770139691858,0.19046792354407024,-1.377518591542891,8,0.851194790383711,torque_residual_run_03,blind_00,3.0275161174107184,42.656115119068595,10.212293184562268,6.7573582281327225,100.0,22.77033396990168,0.0,1010.9483499999997,0,226,0,1.9142643199856328,0.0,1.0,0.0,1.0,0,no,force_rmse;peak_force
torque_residual_run_04,run_04,6f01e1bb0eb3c36a43dbf54d6d0da779c57eba9cb18be4027d4f01d38dcee7bc,blind_00,16301434959511870338,1237627388685738049,0.009887234693174861,0.8821636366814103,3.052729140061988,0.0002289770139691858,0.19046792354407024,-1.377518591542891,8,0.851194790383711,torque_residual_run_04,blind_00,3.0071525344777585,44.60177317261878,10.485600125545956,6.7550477697036095,100.0,22.776841628016626,0.0,1808.0481499999999,0,226,0,2.1728664923149115,0.0,1.0,0.0,1.0,0,no,force_rmse;peak_force
fixed_hybrid,,,blind_01,17525301306413689991,6910629524156363117,0.012582029739685018,0.8318232671722412,-4.147700028969988,0.0003998300046520015,0.6162307257546606,-0.794574134650318,14,1.0567888878937712,hybrid,blind_01,1.5093264522682532,35.8802868009113,20.885122451511023,1.9489424529677293,100.0,22.848919580968875,0.0,268.4031,0,0,0,0.0,0.0,1.0,0.0,1.0,0,no,peak_force;tangent_rmse
adaptive_hybrid,,,blind_01,17525301306413689991,6910629524156363117,0.012582029739685018,0.8318232671722412,-4.147700028969988,0.0003998300046520015,0.6162307257546606,-0.794574134650318,14,1.0567888878937712,adaptive_hybrid,blind_01,1.3205785031659136,37.72389503403627,16.117968056275533,1.9829455163619674,100.0,23.003610537466,0.0,424.45935,0,0,0,0.0,0.0,1.0,0.0,1.0,0,no,peak_force;tangent_rmse
safe_adaptive_hybrid,,,blind_01,17525301306413689991,6910629524156363117,0.012582029739685018,0.8318232671722412,-4.147700028969988,0.0003998300046520015,0.6162307257546606,-0.794574134650318,14,1.0567888878937712,safe_adaptive_hybrid,blind_01,1.3206305070530053,37.72414094389947,16.118075680210787,1.982941608114329,100.0,23.003600692098953,0.0,644.5068,0,0,0,0.0,0.0,1.0,0.0,1.0,0,no,peak_force;tangent_rmse
torque_residual_run_00,run_00,b37c7ceb9c9191837877fe96d975554ed164a84903691e3f3e9244788a290ddb,blind_01,17525301306413689991,6910629524156363117,0.012582029739685018,0.8318232671722412,-4.147700028969988,0.0003998300046520015,0.6162307257546606,-0.794574134650318,14,1.0567888878937712,torque_residual_run_00,blind_01,1.4374937691789162,38.93227225788305,13.557056061031656,1.9829814646005908,100.0,22.95847381720968,0.0,1819.49425,0,226,0,2.8265577932454495,0.0,1.0,0.0,1.0,0,no,peak_force
torque_residual_run_01,run_01,63528b5f5144cfd79c6557c888a487332702b572d71f0314cdc1ae7322f0384b,blind_01,17525301306413689991,6910629524156363117,0.012582029739685018,0.8318232671722412,-4.147700028969988,0.0003998300046520015,0.6162307257546606,-0.794574134650318,14,1.0567888878937712,torque_residual_run_01,blind_01,1.3466749826273907,37.73774161937632,13.75075407914738,1.9841075912842205,100.0,22.943688643433003,0.0,1081.6316499999998,0,226,0,2.595552569528108,0.0,1.0,0.0,1.0,0,no,peak_force
torque_residual_run_02,run_02,47fb010b562f8d69d5c92eea398c37835d1f11e8015e0669129ff80a807dbfcc,blind_01,17525301306413689991,6910629524156363117,0.012582029739685018,0.8318232671722412,-4.147700028969988,0.0003998300046520015,0.6162307257546606,-0.794574134650318,14,1.0567888878937712,torque_residual_run_02,blind_01,1.4185904890406604,38.49640928064166,13.419597903236287,1.9848105755095315,100.0,22.986508106706857,0.0,854.2761499999999,0,226,0,2.8579932154668604,0.0,1.0,0.0,1.0,0,no,peak_force
torque_residual_run_03,run_03,3f50ce6be439066204dfc37949ce8f27b685a445f7572f8a7e99aaa27d5fc724,blind_01,17525301306413689991,6910629524156363117,0.012582029739685018,0.8318232671722412,-4.147700028969988,0.0003998300046520015,0.6162307257546606,-0.794574134650318,14,1.0567888878937712,torque_residual_run_03,blind_01,1.4016911437059785,37.512954744958044,14.009824972162836,1.9853265290179833,100.0,22.968284405823166,0.0,806.6738999999995,0,226,0,2.4640977174530545,0.0,1.0,0.0,1.0,0,no,peak_force
torque_residual_run_04,run_04,6f01e1bb0eb3c36a43dbf54d6d0da779c57eba9cb18be4027d4f01d38dcee7bc,blind_01,17525301306413689991,6910629524156363117,0.012582029739685018,0.8318232671722412,-4.147700028969988,0.0003998300046520015,0.6162307257546606,-0.794574134650318,14,1.0567888878937712,torque_residual_run_04,blind_01,1.4107839030549176,38.133897399484034,13.977003960457532,1.9857433009044594,100.0,22.95651560425479,0.0,1044.7817,0,226,0,2.6132842163009165,0.0,1.0,0.0,1.0,0,no,peak_force
fixed_hybrid,,,blind_02,9582396171392131757,11510007187665870296,0.0050004061472502265,0.5045178125612781,-0.3277435039229264,0.0006421300511874154,0.6302556573838245,0.1800175446341572,12,0.946462228212979,hybrid,blind_02,1.2232498741108235,36.32964319104509,7.955956474023577,2.068993330586862,100.0,24.506863698792024,0.0,268.20295,0,0,0,0.0,0.0,1.0,0.0,1.0,0,no,peak_force
adaptive_hybrid,,,blind_02,9582396171392131757,11510007187665870296,0.0050004061472502265,0.5045178125612781,-0.3277435039229264,0.0006421300511874154,0.6302556573838245,0.1800175446341572,12,0.946462228212979,adaptive_hybrid,blind_02,1.2170342410120076,38.146443928634085,7.020805265446134,2.073793575671116,100.0,24.55262349396416,0.0,367.62185,0,0,0,0.0,0.0,1.0,0.0,1.0,0,no,peak_force
safe_adaptive_hybrid,,,blind_02,9582396171392131757,11510007187665870296,0.0050004061472502265,0.5045178125612781,-0.3277435039229264,0.0006421300511874154,0.6302556573838245,0.1800175446341572,12,0.946462228212979,safe_adaptive_hybrid,blind_02,1.1079614001703104,34.85128290173455,7.028249475675391,2.073517108415721,100.0,24.556674892036316,0.0,647.13865,0,0,0,0.0,0.0,1.0,0.0,1.0,0,yes,
torque_residual_run_00,run_00,b37c7ceb9c9191837877fe96d975554ed164a84903691e3f3e9244788a290ddb,blind_02,9582396171392131757,11510007187665870296,0.0050004061472502265,0.5045178125612781,-0.3277435039229264,0.0006421300511874154,0.6302556573838245,0.1800175446341572,12,0.946462228212979,torque_residual_run_00,blind_02,1.2395084211182457,38.968981584850745,7.537909831183953,2.0574401896084296,100.0,24.61578943915955,0.0,1851.3713499999997,0,226,0,2.6785238898556623,0.0,1.0,0.0,1.0,0,no,peak_force
torque_residual_run_01,run_01,63528b5f5144cfd79c6557c888a487332702b572d71f0314cdc1ae7322f0384b,blind_02,9582396171392131757,11510007187665870296,0.0050004061472502265,0.5045178125612781,-0.3277435039229264,0.0006421300511874154,0.6302556573838245,0.1800175446341572,12,0.946462228212979,torque_residual_run_01,blind_02,1.173027927251463,37.370749805285655,7.324624666771302,2.058554127588116,100.0,24.582359926421155,0.0,1729.3443499999996,0,226,0,2.320684866080037,0.0,1.0,0.0,1.0,0,no,peak_force
torque_residual_run_02,run_02,47fb010b562f8d69d5c92eea398c37835d1f11e8015e0669129ff80a807dbfcc,blind_02,9582396171392131757,11510007187665870296,0.0050004061472502265,0.5045178125612781,-0.3277435039229264,0.0006421300511874154,0.6302556573838245,0.1800175446341572,12,0.946462228212979,torque_residual_run_02,blind_02,1.2070003036218284,39.10221203574709,7.090257845442642,2.0593967225813508,100.0,24.615195014886826,0.0,1119.3620999999998,0,226,0,2.4032476036602834,0.0,1.0,0.0,1.0,0,no,peak_force
torque_residual_run_03,run_03,3f50ce6be439066204dfc37949ce8f27b685a445f7572f8a7e99aaa27d5fc724,blind_02,9582396171392131757,11510007187665870296,0.0050004061472502265,0.5045178125612781,-0.3277435039229264,0.0006421300511874154,0.6302556573838245,0.1800175446341572,12,0.946462228212979,torque_residual_run_03,blind_02,1.2231651331882805,38.11785024933181,7.449254762481052,2.0616393437011356,100.0,24.598074190676545,0.0,1283.341799999999,0,226,0,2.1502367101135995,0.0,1.0,0.0,1.0,0,no,peak_force
torque_residual_run_04,run_04,6f01e1bb0eb3c36a43dbf54d6d0da779c57eba9cb18be4027d4f01d38dcee7bc,blind_02,9582396171392131757,11510007187665870296,0.0050004061472502265,0.5045178125612781,-0.3277435039229264,0.0006421300511874154,0.6302556573838245,0.1800175446341572,12,0.946462228212979,torque_residual_run_04,blind_02,1.234258775070554,37.83255412546101,7.5929111371344264,2.0591158640852307,100.0,24.613523998430434,0.0,913.8205499999992,0,226,0,2.342725177052644,0.0,1.0,0.0,1.0,0,no,peak_force
fixed_hybrid,,,blind_03,2020940413233927572,6354302425675587931,0.0051846536748153035,0.42246682253752366,-0.8671136766021013,4.301117330204543e-05,0.40630741871254694,-0.13281593873606767,16,0.9490837671907363,hybrid,blind_03,1.0743800614822772,33.31685571626772,7.238728829169719,1.9322765394504497,100.0,24.8266947683741,0.0,215.6886,0,0,0,0.0,0.0,1.0,0.0,1.0,0,yes,
adaptive_hybrid,,,blind_03,2020940413233927572,6354302425675587931,0.0051846536748153035,0.42246682253752366,-0.8671136766021013,4.301117330204543e-05,0.40630741871254694,-0.13281593873606767,16,0.9490837671907363,adaptive_hybrid,blind_03,1.0956273675024597,34.7329295991032,6.328458587228916,1.9354885749330297,100.0,24.846666752013046,0.0,362.0646,0,0,0,0.0,0.0,1.0,0.0,1.0,0,yes,
safe_adaptive_hybrid,,,blind_03,2020940413233927572,6354302425675587931,0.0051846536748153035,0.42246682253752366,-0.8671136766021013,4.301117330204543e-05,0.40630741871254694,-0.13281593873606767,16,0.9490837671907363,safe_adaptive_hybrid,blind_03,1.095638619093577,34.733205174869,6.3285190267705715,1.9354914100939693,100.0,24.84666982142058,0.0,541.61405,0,0,0,0.0,0.0,1.0,0.0,1.0,0,yes,
torque_residual_run_00,run_00,b37c7ceb9c9191837877fe96d975554ed164a84903691e3f3e9244788a290ddb,blind_03,2020940413233927572,6354302425675587931,0.0051846536748153035,0.42246682253752366,-0.8671136766021013,4.301117330204543e-05,0.40630741871254694,-0.13281593873606767,16,0.9490837671907363,torque_residual_run_00,blind_03,1.198927564288827,35.65402827327772,7.2134254665482835,1.9195592600371185,100.0,24.93739974967887,0.0,1840.0409999999997,0,226,0,2.7469424314703446,0.0,1.0,0.0,1.0,0,no,peak_force
torque_residual_run_01,run_01,63528b5f5144cfd79c6557c888a487332702b572d71f0314cdc1ae7322f0384b,blind_03,2020940413233927572,6354302425675587931,0.0051846536748153035,0.42246682253752366,-0.8671136766021013,4.301117330204543e-05,0.40630741871254694,-0.13281593873606767,16,0.9490837671907363,torque_residual_run_01,blind_03,1.146748625536067,35.020248318444864,6.925863394987556,1.9201298311005026,100.0,24.90756641371647,0.0,1833.2656999999997,0,226,0,2.3413727295169506,0.0,1.0,0.0,1.0,0,no,peak_force
torque_residual_run_02,run_02,47fb010b562f8d69d5c92eea398c37835d1f11e8015e0669129ff80a807dbfcc,blind_03,2020940413233927572,6354302425675587931,0.0051846536748153035,0.42246682253752366,-0.8671136766021013,4.301117330204543e-05,0.40630741871254694,-0.13281593873606767,16,0.9490837671907363,torque_residual_run_02,blind_03,1.1416350788431444,34.73351809687894,6.750213387543281,1.922041252045797,100.0,24.935096542186262,0.0,1662.1142,0,226,0,2.4675837974676353,0.0,1.0,0.0,1.0,0,yes,
torque_residual_run_03,run_03,3f50ce6be439066204dfc37949ce8f27b685a445f7572f8a7e99aaa27d5fc724,blind_03,2020940413233927572,6354302425675587931,0.0051846536748153035,0.42246682253752366,-0.8671136766021013,4.301117330204543e-05,0.40630741871254694,-0.13281593873606767,16,0.9490837671907363,torque_residual_run_03,blind_03,1.0996682684580823,36.79768084533634,7.017924715976378,1.922378325766907,100.0,24.923046860416733,0.0,1652.2719999999995,0,226,0,2.1898988493167124,0.0,1.0,0.0,1.0,0,no,peak_force
torque_residual_run_04,run_04,6f01e1bb0eb3c36a43dbf54d6d0da779c57eba9cb18be4027d4f01d38dcee7bc,blind_03,2020940413233927572,6354302425675587931,0.0051846536748153035,0.42246682253752366,-0.8671136766021013,4.301117330204543e-05,0.40630741871254694,-0.13281593873606767,16,0.9490837671907363,torque_residual_run_04,blind_03,1.1552202600433996,34.82701326127294,7.1582240453314805,1.9226167535305132,100.0,24.92025873384453,0.0,1835.8478499999999,0,226,0,2.3577001490864986,0.0,1.0,0.0,1.0,0,yes,
fixed_hybrid,,,blind_04,4577279984682491532,6078883991136184361,0.009033864590999526,0.4443835186611313,4.737394929302027,0.00044589919747070177,0.24281306283026535,-1.3764104256631897,26,1.1029041175760448,hybrid,blind_04,1.8098531973408232,31.169976095260065,16.451838329510647,3.6562004860289132,100.0,25.045281923231922,0.0,273.36899999999997,0,0,0,0.0,0.0,1.0,0.0,1.0,0,no,tangent_rmse
adaptive_hybrid,,,blind_04,4577279984682491532,6078883991136184361,0.009033864590999526,0.4443835186611313,4.737394929302027,0.00044589919747070177,0.24281306283026535,-1.3764104256631897,26,1.1029041175760448,adaptive_hybrid,blind_04,1.086081452322358,30.005228289758936,12.496946315429247,3.687414217213878,100.0,25.07199278489546,0.0,348.53725,0,0,0,0.0,0.0,1.0,0.0,1.0,0,yes,
safe_adaptive_hybrid,,,blind_04,4577279984682491532,6078883991136184361,0.009033864590999526,0.4443835186611313,4.737394929302027,0.00044589919747070177,0.24281306283026535,-1.3764104256631897,26,1.1029041175760448,safe_adaptive_hybrid,blind_04,1.086085070181435,30.00525633384989,12.496949087921836,3.687414119246982,100.0,25.071992827925822,0.0,631.1702,0,0,0,0.0,0.0,1.0,0.0,1.0,0,yes,
torque_residual_run_00,run_00,b37c7ceb9c9191837877fe96d975554ed164a84903691e3f3e9244788a290ddb,blind_04,4577279984682491532,6078883991136184361,0.009033864590999526,0.4443835186611313,4.737394929302027,0.00044589919747070177,0.24281306283026535,-1.3764104256631897,26,1.1029041175760448,torque_residual_run_00,blind_04,1.3778840664593288,30.876566954513475,9.908773211509889,3.696743012356417,100.0,25.21023407036238,0.0,948.6276499999998,0,226,0,2.9060539462743,0.0,1.0,0.0,1.0,0,yes,
torque_residual_run_01,run_01,63528b5f5144cfd79c6557c888a487332702b572d71f0314cdc1ae7322f0384b,blind_04,4577279984682491532,6078883991136184361,0.009033864590999526,0.4443835186611313,4.737394929302027,0.00044589919747070177,0.24281306283026535,-1.3764104256631897,26,1.1029041175760448,torque_residual_run_01,blind_04,1.2284309999148029,31.429209288139578,9.915270351990204,3.6998629676910544,100.0,25.1881875600209,0.0,1738.6347,0,226,0,2.636861569804436,0.0,1.0,0.0,1.0,0,yes,
torque_residual_run_02,run_02,47fb010b562f8d69d5c92eea398c37835d1f11e8015e0669129ff80a807dbfcc,blind_04,4577279984682491532,6078883991136184361,0.009033864590999526,0.4443835186611313,4.737394929302027,0.00044589919747070177,0.24281306283026535,-1.3764104256631897,26,1.1029041175760448,torque_residual_run_02,blind_04,1.3786787940689933,32.472389920282076,9.945871054939104,3.694982718214455,100.0,25.218610289899722,0.0,1057.5681999999993,0,226,0,2.9430302635794914,0.0,1.0,0.0,1.0,0,yes,
torque_residual_run_03,run_03,3f50ce6be439066204dfc37949ce8f27b685a445f7572f8a7e99aaa27d5fc724,blind_04,4577279984682491532,6078883991136184361,0.009033864590999526,0.4443835186611313,4.737394929302027,0.00044589919747070177,0.24281306283026535,-1.3764104256631897,26,1.1029041175760448,torque_residual_run_03,blind_04,1.3458535289960316,31.666567072741106,10.420814515153753,3.695398279061563,100.0,25.19560733428302,0.0,1011.6697,0,226,0,2.507729714780232,0.0,1.0,0.0,1.0,0,yes,
torque_residual_run_04,run_04,6f01e1bb0eb3c36a43dbf54d6d0da779c57eba9cb18be4027d4f01d38dcee7bc,blind_04,4577279984682491532,6078883991136184361,0.009033864590999526,0.4443835186611313,4.737394929302027,0.00044589919747070177,0.24281306283026535,-1.3764104256631897,26,1.1029041175760448,torque_residual_run_04,blind_04,1.3474710945399144,31.96177336228879,10.361214606247078,3.6960811320361464,100.0,25.194069736550635,0.0,1764.1229999999998,0,226,0,2.6091112556901623,0.0,1.0,0.0,1.0,0,yes,
fixed_hybrid,,,blind_05,12532684049207094977,15871473360209801291,0.023115557536976583,0.4917672503268112,-3.760145778548971,0.00028627328913135745,0.4815742032313364,0.15805004756670904,28,0.9777388764527187,hybrid,blind_05,0.9795868341821417,36.74188455861135,8.079687290059411,0.8192899284295319,100.0,24.659563729713394,0.0,254.24725,0,0,0,0.0,0.0,1.0,0.0,1.0,0,no,peak_force
adaptive_hybrid,,,blind_05,12532684049207094977,15871473360209801291,0.023115557536976583,0.4917672503268112,-3.760145778548971,0.00028627328913135745,0.4815742032313364,0.15805004756670904,28,0.9777388764527187,adaptive_hybrid,blind_05,0.9789479169633881,36.43726030646985,7.137831649040189,0.8288331575380236,100.0,24.73710976117846,0.0,346.6445,0,0,0,0.0,0.0,1.0,0.0,1.0,0,no,peak_force
safe_adaptive_hybrid,,,blind_05,12532684049207094977,15871473360209801291,0.023115557536976583,0.4917672503268112,-3.760145778548971,0.00028627328913135745,0.4815742032313364,0.15805004756670904,28,0.9777388764527187,safe_adaptive_hybrid,blind_05,0.9304670454143111,38.051466746250966,7.163286506022634,0.8289944571749753,100.0,24.744243437204297,0.0,629.32955,0,0,0,0.0,0.0,1.0,0.0,1.0,0,no,peak_force
torque_residual_run_00,run_00,b37c7ceb9c9191837877fe96d975554ed164a84903691e3f3e9244788a290ddb,blind_05,12532684049207094977,15871473360209801291,0.023115557536976583,0.4917672503268112,-3.760145778548971,0.00028627328913135745,0.4815742032313364,0.15805004756670904,28,0.9777388764527187,torque_residual_run_00,blind_05,1.110835117421623,38.051466746250966,6.725709539909161,0.8183303897183648,100.0,24.817523495345085,0.0,1764.0088,0,226,0,2.7984137906455926,0.0,1.0,0.0,1.0,0,no,peak_force
torque_residual_run_01,run_01,63528b5f5144cfd79c6557c888a487332702b572d71f0314cdc1ae7322f0384b,blind_05,12532684049207094977,15871473360209801291,0.023115557536976583,0.4917672503268112,-3.760145778548971,0.00028627328913135745,0.4815742032313364,0.15805004756670904,28,0.9777388764527187,torque_residual_run_01,blind_05,1.0711037383923858,38.051466746250966,6.666869835275445,0.8169709095884239,100.0,24.803162129023626,0.0,1780.6176999999998,0,226,0,2.4213131057995745,0.0,1.0,0.0,1.0,0,no,peak_force
torque_residual_run_02,run_02,47fb010b562f8d69d5c92eea398c37835d1f11e8015e0669129ff80a807dbfcc,blind_05,12532684049207094977,15871473360209801291,0.023115557536976583,0.4917672503268112,-3.760145778548971,0.00028627328913135745,0.4815742032313364,0.15805004756670904,28,0.9777388764527187,torque_residual_run_02,blind_05,1.0456255174181412,38.051466746250966,6.355514547742078,0.824248030589989,100.0,24.814943361696766,0.0,1765.37695,0,226,0,2.6301987954920825,0.0,1.0,0.0,1.0,0,no,peak_force
torque_residual_run_03,run_03,3f50ce6be439066204dfc37949ce8f27b685a445f7572f8a7e99aaa27d5fc724,blind_05,12532684049207094977,15871473360209801291,0.023115557536976583,0.4917672503268112,-3.760145778548971,0.00028627328913135745,0.4815742032313364,0.15805004756670904,28,0.9777388764527187,torque_residual_run_03,blind_05,1.0735668645700163,38.051466746250966,6.845844045239905,0.8188627448333533,100.0,24.801235886294943,0.0,1759.999,0,226,0,2.2790557092343415,0.0,1.0,0.0,1.0,0,no,peak_force
torque_residual_run_04,run_04,6f01e1bb0eb3c36a43dbf54d6d0da779c57eba9cb18be4027d4f01d38dcee7bc,blind_05,12532684049207094977,15871473360209801291,0.023115557536976583,0.4917672503268112,-3.760145778548971,0.00028627328913135745,0.4815742032313364,0.15805004756670904,28,0.9777388764527187,torque_residual_run_04,blind_05,1.0882171301334629,38.051466746250966,6.938369696632849,0.8190727203322575,100.0,24.808986463563542,0.0,1740.04875,0,226,0,2.410258566121561,0.0,1.0,0.0,1.0,0,no,peak_force
fixed_hybrid,,,blind_06,7882380471846633001,1368606503599248569,0.00662421126353067,0.3806296112965645,-0.39960227709475227,0.0006599826637105619,0.3505657232041277,0.8912615928576342,2,1.0687997156369913,hybrid,blind_06,1.1803569930964557,29.704330622148213,13.336561987405236,2.6304259954340607,100.0,24.779263489832626,0.0,256.86175,0,0,0,0.0,0.0,1.0,0.0,1.0,0,yes,
adaptive_hybrid,,,blind_06,7882380471846633001,1368606503599248569,0.00662421126353067,0.3806296112965645,-0.39960227709475227,0.0006599826637105619,0.3505657232041277,0.8912615928576342,2,1.0687997156369913,adaptive_hybrid,blind_06,1.1017297370895704,31.480950016401728,11.50368046404622,2.6186528571263548,100.0,24.953882357923998,0.0,338.80485000000004,0,0,0,0.0,0.0,1.0,0.0,1.0,0,yes,
safe_adaptive_hybrid,,,blind_06,7882380471846633001,1368606503599248569,0.00662421126353067,0.3806296112965645,-0.39960227709475227,0.0006599826637105619,0.3505657232041277,0.8912615928576342,2,1.0687997156369913,safe_adaptive_hybrid,blind_06,1.1017512027351979,31.481012503669525,11.503702635498232,2.6186519811340583,100.0,24.953883118380077,0.0,626.8182999999999,0,0,0,0.0,0.0,1.0,0.0,1.0,0,yes,
torque_residual_run_00,run_00,b37c7ceb9c9191837877fe96d975554ed164a84903691e3f3e9244788a290ddb,blind_06,7882380471846633001,1368606503599248569,0.00662421126353067,0.3806296112965645,-0.39960227709475227,0.0006599826637105619,0.3505657232041277,0.8912615928576342,2,1.0687997156369913,torque_residual_run_00,blind_06,1.1772280560021997,31.498176020700043,9.153425469247559,2.629417929634769,100.0,25.020797031822,0.0,830.5226,0,226,0,2.9228985938060967,0.0,1.0,0.0,1.0,0,yes,
torque_residual_run_01,run_01,63528b5f5144cfd79c6557c888a487332702b572d71f0314cdc1ae7322f0384b,blind_06,7882380471846633001,1368606503599248569,0.00662421126353067,0.3806296112965645,-0.39960227709475227,0.0006599826637105619,0.3505657232041277,0.8912615928576342,2,1.0687997156369913,torque_residual_run_01,blind_06,1.1210380953464956,32.11987206107348,9.206802031114218,2.631306523564217,100.0,25.00823832784003,0.0,1055.5242,0,226,0,2.5950997943466123,0.0,1.0,0.0,1.0,0,yes,
torque_residual_run_02,run_02,47fb010b562f8d69d5c92eea398c37835d1f11e8015e0669129ff80a807dbfcc,blind_06,7882380471846633001,1368606503599248569,0.00662421126353067,0.3806296112965645,-0.39960227709475227,0.0006599826637105619,0.3505657232041277,0.8912615928576342,2,1.0687997156369913,torque_residual_run_02,blind_06,1.144002417969282,32.13946019361851,9.100714144537069,2.6297748317040104,100.0,25.02860796356207,0.0,991.37035,0,226,0,2.8735210294495626,0.0,1.0,0.0,1.0,0,yes,
torque_residual_run_03,run_03,3f50ce6be439066204dfc37949ce8f27b685a445f7572f8a7e99aaa27d5fc724,blind_06,7882380471846633001,1368606503599248569,0.00662421126353067,0.3806296112965645,-0.39960227709475227,0.0006599826637105619,0.3505657232041277,0.8912615928576342,2,1.0687997156369913,torque_residual_run_03,blind_06,1.1665413347732159,32.85183566915627,9.631020753659636,2.629296719749746,100.0,25.00338023686029,0.0,1789.08955,0,226,0,2.4589884750355373,0.0,1.0,0.0,1.0,0,yes,
torque_residual_run_04,run_04,6f01e1bb0eb3c36a43dbf54d6d0da779c57eba9cb18be4027d4f01d38dcee7bc,blind_06,7882380471846633001,1368606503599248569,0.00662421126353067,0.3806296112965645,-0.39960227709475227,0.0006599826637105619,0.3505657232041277,0.8912615928576342,2,1.0687997156369913,torque_residual_run_04,blind_06,1.1678619392524763,31.57122930465991,9.612353922919738,2.6308857354742803,100.0,25.008368970211414,0.0,1763.8452,0,226,0,2.5635136464221056,0.0,1.0,0.0,1.0,0,yes,
fixed_hybrid,,,blind_07,5165992133808271741,4212905083092472312,0.008709218501211825,0.7089656162958147,-4.050812883991716,0.0007641392127954138,0.43104424212424286,0.7823691600938489,16,1.0971506271953828,hybrid,blind_07,1.2989523436275476,36.51766875740781,19.883796294630837,3.3570355721830363,100.0,23.515831013115893,0.0,255.80335,0,0,0,0.0,0.0,1.0,0.0,1.0,0,no,peak_force;tangent_rmse
adaptive_hybrid,,,blind_07,5165992133808271741,4212905083092472312,0.008709218501211825,0.7089656162958147,-4.050812883991716,0.0007641392127954138,0.43104424212424286,0.7823691600938489,16,1.0971506271953828,adaptive_hybrid,blind_07,1.2805589569242806,36.870594048914654,16.389540042455955,3.351145614366281,100.0,23.646467969198415,0.0,394.4718,0,0,0,0.0,0.0,1.0,0.0,1.0,0,no,peak_force;tangent_rmse
safe_adaptive_hybrid,,,blind_07,5165992133808271741,4212905083092472312,0.008709218501211825,0.7089656162958147,-4.050812883991716,0.0007641392127954138,0.43104424212424286,0.7823691600938489,16,1.0971506271953828,safe_adaptive_hybrid,blind_07,1.2805696092173882,36.8706377266179,16.389561408786335,3.3511448520408393,100.0,23.64646609964242,0.0,620.7569,0,0,0,0.0,0.0,1.0,0.0,1.0,0,no,peak_force;tangent_rmse
torque_residual_run_00,run_00,b37c7ceb9c9191837877fe96d975554ed164a84903691e3f3e9244788a290ddb,blind_07,5165992133808271741,4212905083092472312,0.008709218501211825,0.7089656162958147,-4.050812883991716,0.0007641392127954138,0.43104424212424286,0.7823691600938489,16,1.0971506271953828,torque_residual_run_00,blind_07,1.4278912603681155,38.91708274321995,13.620856938566028,3.354877269569247,100.0,23.676174482450172,0.0,1781.2457499999998,0,226,0,2.891884429211017,0.0,1.0,0.0,1.0,0,no,peak_force
torque_residual_run_01,run_01,63528b5f5144cfd79c6557c888a487332702b572d71f0314cdc1ae7322f0384b,blind_07,5165992133808271741,4212905083092472312,0.008709218501211825,0.7089656162958147,-4.050812883991716,0.0007641392127954138,0.43104424212424286,0.7823691600938489,16,1.0971506271953828,torque_residual_run_01,blind_07,1.2868334258770828,37.652251551815574,13.688828317480102,3.3587296755904323,100.0,23.655298878312482,0.0,898.8552999999998,0,226,0,2.6582360993918503,0.0,1.0,0.0,1.0,0,no,peak_force
torque_residual_run_02,run_02,47fb010b562f8d69d5c92eea398c37835d1f11e8015e0669129ff80a807dbfcc,blind_07,5165992133808271741,4212905083092472312,0.008709218501211825,0.7089656162958147,-4.050812883991716,0.0007641392127954138,0.43104424212424286,0.7823691600938489,16,1.0971506271953828,torque_residual_run_02,blind_07,1.399549812617432,38.55363142498836,13.588967761959669,3.354636244961453,100.0,23.69919175789226,0.0,840.2848499999997,0,226,0,2.958467099177658,0.0,1.0,0.0,1.0,0,no,peak_force
torque_residual_run_03,run_03,3f50ce6be439066204dfc37949ce8f27b685a445f7572f8a7e99aaa27d5fc724,blind_07,5165992133808271741,4212905083092472312,0.008709218501211825,0.7089656162958147,-4.050812883991716,0.0007641392127954138,0.43104424212424286,0.7823691600938489,16,1.0971506271953828,torque_residual_run_03,blind_07,1.3392506969590259,38.97864693057223,13.999132516002794,3.3593528089636036,100.0,23.670786011070792,0.0,838.4931999999999,0,226,0,2.524625058590799,0.0,1.0,0.0,1.0,0,no,peak_force
torque_residual_run_04,run_04,6f01e1bb0eb3c36a43dbf54d6d0da779c57eba9cb18be4027d4f01d38dcee7bc,blind_07,5165992133808271741,4212905083092472312,0.008709218501211825,0.7089656162958147,-4.050812883991716,0.0007641392127954138,0.43104424212424286,0.7823691600938489,16,1.0971506271953828,torque_residual_run_04,blind_07,1.382065406057578,39.2864892200642,13.96286310298476,3.3595092480633992,100.0,23.671601892984334,0.0,944.6626,0,226,0,2.665606834444991,0.0,1.0,0.0,1.0,0,no,peak_force
fixed_hybrid,,,blind_08,16600002752657376626,10536290159291755175,0.007016208392090881,0.48131155904031836,-1.6648454985885959,9.305299730338072e-05,0.1526454320546336,0.20336888310878853,8,1.0174435574240335,hybrid,blind_08,1.0443643731645191,33.12527305548811,10.670194337168677,0.8794880830114927,100.0,24.686891343074443,0.0,203.09689999999998,0,0,0,0.0,0.0,1.0,0.0,1.0,0,yes,
adaptive_hybrid,,,blind_08,16600002752657376626,10536290159291755175,0.007016208392090881,0.48131155904031836,-1.6648454985885959,9.305299730338072e-05,0.1526454320546336,0.20336888310878853,8,1.0174435574240335,adaptive_hybrid,blind_08,1.1200436023185443,32.47748461886431,9.29601921341187,0.8770865634013879,100.0,24.776638955663184,0.0,397.61055,0,0,0,0.0,0.0,1.0,0.0,1.0,0,yes,
safe_adaptive_hybrid,,,blind_08,16600002752657376626,10536290159291755175,0.007016208392090881,0.48131155904031836,-1.6648454985885959,9.305299730338072e-05,0.1526454320546336,0.20336888310878853,8,1.0174435574240335,safe_adaptive_hybrid,blind_08,1.1511221401385214,32.67738321679262,9.296027714196866,0.8770885653457111,100.0,24.776480580504423,0.0,528.88285,0,0,0,0.0,0.0,1.0,0.0,1.0,0,yes,
torque_residual_run_00,run_00,b37c7ceb9c9191837877fe96d975554ed164a84903691e3f3e9244788a290ddb,blind_08,16600002752657376626,10536290159291755175,0.007016208392090881,0.48131155904031836,-1.6648454985885959,9.305299730338072e-05,0.1526454320546336,0.20336888310878853,8,1.0174435574240335,torque_residual_run_00,blind_08,1.230378178089901,33.97271796311356,7.76781280644315,0.8888860935552781,100.0,24.841847161242708,0.0,1228.6092499999995,0,226,0,2.791145333705261,0.0,1.0,0.0,1.0,0,yes,
torque_residual_run_01,run_01,63528b5f5144cfd79c6557c888a487332702b572d71f0314cdc1ae7322f0384b,blind_08,16600002752657376626,10536290159291755175,0.007016208392090881,0.48131155904031836,-1.6648454985885959,9.305299730338072e-05,0.1526454320546336,0.20336888310878853,8,1.0174435574240335,torque_residual_run_01,blind_08,1.236423103465839,34.932425948222125,7.751816599255566,0.8914244217610288,100.0,24.832190845335838,0.0,869.4430999999995,0,226,0,2.4613506243070074,0.0,1.0,0.0,1.0,0,yes,
torque_residual_run_02,run_02,47fb010b562f8d69d5c92eea398c37835d1f11e8015e0669129ff80a807dbfcc,blind_08,16600002752657376626,10536290159291755175,0.007016208392090881,0.48131155904031836,-1.6648454985885959,9.305299730338072e-05,0.1526454320546336,0.20336888310878853,8,1.0174435574240335,torque_residual_run_02,blind_08,1.252049466726607,34.02562966690209,7.526243831993727,0.8940245650982833,100.0,24.850271966606453,0.0,963.3514499999989,0,226,0,2.6962629444781347,0.0,1.0,0.0,1.0,0,yes,
torque_residual_run_03,run_03,3f50ce6be439066204dfc37949ce8f27b685a445f7572f8a7e99aaa27d5fc724,blind_08,16600002752657376626,10536290159291755175,0.007016208392090881,0.48131155904031836,-1.6648454985885959,9.305299730338072e-05,0.1526454320546336,0.20336888310878853,8,1.0174435574240335,torque_residual_run_03,blind_08,1.266502817164019,34.57621657538498,8.120766173589416,0.887275389492259,100.0,24.827378858353118,0.0,870.4430999999998,0,226,0,2.3247570596671467,0.0,1.0,0.0,1.0,0,yes,
torque_residual_run_04,run_04,6f01e1bb0eb3c36a43dbf54d6d0da779c57eba9cb18be4027d4f01d38dcee7bc,blind_08,16600002752657376626,10536290159291755175,0.007016208392090881,0.48131155904031836,-1.6648454985885959,9.305299730338072e-05,0.1526454320546336,0.20336888310878853,8,1.0174435574240335,torque_residual_run_04,blind_08,1.2128561713473036,33.32087042082361,8.13179084399265,0.8895448297143213,100.0,24.828114914955954,0.0,1789.67865,0,226,0,2.445456137218001,0.0,1.0,0.0,1.0,0,yes,
fixed_hybrid,,,blind_09,4727713754755130212,15747546615271449326,0.0041710501005039115,0.45426505110506527,-0.6181777941350273,0.0006262761144560698,0.7632432788305409,0.5656105035430712,6,1.13146470871476,hybrid,blind_09,1.0276550319014401,33.069872988902006,18.58162961345951,4.511448740905724,100.0,24.884001232875328,0.0,256.9903,0,0,0,0.0,0.0,1.0,0.0,1.0,0,no,tangent_rmse
adaptive_hybrid,,,blind_09,4727713754755130212,15747546615271449326,0.0041710501005039115,0.45426505110506527,-0.6181777941350273,0.0006262761144560698,0.7632432788305409,0.5656105035430712,6,1.13146470871476,adaptive_hybrid,blind_09,1.337715335292182,34.67192871006703,15.093861993218326,4.517577881044805,100.0,25.08129074031723,0.0,345.72294999999997,0,0,0,0.0,0.0,1.0,0.0,1.0,0,no,tangent_rmse
safe_adaptive_hybrid,,,blind_09,4727713754755130212,15747546615271449326,0.0041710501005039115,0.45426505110506527,-0.6181777941350273,0.0006262761144560698,0.7632432788305409,0.5656105035430712,6,1.13146470871476,safe_adaptive_hybrid,blind_09,1.3379625789911063,34.677212503924416,15.094092010301106,4.51757196738559,100.0,25.081303868851734,0.0,616.9608,0,0,0,0.0,0.0,1.0,0.0,1.0,0,no,tangent_rmse
torque_residual_run_00,run_00,b37c7ceb9c9191837877fe96d975554ed164a84903691e3f3e9244788a290ddb,blind_09,4727713754755130212,15747546615271449326,0.0041710501005039115,0.45426505110506527,-0.6181777941350273,0.0006262761144560698,0.7632432788305409,0.5656105035430712,6,1.13146470871476,torque_residual_run_00,blind_09,1.4629201159126033,35.50027183152012,12.191842465160434,4.530940499328623,100.0,25.180396041202407,0.0,1528.7882499999994,0,226,0,2.845246934179863,0.0,1.0,0.0,1.0,0,no,peak_force
torque_residual_run_01,run_01,63528b5f5144cfd79c6557c888a487332702b572d71f0314cdc1ae7322f0384b,blind_09,4727713754755130212,15747546615271449326,0.0041710501005039115,0.45426505110506527,-0.6181777941350273,0.0006262761144560698,0.7632432788305409,0.5656105035430712,6,1.13146470871476,torque_residual_run_01,blind_09,1.3851208235066335,34.81426659721657,12.193479644662967,4.533921609612707,100.0,25.17576362586833,0.0,1009.4664499999999,0,226,0,2.6372179171569607,0.0,1.0,0.0,1.0,0,yes,
torque_residual_run_02,run_02,47fb010b562f8d69d5c92eea398c37835d1f11e8015e0669129ff80a807dbfcc,blind_09,4727713754755130212,15747546615271449326,0.0041710501005039115,0.45426505110506527,-0.6181777941350273,0.0006262761144560698,0.7632432788305409,0.5656105035430712,6,1.13146470871476,torque_residual_run_02,blind_09,1.4370812832627817,34.64328179346286,12.25114438003755,4.530192309273802,100.0,25.200271920631163,0.0,1761.48035,0,226,0,2.9276337142127793,0.0,1.0,0.0,1.0,0,yes,
torque_residual_run_03,run_03,3f50ce6be439066204dfc37949ce8f27b685a445f7572f8a7e99aaa27d5fc724,blind_09,4727713754755130212,15747546615271449326,0.0041710501005039115,0.45426505110506527,-0.6181777941350273,0.0006262761144560698,0.7632432788305409,0.5656105035430712,6,1.13146470871476,torque_residual_run_03,blind_09,1.4097553803344298,35.4911425731232,12.602545889339787,4.531364656511787,100.0,25.174838171882257,0.0,849.8648499999999,0,226,0,2.5051914853556725,0.0,1.0,0.0,1.0,0,no,peak_force
torque_residual_run_04,run_04,6f01e1bb0eb3c36a43dbf54d6d0da779c57eba9cb18be4027d4f01d38dcee7bc,blind_09,4727713754755130212,15747546615271449326,0.0041710501005039115,0.45426505110506527,-0.6181777941350273,0.0006262761144560698,0.7632432788305409,0.5656105035430712,6,1.13146470871476,torque_residual_run_04,blind_09,1.3563164873651212,35.2607024355899,12.479380612040185,4.5345445347380195,100.0,25.18296464403052,0.0,856.6572,0,226,0,2.6808362766516356,0.0,1.0,0.0,1.0,0,no,peak_force
fixed_hybrid,,,blind_10,3368952493427191032,13339311572783859749,0.019312563689189932,0.48209191315281674,-1.5528388627172758,0.00038149901618497175,0.6973937351031108,0.28149844820293524,30,0.8734129625636498,hybrid,blind_10,2.0929719571877987,69.15548085026533,7.73784681728862,5.653026062504515,100.0,30.314400885694962,19.68888888888889,223.34849999999997,0,0,0,0.0,0.0,1.0,0.0,1.0,0,no,force_rmse;peak_force;saturation
adaptive_hybrid,,,blind_10,3368952493427191032,13339311572783859749,0.019312563689189932,0.48209191315281674,-1.5528388627172758,0.00038149901618497175,0.6973937351031108,0.28149844820293524,30,0.8734129625636498,adaptive_hybrid,blind_10,2.5536156511850163,59.729600551706035,6.603831166554394,5.640642447908163,100.0,30.537907522404716,20.711111111111112,315.27574999999996,0,0,0,0.0,0.0,1.0,0.0,1.0,0,no,force_rmse;peak_force;saturation
safe_adaptive_hybrid,,,blind_10,3368952493427191032,13339311572783859749,0.019312563689189932,0.48209191315281674,-1.5528388627172758,0.00038149901618497175,0.6973937351031108,0.28149844820293524,30,0.8734129625636498,safe_adaptive_hybrid,blind_10,3.057531496707491,61.12137052520345,7.101267933175772,5.7816132208345286,100.0,28.514945741403473,0.0,565.99475,0,0,0,0.0,0.0,1.0,20.0,0.9684876273520501,0,no,force_rmse;peak_force
torque_residual_run_00,run_00,b37c7ceb9c9191837877fe96d975554ed164a84903691e3f3e9244788a290ddb,blind_10,3368952493427191032,13339311572783859749,0.019312563689189932,0.48209191315281674,-1.5528388627172758,0.00038149901618497175,0.6973937351031108,0.28149844820293524,30,0.8734129625636498,torque_residual_run_00,blind_10,2.797028927721285,61.12137052520345,8.878582923157806,5.797146291820478,100.0,28.637282852602024,0.0,996.5045499999997,0,226,0,1.8427234122991145,15.713301171605789,0.8433162945454494,20.488888888888887,0.9670086640364393,0,no,force_rmse;peak_force
torque_residual_run_01,run_01,63528b5f5144cfd79c6557c888a487332702b572d71f0314cdc1ae7322f0384b,blind_10,3368952493427191032,13339311572783859749,0.019312563689189932,0.48209191315281674,-1.5528388627172758,0.00038149901618497175,0.6973937351031108,0.28149844820293524,30,0.8734129625636498,torque_residual_run_01,blind_10,2.8109525850681063,61.12137052520345,7.9394663345933765,5.801477372163526,100.0,28.5410842115342,0.0,905.2755999999997,0,226,0,1.2854579914713873,11.233631977946244,0.8876636802209267,20.444444444444443,0.9677123614277091,0,no,force_rmse;peak_force
torque_residual_run_02,run_02,47fb010b562f8d69d5c92eea398c37835d1f11e8015e0669129ff80a807dbfcc,blind_10,3368952493427191032,13339311572783859749,0.019312563689189932,0.48209191315281674,-1.5528388627172758,0.00038149901618497175,0.6973937351031108,0.28149844820293524,30,0.8734129625636498,torque_residual_run_02,blind_10,2.795314233309726,61.12137052520345,8.481369525654882,5.802921514842876,100.0,28.59119972300653,0.0,1279.8168499999997,0,226,0,1.601514032675753,11.371467953135769,0.8862853204689038,20.57777777777778,0.9671938421459945,0,no,force_rmse;peak_force
torque_residual_run_03,run_03,3f50ce6be439066204dfc37949ce8f27b685a445f7572f8a7e99aaa27d5fc724,blind_10,3368952493427191032,13339311572783859749,0.019312563689189932,0.48209191315281674,-1.5528388627172758,0.00038149901618497175,0.6973937351031108,0.28149844820293524,30,0.8734129625636498,torque_residual_run_03,blind_10,2.9500002662481895,61.12137052520345,8.278470922793327,5.791792695070655,100.0,28.591894599866972,0.0,1557.6167999999998,0,226,0,1.2713558885948486,15.644383184011026,0.8446543051052295,20.4,0.9674415343748005,0,no,force_rmse;peak_force
torque_residual_run_04,run_04,6f01e1bb0eb3c36a43dbf54d6d0da779c57eba9cb18be4027d4f01d38dcee7bc,blind_10,3368952493427191032,13339311572783859749,0.019312563689189932,0.48209191315281674,-1.5528388627172758,0.00038149901618497175,0.6973937351031108,0.28149844820293524,30,0.8734129625636498,torque_residual_run_04,blind_10,2.816082630765893,61.12137052520345,8.297414092210216,5.797672021382829,100.0,28.562396248279104,0.0,1798.9379499999995,0,226,0,1.387923705221789,15.575465196416264,0.8449554884641355,20.444444444444443,0.9675722602510569,0,no,force_rmse;peak_force
fixed_hybrid,,,blind_11,4985723986314484826,16966187773281696136,0.007872488802930856,0.8490045598535487,2.5242969696187973,0.0007535683766772225,0.5238720430736946,1.1726051722837298,12,0.9559043227961027,hybrid,blind_11,1.768949617707839,42.12413987474532,12.713776227277881,1.8559196662861135,100.0,22.831073455878187,0.0,242.4964,0,0,0,0.0,0.0,1.0,0.0,1.0,0,no,peak_force
adaptive_hybrid,,,blind_11,4985723986314484826,16966187773281696136,0.007872488802930856,0.8490045598535487,2.5242969696187973,0.0007535683766772225,0.5238720430736946,1.1726051722837298,12,0.9559043227961027,adaptive_hybrid,blind_11,1.346464347764789,42.61967330291259,11.658489760771637,1.9008711122383815,100.0,22.904684158459393,0.0,386.50849999999997,0,0,0,0.0,0.0,1.0,0.0,1.0,0,no,peak_force
safe_adaptive_hybrid,,,blind_11,4985723986314484826,16966187773281696136,0.007872488802930856,0.8490045598535487,2.5242969696187973,0.0007535683766772225,0.5238720430736946,1.1726051722837298,12,0.9559043227961027,safe_adaptive_hybrid,blind_11,1.373831768235474,42.82248629790654,11.65425375799748,1.901531714049866,100.0,22.897546215462125,0.0,631.9109000000001,0,0,0,0.0,0.0,1.0,0.0,1.0,0,no,peak_force
torque_residual_run_00,run_00,b37c7ceb9c9191837877fe96d975554ed164a84903691e3f3e9244788a290ddb,blind_11,4985723986314484826,16966187773281696136,0.007872488802930856,0.8490045598535487,2.5242969696187973,0.0007535683766772225,0.5238720430736946,1.1726051722837298,12,0.9559043227961027,torque_residual_run_00,blind_11,1.4516894529325057,44.299473115805455,10.540457861109829,1.8968358941022954,100.0,22.82855238969554,0.0,895.1515999999999,0,226,0,2.687567789926411,0.0,1.0,0.0,1.0,0,no,peak_force
torque_residual_run_01,run_01,63528b5f5144cfd79c6557c888a487332702b572d71f0314cdc1ae7322f0384b,blind_11,4985723986314484826,16966187773281696136,0.007872488802930856,0.8490045598535487,2.5242969696187973,0.0007535683766772225,0.5238720430736946,1.1726051722837298,12,0.9559043227961027,torque_residual_run_01,blind_11,1.4248827438868792,42.30927104065344,10.689608692423938,1.8941994428373228,100.0,22.839398992716067,0.0,1751.7937499999998,0,226,0,2.3895769355617085,0.0,1.0,0.0,1.0,0,no,peak_force
torque_residual_run_02,run_02,47fb010b562f8d69d5c92eea398c37835d1f11e8015e0669129ff80a807dbfcc,blind_11,4985723986314484826,16966187773281696136,0.007872488802930856,0.8490045598535487,2.5242969696187973,0.0007535683766772225,0.5238720430736946,1.1726051722837298,12,0.9559043227961027,torque_residual_run_02,blind_11,1.429067170783521,43.45202537767783,10.138575835301772,1.8957159311991796,100.0,22.86438005451751,0.0,929.3771999999998,0,226,0,2.544539650230372,0.0,1.0,0.0,1.0,0,no,peak_force
torque_residual_run_03,run_03,3f50ce6be439066204dfc37949ce8f27b685a445f7572f8a7e99aaa27d5fc724,blind_11,4985723986314484826,16966187773281696136,0.007872488802930856,0.8490045598535487,2.5242969696187973,0.0007535683766772225,0.5238720430736946,1.1726051722837298,12,0.9559043227961027,torque_residual_run_03,blind_11,1.3769938534209378,42.53828230473841,10.859814124911319,1.8967876783376934,100.0,22.841270941231702,0.0,912.7592999999996,0,226,0,2.245401516493172,0.0,1.0,0.0,1.0,0,no,peak_force
torque_residual_run_04,run_04,6f01e1bb0eb3c36a43dbf54d6d0da779c57eba9cb18be4027d4f01d38dcee7bc,blind_11,4985723986314484826,16966187773281696136,0.007872488802930856,0.8490045598535487,2.5242969696187973,0.0007535683766772225,0.5238720430736946,1.1726051722837298,12,0.9559043227961027,torque_residual_run_04,blind_11,1.4707164191015505,45.86036165612191,10.924911855332596,1.8930170907515895,100.0,22.86256093260693,0.0,1764.8519000000001,0,226,0,2.4435537211877967,0.0,1.0,0.0,1.0,0,no,peak_force
fixed_hybrid,,,blind_12,6318558907587832529,9857423924251884370,0.0065819650790344105,0.39636482625739833,-3.4336152636518227,0.0007145878001597231,0.6571217917713003,0.5086082594887484,6,1.1104819669584498,hybrid,blind_12,0.9886273407901202,30.840933708381037,16.701899969462534,3.9129137756737635,100.0,24.8843333329223,0.0,214.19365,0,0,0,0.0,0.0,1.0,0.0,1.0,0,no,tangent_rmse
adaptive_hybrid,,,blind_12,6318558907587832529,9857423924251884370,0.0065819650790344105,0.39636482625739833,-3.4336152636518227,0.0007145878001597231,0.6571217917713003,0.5086082594887484,6,1.1104819669584498,adaptive_hybrid,blind_12,1.1117318730538903,32.38439510808845,13.625734200372511,3.9163482050742995,100.0,25.04763376400321,0.0,344.08164999999997,0,0,0,0.0,0.0,1.0,0.0,1.0,0,yes,
safe_adaptive_hybrid,,,blind_12,6318558907587832529,9857423924251884370,0.0065819650790344105,0.39636482625739833,-3.4336152636518227,0.0007145878001597231,0.6571217917713003,0.5086082594887484,6,1.1104819669584498,safe_adaptive_hybrid,blind_12,1.1119752208463893,32.38509826577407,13.625966014407828,3.9163399510695647,100.0,25.0476364490992,0.0,630.03855,0,0,0,0.0,0.0,1.0,0.0,1.0,0,yes,
torque_residual_run_00,run_00,b37c7ceb9c9191837877fe96d975554ed164a84903691e3f3e9244788a290ddb,blind_12,6318558907587832529,9857423924251884370,0.0065819650790344105,0.39636482625739833,-3.4336152636518227,0.0007145878001597231,0.6571217917713003,0.5086082594887484,6,1.1104819669584498,torque_residual_run_00,blind_12,1.250653966735681,32.89875577712633,10.978234451370936,3.9291955520752384,100.0,25.16097084865222,0.0,1781.63845,0,226,0,2.8771102595970457,0.0,1.0,0.0,1.0,0,yes,
torque_residual_run_01,run_01,63528b5f5144cfd79c6557c888a487332702b572d71f0314cdc1ae7322f0384b,blind_12,6318558907587832529,9857423924251884370,0.0065819650790344105,0.39636482625739833,-3.4336152636518227,0.0007145878001597231,0.6571217917713003,0.5086082594887484,6,1.1104819669584498,torque_residual_run_01,blind_12,1.142157368196194,32.674010337152026,10.955979772497239,3.9328083684860586,100.0,25.147885994664442,0.0,1741.63105,0,226,0,2.6375343428327223,0.0,1.0,0.0,1.0,0,yes,
torque_residual_run_02,run_02,47fb010b562f8d69d5c92eea398c37835d1f11e8015e0669129ff80a807dbfcc,blind_12,6318558907587832529,9857423924251884370,0.0065819650790344105,0.39636482625739833,-3.4336152636518227,0.0007145878001597231,0.6571217917713003,0.5086082594887484,6,1.1104819669584498,torque_residual_run_02,blind_12,1.2929377715171968,32.56213048081719,11.034978507802228,3.9280580586291687,100.0,25.183947711718975,0.0,909.3529999999997,0,226,0,2.9176901790073106,0.0,1.0,0.0,1.0,0,yes,
torque_residual_run_03,run_03,3f50ce6be439066204dfc37949ce8f27b685a445f7572f8a7e99aaa27d5fc724,blind_12,6318558907587832529,9857423924251884370,0.0065819650790344105,0.39636482625739833,-3.4336152636518227,0.0007145878001597231,0.6571217917713003,0.5086082594887484,6,1.1104819669584498,torque_residual_run_03,blind_12,1.2750191989174697,32.07668537846323,11.473877900290445,3.926901168223888,100.0,25.153631315405114,0.0,937.6845999999997,0,226,0,2.4869026590621304,0.0,1.0,0.0,1.0,0,yes,
torque_residual_run_04,run_04,6f01e1bb0eb3c36a43dbf54d6d0da779c57eba9cb18be4027d4f01d38dcee7bc,blind_12,6318558907587832529,9857423924251884370,0.0065819650790344105,0.39636482625739833,-3.4336152636518227,0.0007145878001597231,0.6571217917713003,0.5086082594887484,6,1.1104819669584498,torque_residual_run_04,blind_12,1.2303376737910583,33.206081412565325,11.352743272495122,3.9302623485527404,100.0,25.154295177618966,0.0,1774.2486,0,226,0,2.635789320195769,0.0,1.0,0.0,1.0,0,yes,
fixed_hybrid,,,blind_13,2266360856331028307,12597869848009870893,0.015415989907174472,0.8433735175381738,3.2865572778616663,4.4609312243892864e-05,0.329215408151071,1.069208373590893,22,1.1070555113477305,hybrid,blind_13,1.1855598711141213,31.48876320801522,22.883591702251344,3.573784588250346,100.0,22.85183887524864,0.0,256.14775,0,0,0,0.0,0.0,1.0,0.0,1.0,0,no,tangent_rmse
adaptive_hybrid,,,blind_13,2266360856331028307,12597869848009870893,0.015415989907174472,0.8433735175381738,3.2865572778616663,4.4609312243892864e-05,0.329215408151071,1.069208373590893,22,1.1070555113477305,adaptive_hybrid,blind_13,1.408161480901225,33.65353343837959,19.348746179754055,3.553474604369576,100.0,22.995373926264634,0.0,386.9525,0,0,0,0.0,0.0,1.0,0.0,1.0,0,no,tangent_rmse
safe_adaptive_hybrid,,,blind_13,2266360856331028307,12597869848009870893,0.015415989907174472,0.8433735175381738,3.2865572778616663,4.4609312243892864e-05,0.329215408151071,1.069208373590893,22,1.1070555113477305,safe_adaptive_hybrid,blind_13,1.408161480901225,33.65353343837959,19.348746179754055,3.553474604369576,100.0,22.995373926264634,0.0,601.68655,0,0,0,0.0,0.0,1.0,0.0,1.0,0,no,tangent_rmse
torque_residual_run_00,run_00,b37c7ceb9c9191837877fe96d975554ed164a84903691e3f3e9244788a290ddb,blind_13,2266360856331028307,12597869848009870893,0.015415989907174472,0.8433735175381738,3.2865572778616663,4.4609312243892864e-05,0.329215408151071,1.069208373590893,22,1.1070555113477305,torque_residual_run_00,blind_13,1.6281779925769098,35.526198652583695,16.531587988090216,3.5512123960448587,100.0,22.957646161247695,0.0,1811.0282499999998,0,226,0,2.869413313220861,0.0,1.0,0.0,1.0,0,no,peak_force;tangent_rmse
torque_residual_run_01,run_01,63528b5f5144cfd79c6557c888a487332702b572d71f0314cdc1ae7322f0384b,blind_13,2266360856331028307,12597869848009870893,0.015415989907174472,0.8433735175381738,3.2865572778616663,4.4609312243892864e-05,0.329215408151071,1.069208373590893,22,1.1070555113477305,torque_residual_run_01,blind_13,1.5070029250334587,34.423652259965884,16.581758398545333,3.5555997379466895,100.0,22.94079292244938,0.0,1059.7269999999994,0,226,0,2.716617623525894,0.0,1.0,0.0,1.0,0,no,tangent_rmse
torque_residual_run_02,run_02,47fb010b562f8d69d5c92eea398c37835d1f11e8015e0669129ff80a807dbfcc,blind_13,2266360856331028307,12597869848009870893,0.015415989907174472,0.8433735175381738,3.2865572778616663,4.4609312243892864e-05,0.329215408151071,1.069208373590893,22,1.1070555113477305,torque_residual_run_02,blind_13,1.6617388559671902,35.319275527304924,16.432223857172534,3.550125567587961,100.0,22.97749702464602,0.0,1760.6585499999999,0,226,0,3.0235913929039206,0.0,1.0,0.0,1.0,0,no,peak_force;tangent_rmse
torque_residual_run_03,run_03,3f50ce6be439066204dfc37949ce8f27b685a445f7572f8a7e99aaa27d5fc724,blind_13,2266360856331028307,12597869848009870893,0.015415989907174472,0.8433735175381738,3.2865572778616663,4.4609312243892864e-05,0.329215408151071,1.069208373590893,22,1.1070555113477305,torque_residual_run_03,blind_13,1.6045349838100362,34.70413227707278,16.965017497009214,3.555745683361129,100.0,22.979561882800176,0.0,1775.1389,0,226,0,2.576604641182327,0.0,1.0,0.0,1.0,0,no,tangent_rmse
torque_residual_run_04,run_04,6f01e1bb0eb3c36a43dbf54d6d0da779c57eba9cb18be4027d4f01d38dcee7bc,blind_13,2266360856331028307,12597869848009870893,0.015415989907174472,0.8433735175381738,3.2865572778616663,4.4609312243892864e-05,0.329215408151071,1.069208373590893,22,1.1070555113477305,torque_residual_run_04,blind_13,1.68172404571934,35.43091355215781,16.91173007716667,3.555781080523381,100.0,22.95229566058134,0.0,1803.88925,0,226,0,2.7060150777851613,0.0,1.0,0.0,1.0,0,no,peak_force;tangent_rmse
fixed_hybrid,,,blind_14,5664699892553429415,5312467931942670508,0.004654804335472576,0.2999232041657994,1.5449679001163403,0.0003717237467944,0.6611958875353829,1.1178182705029949,2,1.1454224773775412,hybrid,blind_14,0.9939263625047824,31.967133420663956,19.79563520565681,4.900648044424785,100.0,24.89865103198117,0.0,261.07685,0,0,0,0.0,0.0,1.0,0.0,1.0,0,no,tangent_rmse
adaptive_hybrid,,,blind_14,5664699892553429415,5312467931942670508,0.004654804335472576,0.2999232041657994,1.5449679001163403,0.0003717237467944,0.6611958875353829,1.1178182705029949,2,1.1454224773775412,adaptive_hybrid,blind_14,1.7131590161954653,32.8401414637421,16.350556426674757,4.899951114682212,100.0,25.168289849681805,0.0,390.1032,0,0,0,0.0,0.0,1.0,0.0,1.0,0,no,tangent_rmse
safe_adaptive_hybrid,,,blind_14,5664699892553429415,5312467931942670508,0.004654804335472576,0.2999232041657994,1.5449679001163403,0.0003717237467944,0.6611958875353829,1.1178182705029949,2,1.1454224773775412,safe_adaptive_hybrid,blind_14,1.7131590161954653,32.8401414637421,16.350556426674757,4.899951114682212,100.0,25.168289849681805,0.0,618.01545,0,0,0,0.0,0.0,1.0,0.0,1.0,0,no,tangent_rmse
torque_residual_run_00,run_00,b37c7ceb9c9191837877fe96d975554ed164a84903691e3f3e9244788a290ddb,blind_14,5664699892553429415,5312467931942670508,0.004654804335472576,0.2999232041657994,1.5449679001163403,0.0003717237467944,0.6611958875353829,1.1178182705029949,2,1.1454224773775412,torque_residual_run_00,blind_14,1.892054698167283,32.8401414637421,13.275941523296767,4.9148109756154215,100.0,25.271904280623765,0.0,890.0722499999999,0,226,0,2.8450821612657275,0.0,1.0,0.0,1.0,0,yes,
torque_residual_run_01,run_01,63528b5f5144cfd79c6557c888a487332702b572d71f0314cdc1ae7322f0384b,blind_14,5664699892553429415,5312467931942670508,0.004654804335472576,0.2999232041657994,1.5449679001163403,0.0003717237467944,0.6611958875353829,1.1178182705029949,2,1.1454224773775412,torque_residual_run_01,blind_14,1.8082438880568101,32.8401414637421,13.268512031699615,4.917400239646275,100.0,25.262929132446168,0.0,572.4395499999999,0,226,0,2.678186784084071,0.0,1.0,0.0,1.0,0,yes,
torque_residual_run_02,run_02,47fb010b562f8d69d5c92eea398c37835d1f11e8015e0669129ff80a807dbfcc,blind_14,5664699892553429415,5312467931942670508,0.004654804335472576,0.2999232041657994,1.5449679001163403,0.0003717237467944,0.6611958875353829,1.1178182705029949,2,1.1454224773775412,torque_residual_run_02,blind_14,1.896089021244703,33.91375159400151,13.351696559383177,4.914636589344475,100.0,25.297225740536494,0.0,565.47285,0,226,0,2.9715040212808743,0.0,1.0,0.0,1.0,0,yes,
torque_residual_run_03,run_03,3f50ce6be439066204dfc37949ce8f27b685a445f7572f8a7e99aaa27d5fc724,blind_14,5664699892553429415,5312467931942670508,0.004654804335472576,0.2999232041657994,1.5449679001163403,0.0003717237467944,0.6611958875353829,1.1178182705029949,2,1.1454224773775412,torque_residual_run_03,blind_14,1.8301534817064191,32.8401414637421,13.652372778124343,4.915970501295154,100.0,25.259753837421332,0.0,559.43405,0,226,0,2.5594839498928605,0.0,1.0,0.0,1.0,0,yes,
torque_residual_run_04,run_04,6f01e1bb0eb3c36a43dbf54d6d0da779c57eba9cb18be4027d4f01d38dcee7bc,blind_14,5664699892553429415,5312467931942670508,0.004654804335472576,0.2999232041657994,1.5449679001163403,0.0003717237467944,0.6611958875353829,1.1178182705029949,2,1.1454224773775412,torque_residual_run_04,blind_14,1.868153983591171,32.8401414637421,13.586319295124799,4.9161089882464575,100.0,25.258625032839525,0.0,561.4730999999999,0,226,0,2.710958119914153,0.0,1.0,0.0,1.0,0,yes,
fixed_hybrid,,,blind_15,15748750016057923799,3707057713348697014,0.007535274025197461,0.26413850962938434,-5.063197187021989,0.0005912534706768762,0.3445615805241604,1.1092342147790974,20,0.9571450699727163,hybrid,blind_15,1.491034793827705,30.843469761028103,6.516824788498957,1.5828636599620571,100.0,24.733962643390882,0.0,85.75945,0,0,0,0.0,0.0,1.0,0.0,1.0,0,yes,
adaptive_hybrid,,,blind_15,15748750016057923799,3707057713348697014,0.007535274025197461,0.26413850962938434,-5.063197187021989,0.0005912534706768762,0.3445615805241604,1.1092342147790974,20,0.9571450699727163,adaptive_hybrid,blind_15,1.024316338915723,31.269770902182184,6.3342552503472,1.603921347053389,100.0,24.890089201993483,0.0,140.65494999999999,0,0,0,0.0,0.0,1.0,0.0,1.0,0,yes,
safe_adaptive_hybrid,,,blind_15,15748750016057923799,3707057713348697014,0.007535274025197461,0.26413850962938434,-5.063197187021989,0.0005912534706768762,0.3445615805241604,1.1092342147790974,20,0.9571450699727163,safe_adaptive_hybrid,blind_15,1.0695614160420677,31.046849865527655,6.330246040570141,1.604400364637905,100.0,24.886832728794467,0.0,210.4846,0,0,0,0.0,0.0,1.0,0.0,1.0,0,yes,
torque_residual_run_00,run_00,b37c7ceb9c9191837877fe96d975554ed164a84903691e3f3e9244788a290ddb,blind_15,15748750016057923799,3707057713348697014,0.007535274025197461,0.26413850962938434,-5.063197187021989,0.0005912534706768762,0.3445615805241604,1.1092342147790974,20,0.9571450699727163,torque_residual_run_00,blind_15,1.1302914725183935,33.08051376300081,6.934943652284252,1.5874094568691888,100.0,24.962595361882098,0.0,569.92195,0,226,0,2.761771880726696,0.0,1.0,0.0,1.0,0,yes,
torque_residual_run_01,run_01,63528b5f5144cfd79c6557c888a487332702b572d71f0314cdc1ae7322f0384b,blind_15,15748750016057923799,3707057713348697014,0.007535274025197461,0.26413850962938434,-5.063197187021989,0.0005912534706768762,0.3445615805241604,1.1092342147790974,20,0.9571450699727163,torque_residual_run_01,blind_15,1.155104007365825,33.644206627836944,6.6707010045043225,1.586442301954676,100.0,24.951923307152967,0.0,553.53905,0,226,0,2.351972536325849,0.0,1.0,0.0,1.0,0,yes,
torque_residual_run_02,run_02,47fb010b562f8d69d5c92eea398c37835d1f11e8015e0669129ff80a807dbfcc,blind_15,15748750016057923799,3707057713348697014,0.007535274025197461,0.26413850962938434,-5.063197187021989,0.0005912534706768762,0.3445615805241604,1.1092342147790974,20,0.9571450699727163,torque_residual_run_02,blind_15,1.1519617659156294,34.54475810253367,6.497092205059728,1.5906923872850667,100.0,24.96850153266703,0.0,557.2098000000001,0,226,0,2.507268551813537,0.0,1.0,0.0,1.0,0,yes,
torque_residual_run_03,run_03,3f50ce6be439066204dfc37949ce8f27b685a445f7572f8a7e99aaa27d5fc724,blind_15,15748750016057923799,3707057713348697014,0.007535274025197461,0.26413850962938434,-5.063197187021989,0.0005912534706768762,0.3445615805241604,1.1092342147790974,20,0.9571450699727163,torque_residual_run_03,blind_15,1.103402353572794,33.86576409356169,6.796578087977077,1.591081147400693,100.0,24.949218855234037,0.0,558.1713,0,226,0,2.213083010624724,0.0,1.0,0.0,1.0,0,yes,
torque_residual_run_04,run_04,6f01e1bb0eb3c36a43dbf54d6d0da779c57eba9cb18be4027d4f01d38dcee7bc,blind_15,15748750016057923799,3707057713348697014,0.007535274025197461,0.26413850962938434,-5.063197187021989,0.0005912534706768762,0.3445615805241604,1.1092342147790974,20,0.9571450699727163,torque_residual_run_04,blind_15,1.1677238255768145,33.89980591131112,6.92871562162145,1.5896357011007458,100.0,24.956795659871315,0.0,562.17185,0,226,0,2.360973527809352,0.0,1.0,0.0,1.0,0,yes,
fixed_hybrid,,,blind_16,4056667601886005393,10980054781970848270,0.010217468921765564,0.8843111159628128,0.38117059350462057,0.0003175032718914464,0.2891616405253788,-0.12130118306440774,4,0.9602685061886037,hybrid,blind_16,1.2705884185188039,40.90905192682706,15.326823762719217,1.7533852771206437,100.0,22.567299089635906,0.0,93.32434999999998,0,0,0,0.0,0.0,1.0,0.0,1.0,0,no,peak_force;tangent_rmse
adaptive_hybrid,,,blind_16,4056667601886005393,10980054781970848270,0.010217468921765564,0.8843111159628128,0.38117059350462057,0.0003175032718914464,0.2891616405253788,-0.12130118306440774,4,0.9602685061886037,adaptive_hybrid,blind_16,1.327089426089589,41.68460266335636,12.533161498256854,1.7426706720371592,100.0,22.709549127933386,0.0,130.81615,0,0,0,0.0,0.0,1.0,0.0,1.0,0,no,peak_force
safe_adaptive_hybrid,,,blind_16,4056667601886005393,10980054781970848270,0.010217468921765564,0.8843111159628128,0.38117059350462057,0.0003175032718914464,0.2891616405253788,-0.12130118306440774,4,0.9602685061886037,safe_adaptive_hybrid,blind_16,1.3406660891817022,41.45575089517458,12.531491550540505,1.7418683337948215,100.0,22.71683768845581,0.0,213.71065,0,0,0,0.0,0.0,1.0,0.0,1.0,0,no,peak_force
torque_residual_run_00,run_00,b37c7ceb9c9191837877fe96d975554ed164a84903691e3f3e9244788a290ddb,blind_16,4056667601886005393,10980054781970848270,0.010217468921765564,0.8843111159628128,0.38117059350462057,0.0003175032718914464,0.2891616405253788,-0.12130118306440774,4,0.9602685061886037,torque_residual_run_00,blind_16,1.3616974386462866,43.53644609402782,11.337739364197699,1.7441190915463933,100.0,22.61700577369247,0.0,556.5560999999999,0,226,0,2.772432383932149,0.0,1.0,0.0,1.0,0,no,peak_force
torque_residual_run_01,run_01,63528b5f5144cfd79c6557c888a487332702b572d71f0314cdc1ae7322f0384b,blind_16,4056667601886005393,10980054781970848270,0.010217468921765564,0.8843111159628128,0.38117059350462057,0.0003175032718914464,0.2891616405253788,-0.12130118306440774,4,0.9602685061886037,torque_residual_run_01,blind_16,1.311802983754242,40.48241006882554,11.512992140627002,1.738796818231399,100.0,22.643011174012305,0.0,580.5055,0,226,0,2.44321738253269,0.0,1.0,0.0,1.0,0,no,peak_force
torque_residual_run_02,run_02,47fb010b562f8d69d5c92eea398c37835d1f11e8015e0669129ff80a807dbfcc,blind_16,4056667601886005393,10980054781970848270,0.010217468921765564,0.8843111159628128,0.38117059350462057,0.0003175032718914464,0.2891616405253788,-0.12130118306440774,4,0.9602685061886037,torque_residual_run_02,blind_16,1.4001309125850099,41.14796262115456,10.947862100515776,1.7426762138130698,100.0,22.643423252245583,0.0,574.353,0,226,0,2.6039728374781834,0.0,1.0,0.0,1.0,0,no,peak_force
torque_residual_run_03,run_03,3f50ce6be439066204dfc37949ce8f27b685a445f7572f8a7e99aaa27d5fc724,blind_16,4056667601886005393,10980054781970848270,0.010217468921765564,0.8843111159628128,0.38117059350462057,0.0003175032718914464,0.2891616405253788,-0.12130118306440774,4,0.9602685061886037,torque_residual_run_03,blind_16,1.3756411422626704,41.29219089784508,11.657665334806644,1.7418102447818222,100.0,22.638780979562387,0.0,558.03155,0,226,0,2.2734156002678594,0.0,1.0,0.0,1.0,0,no,peak_force
torque_residual_run_04,run_04,6f01e1bb0eb3c36a43dbf54d6d0da779c57eba9cb18be4027d4f01d38dcee7bc,blind_16,4056667601886005393,10980054781970848270,0.010217468921765564,0.8843111159628128,0.38117059350462057,0.0003175032718914464,0.2891616405253788,-0.12130118306440774,4,0.9602685061886037,torque_residual_run_04,blind_16,1.3128895770068119,41.30576650683673,11.762202558259116,1.7369673973606823,100.0,22.668971530718466,0.0,562.1800000000001,0,226,0,2.4483623206906437,0.0,1.0,0.0,1.0,0,no,peak_force
fixed_hybrid,,,blind_17,3432959117752328276,7757180170299390242,0.022477533972375962,0.583153821170991,1.683936423845184,0.0005182909150516601,0.24600350267067408,-1.0535521800532224,8,0.9842327263720254,hybrid,blind_17,1.3769300912711264,26.74987333745061,11.754249618156301,0.648275654215631,100.0,24.21556447468231,0.0,101.16124999999997,0,0,0,0.0,0.0,1.0,0.0,1.0,0,yes,
adaptive_hybrid,,,blind_17,3432959117752328276,7757180170299390242,0.022477533972375962,0.583153821170991,1.683936423845184,0.0005182909150516601,0.24600350267067408,-1.0535521800532224,8,0.9842327263720254,adaptive_hybrid,blind_17,0.9870424934493816,26.826628401605742,9.355314756282745,0.6371592680460578,100.0,24.24140575571598,0.0,135.07279999999997,0,0,0,0.0,0.0,1.0,0.0,1.0,0,yes,
safe_adaptive_hybrid,,,blind_17,3432959117752328276,7757180170299390242,0.022477533972375962,0.583153821170991,1.683936423845184,0.0005182909150516601,0.24600350267067408,-1.0535521800532224,8,0.9842327263720254,safe_adaptive_hybrid,blind_17,0.9564837963421284,26.847029032867194,9.36041725193458,0.6370409543080563,100.0,24.244536458360677,0.0,244.47435,0,0,0,0.0,0.0,1.0,0.0,1.0,0,yes,
torque_residual_run_00,run_00,b37c7ceb9c9191837877fe96d975554ed164a84903691e3f3e9244788a290ddb,blind_17,3432959117752328276,7757180170299390242,0.022477533972375962,0.583153821170991,1.683936423845184,0.0005182909150516601,0.24600350267067408,-1.0535521800532224,8,0.9842327263720254,torque_residual_run_00,blind_17,1.1214706457059307,27.327688985488606,8.300226911024902,0.6281563476745117,100.0,24.254128753575404,0.0,621.79625,0,226,0,2.7892646205392375,0.0,1.0,0.0,1.0,0,yes,
torque_residual_run_01,run_01,63528b5f5144cfd79c6557c888a487332702b572d71f0314cdc1ae7322f0384b,blind_17,3432959117752328276,7757180170299390242,0.022477533972375962,0.583153821170991,1.683936423845184,0.0005182909150516601,0.24600350267067408,-1.0535521800532224,8,0.9842327263720254,torque_residual_run_01,blind_17,1.0366439602340445,27.33479320507161,8.363163249861929,0.6262390111405008,100.0,24.252424618894256,0.0,592.5061999999999,0,226,0,2.420352300823046,0.0,1.0,0.0,1.0,0,yes,
torque_residual_run_02,run_02,47fb010b562f8d69d5c92eea398c37835d1f11e8015e0669129ff80a807dbfcc,blind_17,3432959117752328276,7757180170299390242,0.022477533972375962,0.583153821170991,1.683936423845184,0.0005182909150516601,0.24600350267067408,-1.0535521800532224,8,0.9842327263720254,torque_residual_run_02,blind_17,1.1259708106159592,27.606561107144035,7.984004155314282,0.6347512129169901,100.0,24.273973429084275,0.0,594.6714999999999,0,226,0,2.640844935116833,0.0,1.0,0.0,1.0,0,yes,
torque_residual_run_03,run_03,3f50ce6be439066204dfc37949ce8f27b685a445f7572f8a7e99aaa27d5fc724,blind_17,3432959117752328276,7757180170299390242,0.022477533972375962,0.583153821170991,1.683936423845184,0.0005182909150516601,0.24600350267067408,-1.0535521800532224,8,0.9842327263720254,torque_residual_run_03,blind_17,1.1034005629724732,26.717339127772355,8.617571035711807,0.6293228132552415,100.0,24.26122785808642,0.0,598.50725,0,226,0,2.276300214642542,0.0,1.0,0.0,1.0,0,yes,
torque_residual_run_04,run_04,6f01e1bb0eb3c36a43dbf54d6d0da779c57eba9cb18be4027d4f01d38dcee7bc,blind_17,3432959117752328276,7757180170299390242,0.022477533972375962,0.583153821170991,1.683936423845184,0.0005182909150516601,0.24600350267067408,-1.0535521800532224,8,0.9842327263720254,torque_residual_run_04,blind_17,1.1686326932351982,27.68424231931674,8.663991511627476,0.6290939850769165,100.0,24.265786198201294,0.0,592.5093499999999,0,226,0,2.4204383227493835,0.0,1.0,0.0,1.0,0,yes,
fixed_hybrid,,,blind_18,8441190078041215819,12461033608959630947,0.014585211592838694,0.8609224446674606,5.075434237450679,0.0005018259231004893,0.26975785435105554,-1.351131333853319,0,1.1083753115410402,hybrid,blind_18,1.8743343725481174,33.966420541920726,26.324238787699773,3.530645863621444,100.0,22.61899351041137,0.0,102.6732,0,0,0,0.0,0.0,1.0,0.0,1.0,0,no,tangent_rmse
adaptive_hybrid,,,blind_18,8441190078041215819,12461033608959630947,0.014585211592838694,0.8609224446674606,5.075434237450679,0.0005018259231004893,0.26975785435105554,-1.351131333853319,0,1.1083753115410402,adaptive_hybrid,blind_18,1.2835419881813375,34.636692058042016,20.24300754716575,3.582733230321752,100.0,22.782284929787973,0.0,155.97835,0,0,0,0.0,0.0,1.0,0.0,1.0,0,no,tangent_rmse
safe_adaptive_hybrid,,,blind_18,8441190078041215819,12461033608959630947,0.014585211592838694,0.8609224446674606,5.075434237450679,0.0005018259231004893,0.26975785435105554,-1.351131333853319,0,1.1083753115410402,safe_adaptive_hybrid,blind_18,1.2835419881813375,34.636692058042016,20.24300754716575,3.582733230321752,100.0,22.782284929787973,0.0,257.8764,0,0,0,0.0,0.0,1.0,0.0,1.0,0,no,tangent_rmse
torque_residual_run_00,run_00,b37c7ceb9c9191837877fe96d975554ed164a84903691e3f3e9244788a290ddb,blind_18,8441190078041215819,12461033608959630947,0.014585211592838694,0.8609224446674606,5.075434237450679,0.0005018259231004893,0.26975785435105554,-1.351131333853319,0,1.1083753115410402,torque_residual_run_00,blind_18,1.4645948554405137,34.24597427548982,17.418393869081545,3.58006722862755,100.0,22.74626300041848,0.0,584.23325,0,226,0,2.9428057792366293,0.0,1.0,0.0,1.0,0,no,tangent_rmse
torque_residual_run_01,run_01,63528b5f5144cfd79c6557c888a487332702b572d71f0314cdc1ae7322f0384b,blind_18,8441190078041215819,12461033608959630947,0.014585211592838694,0.8609224446674606,5.075434237450679,0.0005018259231004893,0.26975785435105554,-1.351131333853319,0,1.1083753115410402,torque_residual_run_01,blind_18,1.3142319868842691,34.15695872115757,17.46423705918207,3.5857905499130025,100.0,22.733517043812498,0.0,606.41075,0,226,0,2.7334582092561712,0.0,1.0,0.0,1.0,0,no,tangent_rmse
torque_residual_run_02,run_02,47fb010b562f8d69d5c92eea398c37835d1f11e8015e0669129ff80a807dbfcc,blind_18,8441190078041215819,12461033608959630947,0.014585211592838694,0.8609224446674606,5.075434237450679,0.0005018259231004893,0.26975785435105554,-1.351131333853319,0,1.1083753115410402,torque_residual_run_02,blind_18,1.5016557141224858,34.4790064974272,17.30282664593923,3.580014983030656,100.0,22.773711198457118,0.0,601.7443999999999,0,226,0,3.0837123007178917,0.0,1.0,0.0,1.0,0,no,tangent_rmse
torque_residual_run_03,run_03,3f50ce6be439066204dfc37949ce8f27b685a445f7572f8a7e99aaa27d5fc724,blind_18,8441190078041215819,12461033608959630947,0.014585211592838694,0.8609224446674606,5.075434237450679,0.0005018259231004893,0.26975785435105554,-1.351131333853319,0,1.1083753115410402,torque_residual_run_03,blind_18,1.4205477885822273,35.12911473616517,17.892067694661012,3.5838197915725925,100.0,22.765747493669792,0.0,627.2252999999998,0,226,0,2.6044309517807216,0.0,1.0,0.0,1.0,0,no,peak_force;tangent_rmse
torque_residual_run_04,run_04,6f01e1bb0eb3c36a43dbf54d6d0da779c57eba9cb18be4027d4f01d38dcee7bc,blind_18,8441190078041215819,12461033608959630947,0.014585211592838694,0.8609224446674606,5.075434237450679,0.0005018259231004893,0.26975785435105554,-1.351131333853319,0,1.1083753115410402,torque_residual_run_04,blind_18,1.4474512246498112,34.699887637598266,17.817577315756054,3.5859694304379492,100.0,22.753454846551048,0.0,617.3774,0,226,0,2.7150224703963204,0.0,1.0,0.0,1.0,0,no,tangent_rmse
fixed_hybrid,,,blind_19,18345636818655476024,12945287634900908892,0.008125259377293859,0.8523400798363485,0.7852321688774992,0.0005480501747174948,0.4515383697555443,-0.17295204817442267,14,0.9304126855389994,hybrid,blind_19,1.3709986163997243,41.79589242654974,13.189848374814652,3.007694533398576,100.0,22.741928126467325,0.0,100.71714999999999,0,0,0,0.0,0.0,1.0,0.0,1.0,0,no,peak_force
adaptive_hybrid,,,blind_19,18345636818655476024,12945287634900908892,0.008125259377293859,0.8523400798363485,0.7852321688774992,0.0005480501747174948,0.4515383697555443,-0.17295204817442267,14,0.9304126855389994,adaptive_hybrid,blind_19,1.4323756831345922,42.46351863861592,10.835461762260087,2.9951437538725534,100.0,22.86944925744132,0.0,146.26315,0,0,0,0.0,0.0,1.0,0.0,1.0,0,no,peak_force
safe_adaptive_hybrid,,,blind_19,18345636818655476024,12945287634900908892,0.008125259377293859,0.8523400798363485,0.7852321688774992,0.0005480501747174948,0.4515383697555443,-0.17295204817442267,14,0.9304126855389994,safe_adaptive_hybrid,blind_19,1.41745872805506,45.46875734522821,10.83076253181518,2.995821436086366,100.0,22.863441855478584,0.0,257.34435,0,0,0,0.0,0.0,1.0,0.0,1.0,0,no,peak_force
torque_residual_run_00,run_00,b37c7ceb9c9191837877fe96d975554ed164a84903691e3f3e9244788a290ddb,blind_19,18345636818655476024,12945287634900908892,0.008125259377293859,0.8523400798363485,0.7852321688774992,0.0005480501747174948,0.4515383697555443,-0.17295204817442267,14,0.9304126855389994,torque_residual_run_00,blind_19,1.492609948373406,45.01018909666876,10.26024958625407,2.992268594562708,100.0,22.812664168832804,0.0,562.99475,0,226,0,2.6781010262681693,0.0,1.0,0.0,1.0,0,no,peak_force
torque_residual_run_01,run_01,63528b5f5144cfd79c6557c888a487332702b572d71f0314cdc1ae7322f0384b,blind_19,18345636818655476024,12945287634900908892,0.008125259377293859,0.8523400798363485,0.7852321688774992,0.0005480501747174948,0.4515383697555443,-0.17295204817442267,14,0.9304126855389994,torque_residual_run_01,blind_19,1.4165362168061995,44.68832043087104,10.362209963630207,2.9879689460259478,100.0,22.835012833314224,0.0,589.2185499999999,0,226,0,2.3822315794354227,0.0,1.0,0.0,1.0,0,no,peak_force
torque_residual_run_02,run_02,47fb010b562f8d69d5c92eea398c37835d1f11e8015e0669129ff80a807dbfcc,blind_19,18345636818655476024,12945287634900908892,0.008125259377293859,0.8523400798363485,0.7852321688774992,0.0005480501747174948,0.4515383697555443,-0.17295204817442267,14,0.9304126855389994,torque_residual_run_02,blind_19,1.421739004722646,43.96598745615941,9.775402464087833,2.992045857836945,100.0,22.82926214234511,0.0,583.11925,0,226,0,2.52275454219602,0.0,1.0,0.0,1.0,0,no,peak_force
torque_residual_run_03,run_03,3f50ce6be439066204dfc37949ce8f27b685a445f7572f8a7e99aaa27d5fc724,blind_19,18345636818655476024,12945287634900908892,0.008125259377293859,0.8523400798363485,0.7852321688774992,0.0005480501747174948,0.4515383697555443,-0.17295204817442267,14,0.9304126855389994,torque_residual_run_03,blind_19,1.4046449347629084,44.54342668767716,10.480818164789495,2.9905724367979243,100.0,22.83569239096346,0.0,572.3709,0,226,0,2.19721594582202,0.0,1.0,0.0,1.0,0,no,peak_force
torque_residual_run_04,run_04,6f01e1bb0eb3c36a43dbf54d6d0da779c57eba9cb18be4027d4f01d38dcee7bc,blind_19,18345636818655476024,12945287634900908892,0.008125259377293859,0.8523400798363485,0.7852321688774992,0.0005480501747174948,0.4515383697555443,-0.17295204817442267,14,0.9304126855389994,torque_residual_run_04,blind_19,1.4872570350838878,45.35082928277361,10.608920673599776,2.9864038056676443,100.0,22.85714118619466,0.0,570.212,0,226,0,2.4061537262697676,0.0,1.0,0.0,1.0,0,no,peak_force
fixed_hybrid,,,blind_20,4595252760521528541,6970030948923604672,0.008129699373526644,0.29694175892163766,-1.8974492050483978,0.00011860625592626404,0.5751463317829494,1.3327975097834979,16,1.0632433284065568,hybrid,blind_20,1.3953064754215503,28.157040003847737,12.17911477508913,2.4587070757048473,100.0,24.78421061208897,0.0,92.7882,0,0,0,0.0,0.0,1.0,0.0,1.0,0,yes,
adaptive_hybrid,,,blind_20,4595252760521528541,6970030948923604672,0.008129699373526644,0.29694175892163766,-1.8974492050483978,0.00011860625592626404,0.5751463317829494,1.3327975097834979,16,1.0632433284065568,adaptive_hybrid,blind_20,1.0775831725118408,30.46995658318799,10.741316847300185,2.4382283839210004,100.0,24.994608362872608,0.0,159.5991,0,0,0,0.0,0.0,1.0,0.0,1.0,0,yes,
safe_adaptive_hybrid,,,blind_20,4595252760521528541,6970030948923604672,0.008129699373526644,0.29694175892163766,-1.8974492050483978,0.00011860625592626404,0.5751463317829494,1.3327975097834979,16,1.0632433284065568,safe_adaptive_hybrid,blind_20,1.0775865755337741,30.46997211214842,10.741319975115998,2.43822825424228,100.0,24.994608508312933,0.0,236.69875,0,0,0,0.0,0.0,1.0,0.0,1.0,0,yes,
torque_residual_run_00,run_00,b37c7ceb9c9191837877fe96d975554ed164a84903691e3f3e9244788a290ddb,blind_20,4595252760521528541,6970030948923604672,0.008129699373526644,0.29694175892163766,-1.8974492050483978,0.00011860625592626404,0.5751463317829494,1.3327975097834979,16,1.0632433284065568,torque_residual_run_00,blind_20,1.279060178759631,32.48499275063152,8.504166389922396,2.449060777254035,100.0,25.111178454670227,0.0,566.51085,0,226,0,2.824120948582755,0.0,1.0,0.0,1.0,0,yes,
torque_residual_run_01,run_01,63528b5f5144cfd79c6557c888a487332702b572d71f0314cdc1ae7322f0384b,blind_20,4595252760521528541,6970030948923604672,0.008129699373526644,0.29694175892163766,-1.8974492050483978,0.00011860625592626404,0.5751463317829494,1.3327975097834979,16,1.0632433284065568,torque_residual_run_01,blind_20,1.135842038463998,31.48409076498909,8.474428875867998,2.4520172176217536,100.0,25.0728967316462,0.0,563.88255,0,226,0,2.5373880951076804,0.0,1.0,0.0,1.0,0,yes,
torque_residual_run_02,run_02,47fb010b562f8d69d5c92eea398c37835d1f11e8015e0669129ff80a807dbfcc,blind_20,4595252760521528541,6970030948923604672,0.008129699373526644,0.29694175892163766,-1.8974492050483978,0.00011860625592626404,0.5751463317829494,1.3327975097834979,16,1.0632433284065568,torque_residual_run_02,blind_20,1.178791915533701,30.636185595538873,8.447146985275918,2.449795725360664,100.0,25.115570274123538,0.0,564.17,0,226,0,2.7868993109176765,0.0,1.0,0.0,1.0,0,yes,
torque_residual_run_03,run_03,3f50ce6be439066204dfc37949ce8f27b685a445f7572f8a7e99aaa27d5fc724,blind_20,4595252760521528541,6970030948923604672,0.008129699373526644,0.29694175892163766,-1.8974492050483978,0.00011860625592626404,0.5751463317829494,1.3327975097834979,16,1.0632433284065568,torque_residual_run_03,blind_20,1.1818771058517807,30.735161563509028,8.946318836241245,2.448898958993191,100.0,25.08879929003243,0.0,580.6998,0,226,0,2.4045637857945956,0.0,1.0,0.0,1.0,0,yes,
torque_residual_run_04,run_04,6f01e1bb0eb3c36a43dbf54d6d0da779c57eba9cb18be4027d4f01d38dcee7bc,blind_20,4595252760521528541,6970030948923604672,0.008129699373526644,0.29694175892163766,-1.8974492050483978,0.00011860625592626404,0.5751463317829494,1.3327975097834979,16,1.0632433284065568,torque_residual_run_04,blind_20,1.21806783708163,30.80690862018794,8.888551991144622,2.4504269419362,100.0,25.09474523673761,0.0,578.1197,0,226,0,2.552761982476272,0.0,1.0,0.0,1.0,0,yes,
fixed_hybrid,,,blind_21,13431553198438227306,11638785163613676861,0.0045651935250212985,0.6381065144239468,-4.233627932668957,0.0005382506634619827,0.7777034619743751,-0.3285454037256703,20,1.103332555739752,hybrid,blind_21,1.3048895134302936,39.61966652035906,19.787531895329842,3.5635283160114657,100.0,23.888803692521176,0.0,96.76029999999999,0,0,0,0.0,0.0,1.0,0.0,1.0,0,no,peak_force;tangent_rmse
adaptive_hybrid,,,blind_21,13431553198438227306,11638785163613676861,0.0045651935250212985,0.6381065144239468,-4.233627932668957,0.0005382506634619827,0.7777034619743751,-0.3285454037256703,20,1.103332555739752,adaptive_hybrid,blind_21,1.3866717950211422,39.69040042015628,15.744175979013459,3.5782339007356296,100.0,24.060650659434117,0.0,162.74039999999997,0,0,0,0.0,0.0,1.0,0.0,1.0,0,no,peak_force;tangent_rmse
safe_adaptive_hybrid,,,blind_21,13431553198438227306,11638785163613676861,0.0045651935250212985,0.6381065144239468,-4.233627932668957,0.0005382506634619827,0.7777034619743751,-0.3285454037256703,20,1.103332555739752,safe_adaptive_hybrid,blind_21,1.3866829208572573,39.690486018518605,15.74419196599711,3.578233389121063,100.0,24.060649762817242,0.0,240.07125,0,0,0,0.0,0.0,1.0,0.0,1.0,0,no,peak_force;tangent_rmse
torque_residual_run_00,run_00,b37c7ceb9c9191837877fe96d975554ed164a84903691e3f3e9244788a290ddb,blind_21,13431553198438227306,11638785163613676861,0.0045651935250212985,0.6381065144239468,-4.233627932668957,0.0005382506634619827,0.7777034619743751,-0.3285454037256703,20,1.103332555739752,torque_residual_run_00,blind_21,1.480375317006676,40.547408777824835,12.8845267057263,3.586950754769291,100.0,24.09745982708804,0.0,567.3490499999999,0,226,0,2.8195499621425135,0.0,1.0,0.0,1.0,0,no,peak_force
torque_residual_run_01,run_01,63528b5f5144cfd79c6557c888a487332702b572d71f0314cdc1ae7322f0384b,blind_21,13431553198438227306,11638785163613676861,0.0045651935250212985,0.6381065144239468,-4.233627932668957,0.0005382506634619827,0.7777034619743751,-0.3285454037256703,20,1.103332555739752,torque_residual_run_01,blind_21,1.466213906882536,42.362876293347064,12.898855579859454,3.59052711726643,100.0,24.096779141422527,0.0,559.1071,0,226,0,2.623671447174056,0.0,1.0,0.0,1.0,0,no,peak_force
torque_residual_run_02,run_02,47fb010b562f8d69d5c92eea398c37835d1f11e8015e0669129ff80a807dbfcc,blind_21,13431553198438227306,11638785163613676861,0.0045651935250212985,0.6381065144239468,-4.233627932668957,0.0005382506634619827,0.7777034619743751,-0.3285454037256703,20,1.103332555739752,torque_residual_run_02,blind_21,1.5285152222357263,41.89102529481519,12.909320360705546,3.5867754624038968,100.0,24.133599413990723,0.0,562.1678,0,226,0,2.8927830012522073,0.0,1.0,0.0,1.0,0,no,peak_force
torque_residual_run_03,run_03,3f50ce6be439066204dfc37949ce8f27b685a445f7572f8a7e99aaa27d5fc724,blind_21,13431553198438227306,11638785163613676861,0.0045651935250212985,0.6381065144239468,-4.233627932668957,0.0005382506634619827,0.7777034619743751,-0.3285454037256703,20,1.103332555739752,torque_residual_run_03,blind_21,1.4900568022031204,41.3577370232237,13.3025732276876,3.5890001167129024,100.0,24.11380368967811,0.0,553.4698999999999,0,226,0,2.4993677627119872,0.0,1.0,0.0,1.0,0,no,peak_force
torque_residual_run_04,run_04,6f01e1bb0eb3c36a43dbf54d6d0da779c57eba9cb18be4027d4f01d38dcee7bc,blind_21,13431553198438227306,11638785163613676861,0.0045651935250212985,0.6381065144239468,-4.233627932668957,0.0005382506634619827,0.7777034619743751,-0.3285454037256703,20,1.103332555739752,torque_residual_run_04,blind_21,1.468023663733082,42.25010981049056,13.218537205700793,3.5909512898765357,100.0,24.111011270294558,0.0,557.5589,0,226,0,2.6716066076576404,0.0,1.0,0.0,1.0,0,no,peak_force
fixed_hybrid,,,blind_22,308105591734041084,8511216903146091300,0.010670540822543125,0.4200750017645738,-5.713357287028926,6.312433543704721e-06,0.2649635985226113,-0.5332834156463865,26,1.0893247344908992,hybrid,blind_22,1.2113484621072985,29.69939897444994,14.905447351293448,3.256713716448488,100.0,24.972349329369724,0.0,82.3532,0,0,0,0.0,0.0,1.0,0.0,1.0,0,yes,
adaptive_hybrid,,,blind_22,308105591734041084,8511216903146091300,0.010670540822543125,0.4200750017645738,-5.713357287028926,6.312433543704721e-06,0.2649635985226113,-0.5332834156463865,26,1.0893247344908992,adaptive_hybrid,blind_22,1.1689999990071198,28.90317695244012,11.836246901649417,3.269105122172259,100.0,25.09845867756913,0.0,131.79565,0,0,0,0.0,0.0,1.0,0.0,1.0,0,yes,
safe_adaptive_hybrid,,,blind_22,308105591734041084,8511216903146091300,0.010670540822543125,0.4200750017645738,-5.713357287028926,6.312433543704721e-06,0.2649635985226113,-0.5332834156463865,26,1.0893247344908992,safe_adaptive_hybrid,blind_22,1.1689999990071198,28.90317695244012,11.836246901649417,3.269105122172259,100.0,25.09845867756913,0.0,194.83065,0,0,0,0.0,0.0,1.0,0.0,1.0,0,yes,
torque_residual_run_00,run_00,b37c7ceb9c9191837877fe96d975554ed164a84903691e3f3e9244788a290ddb,blind_22,308105591734041084,8511216903146091300,0.010670540822543125,0.4200750017645738,-5.713357287028926,6.312433543704721e-06,0.2649635985226113,-0.5332834156463865,26,1.0893247344908992,torque_residual_run_00,blind_22,1.508794483933676,30.152827198073695,9.423679923482604,3.2773732870215158,100.0,25.231043567931668,0.0,557.1109,0,226,0,2.8645890261178613,0.0,1.0,0.0,1.0,0,yes,
torque_residual_run_01,run_01,63528b5f5144cfd79c6557c888a487332702b572d71f0314cdc1ae7322f0384b,blind_22,308105591734041084,8511216903146091300,0.010670540822543125,0.4200750017645738,-5.713357287028926,6.312433543704721e-06,0.2649635985226113,-0.5332834156463865,26,1.0893247344908992,torque_residual_run_01,blind_22,1.3783037828618387,30.092584605738992,9.358725251865987,3.281341334880888,100.0,25.192264627435147,0.0,552.74355,0,226,0,2.6116576668230524,0.0,1.0,0.0,1.0,0,yes,
torque_residual_run_02,run_02,47fb010b562f8d69d5c92eea398c37835d1f11e8015e0669129ff80a807dbfcc,blind_22,308105591734041084,8511216903146091300,0.010670540822543125,0.4200750017645738,-5.713357287028926,6.312433543704721e-06,0.2649635985226113,-0.5332834156463865,26,1.0893247344908992,torque_residual_run_02,blind_22,1.5249861323411966,31.49994498655648,9.431168910253598,3.2771019216691233,100.0,25.241409987184092,0.0,555.81115,0,226,0,2.8986701278087645,0.0,1.0,0.0,1.0,0,yes,
torque_residual_run_03,run_03,3f50ce6be439066204dfc37949ce8f27b685a445f7572f8a7e99aaa27d5fc724,blind_22,308105591734041084,8511216903146091300,0.010670540822543125,0.4200750017645738,-5.713357287028926,6.312433543704721e-06,0.2649635985226113,-0.5332834156463865,26,1.0893247344908992,torque_residual_run_03,blind_22,1.4682121702841076,30.64238330982981,9.89531433980724,3.2766775517934468,100.0,25.213980572613202,0.0,559.5482,0,226,0,2.4885035269601783,0.0,1.0,0.0,1.0,0,yes,
torque_residual_run_04,run_04,6f01e1bb0eb3c36a43dbf54d6d0da779c57eba9cb18be4027d4f01d38dcee7bc,blind_22,308105591734041084,8511216903146091300,0.010670540822543125,0.4200750017645738,-5.713357287028926,6.312433543704721e-06,0.2649635985226113,-0.5332834156463865,26,1.0893247344908992,torque_residual_run_04,blind_22,1.4518474251263342,30.580936071467196,9.810753929161928,3.279763480800664,100.0,25.219176505323883,0.0,552.4384,0,226,0,2.588980474829288,0.0,1.0,0.0,1.0,0,yes,
fixed_hybrid,,,blind_23,7762164895732114258,6393277573368700675,0.008380790244137983,0.31308109998040007,-4.181961744604328,0.00037733766829785173,0.7236140549580884,-0.16012848466805063,28,0.9475167765985579,hybrid,blind_23,1.0542338636813275,64.8607527669607,6.791721296465825,2.002056904790534,100.0,24.854078591457732,0.0,97.98535,0,0,0,0.0,0.0,1.0,0.0,1.0,0,no,peak_force
adaptive_hybrid,,,blind_23,7762164895732114258,6393277573368700675,0.008380790244137983,0.31308109998040007,-4.181961744604328,0.00037733766829785173,0.7236140549580884,-0.16012848466805063,28,0.9475167765985579,adaptive_hybrid,blind_23,1.045681192786791,68.45542745677214,5.826749316528229,2.002743146357081,100.0,24.876045619126483,0.0,131.4741,0,0,0,0.0,0.0,1.0,0.0,1.0,0,no,peak_force
safe_adaptive_hybrid,,,blind_23,7762164895732114258,6393277573368700675,0.008380790244137983,0.31308109998040007,-4.181961744604328,0.00037733766829785173,0.7236140549580884,-0.16012848466805063,28,0.9475167765985579,safe_adaptive_hybrid,blind_23,1.0489005764918962,67.69929994744956,5.865300795575418,2.0033722765409805,100.0,24.88438918646831,0.0,205.27915,0,0,0,0.0,0.0,1.0,0.0,1.0,0,no,peak_force
torque_residual_run_00,run_00,b37c7ceb9c9191837877fe96d975554ed164a84903691e3f3e9244788a290ddb,blind_23,7762164895732114258,6393277573368700675,0.008380790244137983,0.31308109998040007,-4.181961744604328,0.00037733766829785173,0.7236140549580884,-0.16012848466805063,28,0.9475167765985579,torque_residual_run_00,blind_23,1.1361063801141749,67.69929994744956,6.973469560420794,1.9915681597798613,100.0,24.976621307504878,0.0,550.101,0,226,0,2.758469844452709,0.0,1.0,0.0,1.0,0,no,peak_force
torque_residual_run_01,run_01,63528b5f5144cfd79c6557c888a487332702b572d71f0314cdc1ae7322f0384b,blind_23,7762164895732114258,6393277573368700675,0.008380790244137983,0.31308109998040007,-4.181961744604328,0.00037733766829785173,0.7236140549580884,-0.16012848466805063,28,0.9475167765985579,torque_residual_run_01,blind_23,1.0890281071404584,67.69929994744956,6.710111244057726,1.990967885727496,100.0,24.959606898991957,0.0,553.3788499999999,0,226,0,2.369423561806279,0.0,1.0,0.0,1.0,0,no,peak_force
torque_residual_run_02,run_02,47fb010b562f8d69d5c92eea398c37835d1f11e8015e0669129ff80a807dbfcc,blind_23,7762164895732114258,6393277573368700675,0.008380790244137983,0.31308109998040007,-4.181961744604328,0.00037733766829785173,0.7236140549580884,-0.16012848466805063,28,0.9475167765985579,torque_residual_run_02,blind_23,1.1354058739066173,67.69929994744956,6.53459754416835,1.9926136605743954,100.0,24.98097490862233,0.0,551.78035,0,226,0,2.4844963954756056,0.0,1.0,0.0,1.0,0,no,peak_force
torque_residual_run_03,run_03,3f50ce6be439066204dfc37949ce8f27b685a445f7572f8a7e99aaa27d5fc724,blind_23,7762164895732114258,6393277573368700675,0.008380790244137983,0.31308109998040007,-4.181961744604328,0.00037733766829785173,0.7236140549580884,-0.16012848466805063,28,0.9475167765985579,torque_residual_run_03,blind_23,1.088107721299925,67.69929994744956,6.7106496791569095,1.992901931544572,100.0,24.95663170300759,0.0,550.47055,0,226,0,2.201260749810703,0.0,1.0,0.0,1.0,0,no,peak_force
torque_residual_run_04,run_04,6f01e1bb0eb3c36a43dbf54d6d0da779c57eba9cb18be4027d4f01d38dcee7bc,blind_23,7762164895732114258,6393277573368700675,0.008380790244137983,0.31308109998040007,-4.181961744604328,0.00037733766829785173,0.7236140549580884,-0.16012848466805063,28,0.9475167765985579,torque_residual_run_04,blind_23,1.1164993862292454,67.69929994744956,6.906539246156686,1.990891311320503,100.0,24.960047419492742,0.0,554.41995,0,226,0,2.3778201119539144,0.0,1.0,0.0,1.0,0,no,peak_force
fixed_hybrid,,,blind_24,15801246096548403211,16623392689781011005,0.02390925207999894,0.8061803709425939,0.7464310207466589,0.0007386941563677907,0.14520664464870242,1.4277367409691006,0,1.1304151883502864,hybrid,blind_24,0.9869331408242271,27.795968722765824,24.976669581110173,4.268180974126016,100.0,23.022372947865133,0.0,86.53615,0,0,0,0.0,0.0,1.0,0.0,1.0,0,no,tangent_rmse
adaptive_hybrid,,,blind_24,15801246096548403211,16623392689781011005,0.02390925207999894,0.8061803709425939,0.7464310207466589,0.0007386941563677907,0.14520664464870242,1.4277367409691006,0,1.1304151883502864,adaptive_hybrid,blind_24,1.0954559412414129,28.05651260306577,20.483933209245784,4.273948166766784,100.0,23.161357578904322,0.0,124.47925,0,0,0,0.0,0.0,1.0,0.0,1.0,0,no,tangent_rmse
safe_adaptive_hybrid,,,blind_24,15801246096548403211,16623392689781011005,0.02390925207999894,0.8061803709425939,0.7464310207466589,0.0007386941563677907,0.14520664464870242,1.4277367409691006,0,1.1304151883502864,safe_adaptive_hybrid,blind_24,1.0954559412414129,28.05651260306577,20.483933209245784,4.273948166766784,100.0,23.161357578904322,0.0,203.16864999999999,0,0,0,0.0,0.0,1.0,0.0,1.0,0,no,tangent_rmse
torque_residual_run_00,run_00,b37c7ceb9c9191837877fe96d975554ed164a84903691e3f3e9244788a290ddb,blind_24,15801246096548403211,16623392689781011005,0.02390925207999894,0.8061803709425939,0.7464310207466589,0.0007386941563677907,0.14520664464870242,1.4277367409691006,0,1.1304151883502864,torque_residual_run_00,blind_24,1.402494277044534,28.849383588539624,17.65584931037174,4.271434268183574,100.0,23.154624021799478,0.0,563.4944,0,226,0,2.977568377442463,0.0,1.0,0.0,1.0,0,no,tangent_rmse
torque_residual_run_01,run_01,63528b5f5144cfd79c6557c888a487332702b572d71f0314cdc1ae7322f0384b,blind_24,15801246096548403211,16623392689781011005,0.02390925207999894,0.8061803709425939,0.7464310207466589,0.0007386941563677907,0.14520664464870242,1.4277367409691006,0,1.1304151883502864,torque_residual_run_01,blind_24,1.2544836038408784,28.869944828785204,17.684600078249655,4.276548611891089,100.0,23.12124805449828,0.0,555.1351999999999,0,226,0,2.750489766729536,0.0,1.0,0.0,1.0,0,no,tangent_rmse
torque_residual_run_02,run_02,47fb010b562f8d69d5c92eea398c37835d1f11e8015e0669129ff80a807dbfcc,blind_24,15801246096548403211,16623392689781011005,0.02390925207999894,0.8061803709425939,0.7464310207466589,0.0007386941563677907,0.14520664464870242,1.4277367409691006,0,1.1304151883502864,torque_residual_run_02,blind_24,1.3432455479470289,28.596545336391102,17.57942869586409,4.269702118179703,100.0,23.174708882049078,0.0,553.96545,0,226,0,3.152987211657413,0.0,1.0,0.0,1.0,0,no,tangent_rmse
torque_residual_run_03,run_03,3f50ce6be439066204dfc37949ce8f27b685a445f7572f8a7e99aaa27d5fc724,blind_24,15801246096548403211,16623392689781011005,0.02390925207999894,0.8061803709425939,0.7464310207466589,0.0007386941563677907,0.14520664464870242,1.4277367409691006,0,1.1304151883502864,torque_residual_run_03,blind_24,1.3679331636304084,29.322766769970162,18.111534912597588,4.274224187091622,100.0,23.16079196767884,0.0,556.0702,0,226,0,2.6459856524273757,0.0,1.0,0.0,1.0,0,no,tangent_rmse
torque_residual_run_04,run_04,6f01e1bb0eb3c36a43dbf54d6d0da779c57eba9cb18be4027d4f01d38dcee7bc,blind_24,15801246096548403211,16623392689781011005,0.02390925207999894,0.8061803709425939,0.7464310207466589,0.0007386941563677907,0.14520664464870242,1.4277367409691006,0,1.1304151883502864,torque_residual_run_04,blind_24,1.2721409879550523,30.21693882469202,18.05730736038716,4.276477698829791,100.0,23.146375522859735,0.0,554.2709,0,226,0,2.7218082993214026,0.0,1.0,0.0,1.0,0,no,tangent_rmse
fixed_hybrid,,,blind_25,1867139436221958153,9399747717227457875,0.022544093369065456,0.2354140543323757,-5.6892736720932895,0.000569528807444109,0.6315654152064214,1.3785163541985055,26,1.115370186343243,hybrid,blind_25,0.8330060882539324,21.669562332980842,16.25124414863555,4.062858275515928,100.0,24.91290959182597,0.0,80.75805,0,0,0,0.0,0.0,1.0,0.0,1.0,0,no,tangent_rmse
adaptive_hybrid,,,blind_25,1867139436221958153,9399747717227457875,0.022544093369065456,0.2354140543323757,-5.6892736720932895,0.000569528807444109,0.6315654152064214,1.3785163541985055,26,1.115370186343243,adaptive_hybrid,blind_25,1.0299479176339816,25.178198110487227,13.246827115256655,4.061315756529648,100.0,25.112232895630513,0.0,123.4304,0,0,0,0.0,0.0,1.0,0.0,1.0,0,yes,
safe_adaptive_hybrid,,,blind_25,1867139436221958153,9399747717227457875,0.022544093369065456,0.2354140543323757,-5.6892736720932895,0.000569528807444109,0.6315654152064214,1.3785163541985055,26,1.115370186343243,safe_adaptive_hybrid,blind_25,1.022808578599346,25.179536465265837,13.233551254060314,4.062270923919067,100.0,25.11929262706048,0.0,195.27575000000002,0,0,0,0.0,0.0,1.0,0.0,1.0,0,yes,
torque_residual_run_00,run_00,b37c7ceb9c9191837877fe96d975554ed164a84903691e3f3e9244788a290ddb,blind_25,1867139436221958153,9399747717227457875,0.022544093369065456,0.2354140543323757,-5.6892736720932895,0.000569528807444109,0.6315654152064214,1.3785163541985055,26,1.115370186343243,torque_residual_run_00,blind_25,1.198429772234662,25.40514729030387,10.492807696204753,4.0734709109271146,100.0,25.24754375288322,0.0,559.4662000000001,0,226,0,2.888971279540918,0.0,1.0,0.0,1.0,0,yes,
torque_residual_run_01,run_01,63528b5f5144cfd79c6557c888a487332702b572d71f0314cdc1ae7322f0384b,blind_25,1867139436221958153,9399747717227457875,0.022544093369065456,0.2354140543323757,-5.6892736720932895,0.000569528807444109,0.6315654152064214,1.3785163541985055,26,1.115370186343243,torque_residual_run_01,blind_25,1.0568599729763213,23.27041830813148,10.446680513772076,4.078739414467239,100.0,25.21585156438492,0.0,549.31615,0,226,0,2.6436202434288556,0.0,1.0,0.0,1.0,0,yes,
torque_residual_run_02,run_02,47fb010b562f8d69d5c92eea398c37835d1f11e8015e0669129ff80a807dbfcc,blind_25,1867139436221958153,9399747717227457875,0.022544093369065456,0.2354140543323757,-5.6892736720932895,0.000569528807444109,0.6315654152064214,1.3785163541985055,26,1.115370186343243,torque_residual_run_02,blind_25,1.2387462868415733,24.89555646694995,10.544428538042581,4.071924394442763,100.0,25.262641176526362,0.0,551.55325,0,226,0,2.9479992679599554,0.0,1.0,0.0,1.0,0,yes,
torque_residual_run_03,run_03,3f50ce6be439066204dfc37949ce8f27b685a445f7572f8a7e99aaa27d5fc724,blind_25,1867139436221958153,9399747717227457875,0.022544093369065456,0.2354140543323757,-5.6892736720932895,0.000569528807444109,0.6315654152064214,1.3785163541985055,26,1.115370186343243,torque_residual_run_03,blind_25,1.1780544893198435,25.48890872400378,10.964019491851289,4.073875517702821,100.0,25.231859148178597,0.0,552.29295,0,226,0,2.5014641956759975,0.0,1.0,0.0,1.0,0,yes,
torque_residual_run_04,run_04,6f01e1bb0eb3c36a43dbf54d6d0da779c57eba9cb18be4027d4f01d38dcee7bc,blind_25,1867139436221958153,9399747717227457875,0.022544093369065456,0.2354140543323757,-5.6892736720932895,0.000569528807444109,0.6315654152064214,1.3785163541985055,26,1.115370186343243,torque_residual_run_04,blind_25,1.1588888991291142,25.12003164910594,10.837740247975065,4.075770736213702,100.0,25.223579404889655,0.0,550.1493,0,226,0,2.6273544660235126,0.0,1.0,0.0,1.0,0,yes,
fixed_hybrid,,,blind_26,11592432456378200421,12285592182587332778,0.01931524830444225,0.4589830050897197,-5.682099593383386,0.000304847391919832,0.7121323274854309,-0.425832585424595,26,1.0671561056871228,hybrid,blind_26,1.095342562058266,25.233230248836804,13.369602955593445,2.549921131452914,100.0,24.92818996275802,0.0,81.23724999999999,0,0,0,0.0,0.0,1.0,0.0,1.0,0,yes,
adaptive_hybrid,,,blind_26,11592432456378200421,12285592182587332778,0.01931524830444225,0.4589830050897197,-5.682099593383386,0.000304847391919832,0.7121323274854309,-0.425832585424595,26,1.0671561056871228,adaptive_hybrid,blind_26,1.0536553540806115,25.78694792202899,10.699677998850754,2.5619309814870976,100.0,24.998788641913052,0.0,125.13149999999999,0,0,0,0.0,0.0,1.0,0.0,1.0,0,yes,
safe_adaptive_hybrid,,,blind_26,11592432456378200421,12285592182587332778,0.01931524830444225,0.4589830050897197,-5.682099593383386,0.000304847391919832,0.7121323274854309,-0.425832585424595,26,1.0671561056871228,safe_adaptive_hybrid,blind_26,1.0536893943934178,25.787045868927866,10.699706265843012,2.5619298868082905,100.0,24.998789887036327,0.0,195.6171,0,0,0,0.0,0.0,1.0,0.0,1.0,0,yes,
torque_residual_run_00,run_00,b37c7ceb9c9191837877fe96d975554ed164a84903691e3f3e9244788a290ddb,blind_26,11592432456378200421,12285592182587332778,0.01931524830444225,0.4589830050897197,-5.682099593383386,0.000304847391919832,0.7121323274854309,-0.425832585424595,26,1.0671561056871228,torque_residual_run_00,blind_26,1.1879808133729648,26.019428166987126,8.356732471412029,2.5725058251859214,100.0,25.094086097072886,0.0,551.60495,0,226,0,2.839129196533674,0.0,1.0,0.0,1.0,0,yes,
torque_residual_run_01,run_01,63528b5f5144cfd79c6557c888a487332702b572d71f0314cdc1ae7322f0384b,blind_26,11592432456378200421,12285592182587332778,0.01931524830444225,0.4589830050897197,-5.682099593383386,0.000304847391919832,0.7121323274854309,-0.425832585424595,26,1.0671561056871228,torque_residual_run_01,blind_26,1.1106746862329389,26.870785143664563,8.370981635586789,2.5746538722496215,100.0,25.061106449984663,0.0,553.2543000000001,0,226,0,2.5562672370428556,0.0,1.0,0.0,1.0,0,yes,
torque_residual_run_02,run_02,47fb010b562f8d69d5c92eea398c37835d1f11e8015e0669129ff80a807dbfcc,blind_26,11592432456378200421,12285592182587332778,0.01931524830444225,0.4589830050897197,-5.682099593383386,0.000304847391919832,0.7121323274854309,-0.425832585424595,26,1.0671561056871228,torque_residual_run_02,blind_26,1.1362770726576394,26.23570884649452,8.325829674057507,2.572657083306814,100.0,25.111512183339116,0.0,553.2219,0,226,0,2.801927103950612,0.0,1.0,0.0,1.0,0,yes,
torque_residual_run_03,run_03,3f50ce6be439066204dfc37949ce8f27b685a445f7572f8a7e99aaa27d5fc724,blind_26,11592432456378200421,12285592182587332778,0.01931524830444225,0.4589830050897197,-5.682099593383386,0.000304847391919832,0.7121323274854309,-0.425832585424595,26,1.0671561056871228,torque_residual_run_03,blind_26,1.1463003981974709,27.117435974335127,8.847814413074143,2.5721563631931454,100.0,25.07908529321213,0.0,554.05045,0,226,0,2.4187816148965693,0.0,1.0,0.0,1.0,0,yes,
torque_residual_run_04,run_04,6f01e1bb0eb3c36a43dbf54d6d0da779c57eba9cb18be4027d4f01d38dcee7bc,blind_26,11592432456378200421,12285592182587332778,0.01931524830444225,0.4589830050897197,-5.682099593383386,0.000304847391919832,0.7121323274854309,-0.425832585424595,26,1.0671561056871228,torque_residual_run_04,blind_26,1.155819215021016,27.051325234641684,8.767701922133334,2.5749829516378404,100.0,25.098767661386347,0.0,553.3124,0,226,0,2.556917629037966,0.0,1.0,0.0,1.0,0,yes,
fixed_hybrid,,,blind_27,16523608553540347647,1571243207715084785,0.006477184538072409,0.6149653076229559,3.2275442109080537,0.00010926860803756853,0.5570235524171823,-0.1881401058850538,14,1.0027987547311146,hybrid,blind_27,1.2100077535963039,39.47316766659978,12.429084369078481,0.37592944822734925,100.0,23.978329358636124,0.0,80.89349999999999,0,0,0,0.0,0.0,1.0,0.0,1.0,0,no,peak_force
adaptive_hybrid,,,blind_27,16523608553540347647,1571243207715084785,0.006477184538072409,0.6149653076229559,3.2275442109080537,0.00010926860803756853,0.5570235524171823,-0.1881401058850538,14,1.0027987547311146,adaptive_hybrid,blind_27,1.2159223772547976,39.66116336565649,10.30617620564172,0.38904501867821834,100.0,24.054377957086512,0.0,140.82705,0,0,0,0.0,0.0,1.0,0.0,1.0,0,no,peak_force
safe_adaptive_hybrid,,,blind_27,16523608553540347647,1571243207715084785,0.006477184538072409,0.6149653076229559,3.2275442109080537,0.00010926860803756853,0.5570235524171823,-0.1881401058850538,14,1.0027987547311146,safe_adaptive_hybrid,blind_27,1.243825870075617,39.66817775732467,10.307421773496351,0.3889195339470791,100.0,24.051730652222634,0.0,201.50379999999998,0,0,0,0.0,0.0,1.0,0.0,1.0,0,no,peak_force
torque_residual_run_00,run_00,b37c7ceb9c9191837877fe96d975554ed164a84903691e3f3e9244788a290ddb,blind_27,16523608553540347647,1571243207715084785,0.006477184538072409,0.6149653076229559,3.2275442109080537,0.00010926860803756853,0.5570235524171823,-0.1881401058850538,14,1.0027987547311146,torque_residual_run_00,blind_27,1.3184240314105293,40.32314551671162,8.826859645429908,0.39296761653528095,100.0,24.086681320127305,0.0,559.9385,0,226,0,2.72360737242351,0.0,1.0,0.0,1.0,0,no,peak_force
torque_residual_run_01,run_01,63528b5f5144cfd79c6557c888a487332702b572d71f0314cdc1ae7322f0384b,blind_27,16523608553540347647,1571243207715084785,0.006477184538072409,0.6149653076229559,3.2275442109080537,0.00010926860803756853,0.5570235524171823,-0.1881401058850538,14,1.0027987547311146,torque_residual_run_01,blind_27,1.2537365382093348,39.2993164942859,8.879844709845093,0.39506197915860375,100.0,24.061227018535813,0.0,557.6967000000001,0,226,0,2.4358882062981215,0.0,1.0,0.0,1.0,0,no,peak_force
torque_residual_run_02,run_02,47fb010b562f8d69d5c92eea398c37835d1f11e8015e0669129ff80a807dbfcc,blind_27,16523608553540347647,1571243207715084785,0.006477184538072409,0.6149653076229559,3.2275442109080537,0.00010926860803756853,0.5570235524171823,-0.1881401058850538,14,1.0027987547311146,torque_residual_run_02,blind_27,1.3445696084094916,38.636558743905134,8.581763433184783,0.40384923157774244,100.0,24.090640321917153,0.0,556.9392499999999,0,226,0,2.6129262802624833,0.0,1.0,0.0,1.0,0,no,peak_force
torque_residual_run_03,run_03,3f50ce6be439066204dfc37949ce8f27b685a445f7572f8a7e99aaa27d5fc724,blind_27,16523608553540347647,1571243207715084785,0.006477184538072409,0.6149653076229559,3.2275442109080537,0.00010926860803756853,0.5570235524171823,-0.1881401058850538,14,1.0027987547311146,torque_residual_run_03,blind_27,1.3098073539569652,39.92321252595538,9.192027576995368,0.3928795955762918,100.0,24.07568084997706,0.0,553.5618499999999,0,226,0,2.264038672619759,0.0,1.0,0.0,1.0,0,no,peak_force
torque_residual_run_04,run_04,6f01e1bb0eb3c36a43dbf54d6d0da779c57eba9cb18be4027d4f01d38dcee7bc,blind_27,16523608553540347647,1571243207715084785,0.006477184538072409,0.6149653076229559,3.2275442109080537,0.00010926860803756853,0.5570235524171823,-0.1881401058850538,14,1.0027987547311146,torque_residual_run_04,blind_27,1.4071992026435016,39.798796409804304,9.177528575975927,0.39791579805063393,100.0,24.0737278101157,0.0,558.9353,0,226,0,2.4619805166175985,0.0,1.0,0.0,1.0,0,no,peak_force
fixed_hybrid,,,blind_28,1511493531571902563,8975517840189399331,0.007394540632739731,0.23699293439968577,-1.530581184793828,0.00029246321804420034,0.3560969560987073,-1.0621476952199205,24,0.9422804222108617,hybrid,blind_28,1.3331569564312082,49.27193420737216,7.3812020970503305,2.237071920472227,100.0,24.928718371749323,0.0,85.6852,0,0,0,0.0,0.0,1.0,0.0,1.0,0,no,peak_force
adaptive_hybrid,,,blind_28,1511493531571902563,8975517840189399331,0.007394540632739731,0.23699293439968577,-1.530581184793828,0.00029246321804420034,0.3560969560987073,-1.0621476952199205,24,0.9422804222108617,adaptive_hybrid,blind_28,0.998936866034963,56.59426445588008,5.9339667204061595,2.223666436241898,100.0,24.856504094862142,0.0,126.43384999999999,0,0,0,0.0,0.0,1.0,0.0,1.0,0,no,peak_force
safe_adaptive_hybrid,,,blind_28,1511493531571902563,8975517840189399331,0.007394540632739731,0.23699293439968577,-1.530581184793828,0.00029246321804420034,0.3560969560987073,-1.0621476952199205,24,0.9422804222108617,safe_adaptive_hybrid,blind_28,1.0613642251719535,56.59426445588008,5.961890944676159,2.223986012492745,100.0,24.864764387105485,0.0,204.0897,0,0,0,0.0,0.0,1.0,0.0,1.0,0,no,peak_force
torque_residual_run_00,run_00,b37c7ceb9c9191837877fe96d975554ed164a84903691e3f3e9244788a290ddb,blind_28,1511493531571902563,8975517840189399331,0.007394540632739731,0.23699293439968577,-1.530581184793828,0.00029246321804420034,0.3560969560987073,-1.0621476952199205,24,0.9422804222108617,torque_residual_run_00,blind_28,1.094087825200975,56.59426445588008,7.234287952292664,2.208799658446308,100.0,24.944401824428333,0.0,554.6592,0,226,0,2.771526508625629,0.0,1.0,0.0,1.0,0,no,peak_force
torque_residual_run_01,run_01,63528b5f5144cfd79c6557c888a487332702b572d71f0314cdc1ae7322f0384b,blind_28,1511493531571902563,8975517840189399331,0.007394540632739731,0.23699293439968577,-1.530581184793828,0.00029246321804420034,0.3560969560987073,-1.0621476952199205,24,0.9422804222108617,torque_residual_run_01,blind_28,1.0873072450729475,56.59426445588008,6.914982748327551,2.207984253521282,100.0,24.930786314149895,0.0,554.0662,0,226,0,2.342620322112284,0.0,1.0,0.0,1.0,0,no,peak_force
torque_residual_run_02,run_02,47fb010b562f8d69d5c92eea398c37835d1f11e8015e0669129ff80a807dbfcc,blind_28,1511493531571902563,8975517840189399331,0.007394540632739731,0.23699293439968577,-1.530581184793828,0.00029246321804420034,0.3560969560987073,-1.0621476952199205,24,0.9422804222108617,torque_residual_run_02,blind_28,1.1082642855759488,56.59426445588008,6.751197624783268,2.210665749874747,100.0,24.945336917961573,0.0,554.3484,0,226,0,2.4761593549567436,0.0,1.0,0.0,1.0,0,no,peak_force
torque_residual_run_03,run_03,3f50ce6be439066204dfc37949ce8f27b685a445f7572f8a7e99aaa27d5fc724,blind_28,1511493531571902563,8975517840189399331,0.007394540632739731,0.23699293439968577,-1.530581184793828,0.00029246321804420034,0.3560969560987073,-1.0621476952199205,24,0.9422804222108617,torque_residual_run_03,blind_28,1.0943246299473088,56.59426445588008,6.934826075485613,2.212317472789307,100.0,24.922419342673564,0.0,557.74055,0,226,0,2.1845337002837897,0.0,1.0,0.0,1.0,0,no,peak_force
torque_residual_run_04,run_04,6f01e1bb0eb3c36a43dbf54d6d0da779c57eba9cb18be4027d4f01d38dcee7bc,blind_28,1511493531571902563,8975517840189399331,0.007394540632739731,0.23699293439968577,-1.530581184793828,0.00029246321804420034,0.3560969560987073,-1.0621476952199205,24,0.9422804222108617,torque_residual_run_04,blind_28,1.1744520443468236,56.59426445588008,7.117231117278214,2.210373008525109,100.0,24.94025247005698,0.0,554.3206,0,226,0,2.345193257470055,0.0,1.0,0.0,1.0,0,no,peak_force
fixed_hybrid,,,blind_29,16426500393162398356,3048709568809743662,0.017036659828924456,0.45691436493953025,3.586424140487093,0.0007613707657605014,0.687663985328384,-1.4583084887598319,6,1.0614291250304513,hybrid,blind_29,1.8133685714506298,26.77981919510593,14.261090963911064,2.34549083555351,100.0,24.992086828332194,0.0,81.02005,0,0,0,0.0,0.0,1.0,0.0,1.0,0,yes,
adaptive_hybrid,,,blind_29,16426500393162398356,3048709568809743662,0.017036659828924456,0.45691436493953025,3.586424140487093,0.0007613707657605014,0.687663985328384,-1.4583084887598319,6,1.0614291250304513,adaptive_hybrid,blind_29,1.0139632396415845,25.819671452945343,11.089556913695581,2.376628554184986,100.0,24.969824701296243,0.0,126.74549999999999,0,0,0,0.0,0.0,1.0,0.0,1.0,0,yes,
safe_adaptive_hybrid,,,blind_29,16426500393162398356,3048709568809743662,0.017036659828924456,0.45691436493953025,3.586424140487093,0.0007613707657605014,0.687663985328384,-1.4583084887598319,6,1.0614291250304513,safe_adaptive_hybrid,blind_29,1.0141287204205303,25.819932677185015,11.089704897415304,2.376623005591366,100.0,24.969830658398177,0.0,201.7741,0,0,0,0.0,0.0,1.0,0.0,1.0,0,yes,
torque_residual_run_00,run_00,b37c7ceb9c9191837877fe96d975554ed164a84903691e3f3e9244788a290ddb,blind_29,16426500393162398356,3048709568809743662,0.017036659828924456,0.45691436493953025,3.586424140487093,0.0007613707657605014,0.687663985328384,-1.4583084887598319,6,1.0614291250304513,torque_residual_run_00,blind_29,1.1299752031853805,26.474285794962608,8.824708733674427,2.3868261784464555,100.0,25.03291660973576,0.0,554.6625,0,226,0,2.8758683782465733,0.0,1.0,0.0,1.0,0,yes,
torque_residual_run_01,run_01,63528b5f5144cfd79c6557c888a487332702b572d71f0314cdc1ae7322f0384b,blind_29,16426500393162398356,3048709568809743662,0.017036659828924456,0.45691436493953025,3.586424140487093,0.0007613707657605014,0.687663985328384,-1.4583084887598319,6,1.0614291250304513,torque_residual_run_01,blind_29,1.0762675214510697,26.126230492552963,8.902010248547251,2.388591996217966,100.0,25.02340948793475,0.0,558.30945,0,226,0,2.560706311081988,0.0,1.0,0.0,1.0,0,yes,
torque_residual_run_02,run_02,47fb010b562f8d69d5c92eea398c37835d1f11e8015e0669129ff80a807dbfcc,blind_29,16426500393162398356,3048709568809743662,0.017036659828924456,0.45691436493953025,3.586424140487093,0.0007613707657605014,0.687663985328384,-1.4583084887598319,6,1.0614291250304513,torque_residual_run_02,blind_29,1.1263958912983532,26.55935042184017,8.801315891328224,2.3875921002788374,100.0,25.05031315854305,0.0,557.36815,0,226,0,2.805611246130322,0.0,1.0,0.0,1.0,0,yes,
torque_residual_run_03,run_03,3f50ce6be439066204dfc37949ce8f27b685a445f7572f8a7e99aaa27d5fc724,blind_29,16426500393162398356,3048709568809743662,0.017036659828924456,0.45691436493953025,3.586424140487093,0.0007613707657605014,0.687663985328384,-1.4583084887598319,6,1.0614291250304513,torque_residual_run_03,blind_29,1.119184313579661,26.57251186963361,9.308465991239306,2.386720084399824,100.0,25.024518901397037,0.0,555.7946,0,226,0,2.4288932802083973,0.0,1.0,0.0,1.0,0,yes,
torque_residual_run_04,run_04,6f01e1bb0eb3c36a43dbf54d6d0da779c57eba9cb18be4027d4f01d38dcee7bc,blind_29,16426500393162398356,3048709568809743662,0.017036659828924456,0.45691436493953025,3.586424140487093,0.0007613707657605014,0.687663985328384,-1.4583084887598319,6,1.0614291250304513,torque_residual_run_04,blind_29,1.0811214482802107,26.41472516080499,9.265319699327975,2.3892967522787694,100.0,25.024283842360713,0.0,555.3565,0,226,0,2.5547013623118855,0.0,1.0,0.0,1.0,0,yes,
fixed_hybrid,,,blind_30,15222772503400557143,8585769581436669654,0.02083003297400882,0.2736791026893758,-4.340724437076675,0.0007741282379567656,0.5730179410813265,-1.480425903734445,4,1.1253480224359775,hybrid,blind_30,1.82666674774875,24.53529529737432,18.971205021686643,4.315289745568434,100.0,25.037315456475014,0.0,82.72485,0,0,0,0.0,0.0,1.0,0.0,1.0,0,no,tangent_rmse
adaptive_hybrid,,,blind_30,15222772503400557143,8585769581436669654,0.02083003297400882,0.2736791026893758,-4.340724437076675,0.0007741282379567656,0.5730179410813265,-1.480425903734445,4,1.1253480224359775,adaptive_hybrid,blind_30,0.9033768503744296,23.65766510464825,14.50752739053234,4.354036554248538,100.0,25.077363153594472,0.0,125.10995,0,0,0,0.0,0.0,1.0,0.0,1.0,0,yes,
safe_adaptive_hybrid,,,blind_30,15222772503400557143,8585769581436669654,0.02083003297400882,0.2736791026893758,-4.340724437076675,0.0007741282379567656,0.5730179410813265,-1.480425903734445,4,1.1253480224359775,safe_adaptive_hybrid,blind_30,0.9033795205497911,23.65768663217559,14.50753001847328,4.354036465999072,100.0,25.077363170456756,0.0,198.16915,0,0,0,0.0,0.0,1.0,0.0,1.0,0,yes,
torque_residual_run_00,run_00,b37c7ceb9c9191837877fe96d975554ed164a84903691e3f3e9244788a290ddb,blind_30,15222772503400557143,8585769581436669654,0.02083003297400882,0.2736791026893758,-4.340724437076675,0.0007741282379567656,0.5730179410813265,-1.480425903734445,4,1.1253480224359775,torque_residual_run_00,blind_30,1.189681215276429,23.907723217651476,11.740596474645455,4.365013038552373,100.0,25.206092700771364,0.0,560.6286,0,226,0,2.9400474661010416,0.0,1.0,0.0,1.0,0,yes,
torque_residual_run_01,run_01,63528b5f5144cfd79c6557c888a487332702b572d71f0314cdc1ae7322f0384b,blind_30,15222772503400557143,8585769581436669654,0.02083003297400882,0.2736791026893758,-4.340724437076675,0.0007741282379567656,0.5730179410813265,-1.480425903734445,4,1.1253480224359775,torque_residual_run_01,blind_30,1.0175784434871458,23.84587305835481,11.727318335302092,4.369196131595765,100.0,25.170782722230012,0.0,554.05795,0,226,0,2.6615209042122725,0.0,1.0,0.0,1.0,0,yes,
torque_residual_run_02,run_02,47fb010b562f8d69d5c92eea398c37835d1f11e8015e0669129ff80a807dbfcc,blind_30,15222772503400557143,8585769581436669654,0.02083003297400882,0.2736791026893758,-4.340724437076675,0.0007741282379567656,0.5730179410813265,-1.480425903734445,4,1.1253480224359775,torque_residual_run_02,blind_30,1.1716742008400793,23.90236890243195,11.75523356989451,4.364983437172512,100.0,25.229988930065915,0.0,559.37485,0,226,0,3.0053909741766143,0.0,1.0,0.0,1.0,0,yes,
torque_residual_run_03,run_03,3f50ce6be439066204dfc37949ce8f27b685a445f7572f8a7e99aaa27d5fc724,blind_30,15222772503400557143,8585769581436669654,0.02083003297400882,0.2736791026893758,-4.340724437076675,0.0007741282379567656,0.5730179410813265,-1.480425903734445,4,1.1253480224359775,torque_residual_run_03,blind_30,1.1244648605495644,24.126921513623884,12.218885069216576,4.364615287533435,100.0,25.195822255735713,0.0,556.02225,0,226,0,2.5563137725186804,0.0,1.0,0.0,1.0,0,yes,
torque_residual_run_04,run_04,6f01e1bb0eb3c36a43dbf54d6d0da779c57eba9cb18be4027d4f01d38dcee7bc,blind_30,15222772503400557143,8585769581436669654,0.02083003297400882,0.2736791026893758,-4.340724437076675,0.0007741282379567656,0.5730179410813265,-1.480425903734445,4,1.1253480224359775,torque_residual_run_04,blind_30,1.1048338259662878,24.029671459963502,12.120731602227265,4.366559238676842,100.0,25.18349014452537,0.0,558.27505,0,226,0,2.6452416095002644,0.0,1.0,0.0,1.0,0,yes,
fixed_hybrid,,,blind_31,15963951439796675841,14785856109203389861,0.0053910153454717205,0.8171710779354115,-5.306954233370455,0.0007274467670056496,0.4656429398947223,-0.2856236386215518,2,0.9511706481096368,hybrid,blind_31,1.4179890737856233,49.73772050047975,13.962178560758533,2.095106262828422,100.0,22.843666041232584,0.0,82.43475,0,0,0,0.0,0.0,1.0,0.0,1.0,0,no,peak_force
adaptive_hybrid,,,blind_31,15963951439796675841,14785856109203389861,0.0053910153454717205,0.8171710779354115,-5.306954233370455,0.0007274467670056496,0.4656429398947223,-0.2856236386215518,2,0.9511706481096368,adaptive_hybrid,blind_31,1.3681949535887479,47.48351445730791,11.42646954588803,2.0777375271795515,100.0,22.9838874748278,0.0,134.3818,0,0,0,0.0,0.0,1.0,0.0,1.0,0,no,peak_force
safe_adaptive_hybrid,,,blind_31,15963951439796675841,14785856109203389861,0.0053910153454717205,0.8171710779354115,-5.306954233370455,0.0007274467670056496,0.4656429398947223,-0.2856236386215518,2,0.9511706481096368,safe_adaptive_hybrid,blind_31,1.3595615591875756,47.26115615975274,11.449912104734867,2.0784723921607884,100.0,22.986352029169574,0.0,199.75375,0,0,0,0.0,0.0,1.0,0.0,1.0,0,no,peak_force
torque_residual_run_00,run_00,b37c7ceb9c9191837877fe96d975554ed164a84903691e3f3e9244788a290ddb,blind_31,15963951439796675841,14785856109203389861,0.0053910153454717205,0.8171710779354115,-5.306954233370455,0.0007274467670056496,0.4656429398947223,-0.2856236386215518,2,0.9511706481096368,torque_residual_run_00,blind_31,1.465115418197022,46.77793768647855,10.42415240421445,2.073423596274244,100.0,22.926174614808275,0.0,558.1026,0,226,0,2.6952895991835923,0.0,1.0,0.0,1.0,0,no,peak_force
torque_residual_run_01,run_01,63528b5f5144cfd79c6557c888a487332702b572d71f0314cdc1ae7322f0384b,blind_31,15963951439796675841,14785856109203389861,0.0053910153454717205,0.8171710779354115,-5.306954233370455,0.0007274467670056496,0.4656429398947223,-0.2856236386215518,2,0.9511706481096368,torque_residual_run_01,blind_31,1.5334075269492322,50.95214930309812,10.567361930483125,2.0720496876873233,100.0,22.92798949642758,0.0,555.85345,0,226,0,2.3551424485210157,0.0,1.0,0.0,1.0,0,no,peak_force
torque_residual_run_02,run_02,47fb010b562f8d69d5c92eea398c37835d1f11e8015e0669129ff80a807dbfcc,blind_31,15963951439796675841,14785856109203389861,0.0053910153454717205,0.8171710779354115,-5.306954233370455,0.0007274467670056496,0.4656429398947223,-0.2856236386215518,2,0.9511706481096368,torque_residual_run_02,blind_31,1.5425629345843344,48.38839999607152,10.049777193270652,2.075589214051571,100.0,22.93372601190293,0.0,555.9513,0,226,0,2.5402513342414403,0.0,1.0,0.0,1.0,0,no,peak_force
torque_residual_run_03,run_03,3f50ce6be439066204dfc37949ce8f27b685a445f7572f8a7e99aaa27d5fc724,blind_31,15963951439796675841,14785856109203389861,0.0053910153454717205,0.8171710779354115,-5.306954233370455,0.0007274467670056496,0.4656429398947223,-0.2856236386215518,2,0.9511706481096368,torque_residual_run_03,blind_31,1.473182738367231,48.13681993300209,10.722222254105914,2.0735680644783314,100.0,22.928173343883714,0.0,552.4369,0,226,0,2.228146547188558,0.0,1.0,0.0,1.0,0,no,peak_force
torque_residual_run_04,run_04,6f01e1bb0eb3c36a43dbf54d6d0da779c57eba9cb18be4027d4f01d38dcee7bc,blind_31,15963951439796675841,14785856109203389861,0.0053910153454717205,0.8171710779354115,-5.306954233370455,0.0007274467670056496,0.4656429398947223,-0.2856236386215518,2,0.9511706481096368,torque_residual_run_04,blind_31,1.5467154876681075,50.558561340551755,10.794035037110302,2.070912916335735,100.0,22.947805424514865,0.0,553.06465,0,226,0,2.4257492389030686,0.0,1.0,0.0,1.0,0,no,peak_force
fixed_hybrid,,,blind_32,9932953420175882799,1787605230633353366,0.018675644185816683,0.24215060959198786,-4.993291380797123,0.00043741031485288514,0.6534974956120232,0.24509195044832222,22,0.8834990372908647,hybrid,blind_32,1.4230607120964087,33.107482845965166,8.248731176870242,4.916228292807966,100.0,24.699244739087593,0.0,82.4633,0,0,0,0.0,0.0,1.0,0.0,1.0,0,yes,
adaptive_hybrid,,,blind_32,9932953420175882799,1787605230633353366,0.018675644185816683,0.24215060959198786,-4.993291380797123,0.00043741031485288514,0.6534974956120232,0.24509195044832222,22,0.8834990372908647,adaptive_hybrid,blind_32,1.6133864534347302,33.95053360807467,7.064926082589684,4.911241929103698,100.0,24.692499277434422,0.0,126.02445,0,0,0,0.0,0.0,1.0,0.0,1.0,0,yes,
safe_adaptive_hybrid,,,blind_32,9932953420175882799,1787605230633353366,0.018675644185816683,0.24215060959198786,-4.993291380797123,0.00043741031485288514,0.6534974956120232,0.24509195044832222,22,0.8834990372908647,safe_adaptive_hybrid,blind_32,1.6014758652653671,30.096799514984472,7.052744247316483,4.91046111638798,100.0,24.701344919295053,0.0,197.7202,0,0,0,0.0,0.0,1.0,0.0,1.0,0,yes,
torque_residual_run_00,run_00,b37c7ceb9c9191837877fe96d975554ed164a84903691e3f3e9244788a290ddb,blind_32,9932953420175882799,1787605230633353366,0.018675644185816683,0.24215060959198786,-4.993291380797123,0.00043741031485288514,0.6534974956120232,0.24509195044832222,22,0.8834990372908647,torque_residual_run_00,blind_32,1.1992323761307389,30.096799514984472,9.794788988986513,4.899659761076702,100.0,24.820981435197393,0.0,554.8421,0,226,0,2.6789948027359536,0.0,1.0,0.0,1.0,0,yes,
torque_residual_run_01,run_01,63528b5f5144cfd79c6557c888a487332702b572d71f0314cdc1ae7322f0384b,blind_32,9932953420175882799,1787605230633353366,0.018675644185816683,0.24215060959198786,-4.993291380797123,0.00043741031485288514,0.6534974956120232,0.24509195044832222,22,0.8834990372908647,torque_residual_run_01,blind_32,1.2540685361886135,30.096799514984472,9.302089266972525,4.898452147781033,100.0,24.79796869082671,0.0,552.4492,0,226,0,2.1927513118948627,0.0,1.0,0.0,1.0,0,yes,
torque_residual_run_02,run_02,47fb010b562f8d69d5c92eea398c37835d1f11e8015e0669129ff80a807dbfcc,blind_32,9932953420175882799,1787605230633353366,0.018675644185816683,0.24215060959198786,-4.993291380797123,0.00043741031485288514,0.6534974956120232,0.24509195044832222,22,0.8834990372908647,torque_residual_run_02,blind_32,1.3336916656941555,30.096799514984472,9.193824813041706,4.8982093487877645,100.0,24.79000313112858,0.0,556.8217500000001,0,226,0,2.2118884971042343,0.0,1.0,0.0,1.0,0,yes,
torque_residual_run_03,run_03,3f50ce6be439066204dfc37949ce8f27b685a445f7572f8a7e99aaa27d5fc724,blind_32,9932953420175882799,1787605230633353366,0.018675644185816683,0.24215060959198786,-4.993291380797123,0.00043741031485288514,0.6534974956120232,0.24509195044832222,22,0.8834990372908647,torque_residual_run_03,blind_32,1.2725811881831035,30.096799514984472,9.133214761123915,4.901790624705454,100.0,24.78399969342233,0.0,553.03085,0,226,0,2.0147398752626566,0.0,1.0,0.0,1.0,0,yes,
torque_residual_run_04,run_04,6f01e1bb0eb3c36a43dbf54d6d0da779c57eba9cb18be4027d4f01d38dcee7bc,blind_32,9932953420175882799,1787605230633353366,0.018675644185816683,0.24215060959198786,-4.993291380797123,0.00043741031485288514,0.6534974956120232,0.24509195044832222,22,0.8834990372908647,torque_residual_run_04,blind_32,1.2602268297141213,30.096799514984472,9.373468555601324,4.900239616903876,100.0,24.79430413674975,0.0,554.38455,0,226,0,2.2208336604038963,0.0,1.0,0.0,1.0,0,yes,
fixed_hybrid,,,blind_33,7046938307046653326,380702564837712535,0.009208092925962792,0.7120926361956823,-0.17542598263864928,0.00014724478137704793,0.40067478607170237,-0.4102661154277971,6,1.1100438622582205,hybrid,blind_33,1.3273515499885178,37.218538786222496,22.243569260949723,3.7128627742042815,100.0,23.47995308910873,0.0,80.53505,0,0,0,0.0,0.0,1.0,0.0,1.0,0,no,peak_force;tangent_rmse
adaptive_hybrid,,,blind_33,7046938307046653326,380702564837712535,0.009208092925962792,0.7120926361956823,-0.17542598263864928,0.00014724478137704793,0.40067478607170237,-0.4102661154277971,6,1.1100438622582205,adaptive_hybrid,blind_33,1.5587989249477459,36.55592242569627,18.03111865419126,3.722756714507006,100.0,23.65848086754187,0.0,126.77125,0,0,0,0.0,0.0,1.0,0.0,1.0,0,no,peak_force;tangent_rmse
safe_adaptive_hybrid,,,blind_33,7046938307046653326,380702564837712535,0.009208092925962792,0.7120926361956823,-0.17542598263864928,0.00014724478137704793,0.40067478607170237,-0.4102661154277971,6,1.1100438622582205,safe_adaptive_hybrid,blind_33,1.5587989249477459,36.55592242569627,18.03111865419126,3.722756714507006,100.0,23.65848086754187,0.0,200.7048,0,0,0,0.0,0.0,1.0,0.0,1.0,0,no,peak_force;tangent_rmse
torque_residual_run_00,run_00,b37c7ceb9c9191837877fe96d975554ed164a84903691e3f3e9244788a290ddb,blind_33,7046938307046653326,380702564837712535,0.009208092925962792,0.7120926361956823,-0.17542598263864928,0.00014724478137704793,0.40067478607170237,-0.4102661154277971,6,1.1100438622582205,torque_residual_run_00,blind_33,1.7452973238613063,37.074080347413414,15.137953096234636,3.7278633731126116,100.0,23.67427035988979,0.0,556.30295,0,226,0,2.8603245577485747,0.0,1.0,0.0,1.0,0,no,peak_force;tangent_rmse
torque_residual_run_01,run_01,63528b5f5144cfd79c6557c888a487332702b572d71f0314cdc1ae7322f0384b,blind_33,7046938307046653326,380702564837712535,0.009208092925962792,0.7120926361956823,-0.17542598263864928,0.00014724478137704793,0.40067478607170237,-0.4102661154277971,6,1.1100438622582205,torque_residual_run_01,blind_33,1.6327401769945893,38.30195383953299,15.279651899466966,3.730842797176241,100.0,23.668634917050003,0.0,558.3421,0,226,0,2.668891083527334,0.0,1.0,0.0,1.0,0,no,peak_force;tangent_rmse
torque_residual_run_02,run_02,47fb010b562f8d69d5c92eea398c37835d1f11e8015e0669129ff80a807dbfcc,blind_33,7046938307046653326,380702564837712535,0.009208092925962792,0.7120926361956823,-0.17542598263864928,0.00014724478137704793,0.40067478607170237,-0.4102661154277971,6,1.1100438622582205,torque_residual_run_02,blind_33,1.6983474226423105,37.11751426154742,15.132731503107026,3.7271623032198096,100.0,23.708732506418063,0.0,554.51175,0,226,0,2.9957953090717684,0.0,1.0,0.0,1.0,0,no,peak_force;tangent_rmse
torque_residual_run_03,run_03,3f50ce6be439066204dfc37949ce8f27b685a445f7572f8a7e99aaa27d5fc724,blind_33,7046938307046653326,380702564837712535,0.009208092925962792,0.7120926361956823,-0.17542598263864928,0.00014724478137704793,0.40067478607170237,-0.4102661154277971,6,1.1100438622582205,torque_residual_run_03,blind_33,1.6635804305455657,36.77052381255366,15.632612163832576,3.729709147930453,100.0,23.683820104858512,0.0,554.8005,0,226,0,2.534750202014605,0.0,1.0,0.0,1.0,0,no,peak_force;tangent_rmse
torque_residual_run_04,run_04,6f01e1bb0eb3c36a43dbf54d6d0da779c57eba9cb18be4027d4f01d38dcee7bc,blind_33,7046938307046653326,380702564837712535,0.009208092925962792,0.7120926361956823,-0.17542598263864928,0.00014724478137704793,0.40067478607170237,-0.4102661154277971,6,1.1100438622582205,torque_residual_run_04,blind_33,1.6385202988920617,36.94328214145208,15.549091602428375,3.7313529521751483,100.0,23.674602874197546,0.0,554.25965,0,226,0,2.696401696987045,0.0,1.0,0.0,1.0,0,no,peak_force;tangent_rmse
fixed_hybrid,,,blind_34,6608365354930343734,2244055173431547424,0.01506854494909213,0.20587230687733932,5.481265669248092,0.0005183439108355629,0.6062312058303198,-0.7486883880609871,0,0.9708022878085232,hybrid,blind_34,1.096196707976575,27.350319335472314,8.748291350548959,1.0603815492353779,100.0,24.87952462947047,0.0,82.2615,0,0,0,0.0,0.0,1.0,0.0,1.0,0,yes,
adaptive_hybrid,,,blind_34,6608365354930343734,2244055173431547424,0.01506854494909213,0.20587230687733932,5.481265669248092,0.0005183439108355629,0.6062312058303198,-0.7486883880609871,0,0.9708022878085232,adaptive_hybrid,blind_34,0.93891032319715,25.739185499346206,7.411614390843044,1.0564568527310894,100.0,24.852523457414375,0.0,128.38819999999998,0,0,0,0.0,0.0,1.0,0.0,1.0,0,yes,
safe_adaptive_hybrid,,,blind_34,6608365354930343734,2244055173431547424,0.01506854494909213,0.20587230687733932,5.481265669248092,0.0005183439108355629,0.6062312058303198,-0.7486883880609871,0,0.9708022878085232,safe_adaptive_hybrid,blind_34,0.9491334625258011,26.09473617193833,7.415956770382347,1.0566678510044598,100.0,24.852866788373873,0.0,199.279,0,0,0,0.0,0.0,1.0,0.0,1.0,0,yes,
torque_residual_run_00,run_00,b37c7ceb9c9191837877fe96d975554ed164a84903691e3f3e9244788a290ddb,blind_34,6608365354930343734,2244055173431547424,0.01506854494909213,0.20587230687733932,5.481265669248092,0.0005183439108355629,0.6062312058303198,-0.7486883880609871,0,0.9708022878085232,torque_residual_run_00,blind_34,1.051000249410145,26.513300921315988,7.265046306223359,1.0409473636406243,100.0,24.931826501452026,0.0,555.04245,0,226,0,2.7720188011549585,0.0,1.0,0.0,1.0,0,yes,
torque_residual_run_01,run_01,63528b5f5144cfd79c6557c888a487332702b572d71f0314cdc1ae7322f0384b,blind_34,6608365354930343734,2244055173431547424,0.01506854494909213,0.20587230687733932,5.481265669248092,0.0005183439108355629,0.6062312058303198,-0.7486883880609871,0,0.9708022878085232,torque_residual_run_01,blind_34,0.9775251064391028,26.585804661070302,7.128048179571094,1.0393834470079937,100.0,24.915047045599106,0.0,551.7088,0,226,0,2.3826317871418743,0.0,1.0,0.0,1.0,0,yes,
torque_residual_run_02,run_02,47fb010b562f8d69d5c92eea398c37835d1f11e8015e0669129ff80a807dbfcc,blind_34,6608365354930343734,2244055173431547424,0.01506854494909213,0.20587230687733932,5.481265669248092,0.0005183439108355629,0.6062312058303198,-0.7486883880609871,0,0.9708022878085232,torque_residual_run_02,blind_34,0.9445426524051602,26.29629775498125,6.915144412138335,1.0444958891365541,100.0,24.939408276850816,0.0,556.03835,0,226,0,2.54504420500368,0.0,1.0,0.0,1.0,0,yes,
torque_residual_run_03,run_03,3f50ce6be439066204dfc37949ce8f27b685a445f7572f8a7e99aaa27d5fc724,blind_34,6608365354930343734,2244055173431547424,0.01506854494909213,0.20587230687733932,5.481265669248092,0.0005183439108355629,0.6062312058303198,-0.7486883880609871,0,0.9708022878085232,torque_residual_run_03,blind_34,0.9602040700622057,26.403099807134332,7.329047895123614,1.0443946580827401,100.0,24.916047396563705,0.0,553.6292500000001,0,226,0,2.235078922849771,0.0,1.0,0.0,1.0,0,yes,
torque_residual_run_04,run_04,6f01e1bb0eb3c36a43dbf54d6d0da779c57eba9cb18be4027d4f01d38dcee7bc,blind_34,6608365354930343734,2244055173431547424,0.01506854494909213,0.20587230687733932,5.481265669248092,0.0005183439108355629,0.6062312058303198,-0.7486883880609871,0,0.9708022878085232,torque_residual_run_04,blind_34,0.9668350855898186,26.020864466683605,7.434916293115499,1.0428427517836503,100.0,24.92362400275793,0.0,556.8869000000001,0,226,0,2.3839440580274847,0.0,1.0,0.0,1.0,0,yes,
fixed_hybrid,,,blind_35,12371753132793142249,5026973335044610631,0.020445837231933897,0.29918626080174704,1.5230140149555096,0.0007935645330364665,0.13977730241446695,-0.8645583347870622,10,1.0544430426260012,hybrid,blind_35,1.3098509957692992,23.712809454993312,13.058716246600703,2.1321788718562016,100.0,24.99662827495525,0.0,90.5911,0,0,0,0.0,0.0,1.0,0.0,1.0,0,yes,
adaptive_hybrid,,,blind_35,12371753132793142249,5026973335044610631,0.020445837231933897,0.29918626080174704,1.5230140149555096,0.0007935645330364665,0.13977730241446695,-0.8645583347870622,10,1.0544430426260012,adaptive_hybrid,blind_35,0.9440830394358537,24.705368966234317,10.429054191733616,2.152788488339012,100.0,25.012351602799047,0.0,126.11975,0,0,0,0.0,0.0,1.0,0.0,1.0,0,yes,
safe_adaptive_hybrid,,,blind_35,12371753132793142249,5026973335044610631,0.020445837231933897,0.29918626080174704,1.5230140149555096,0.0007935645330364665,0.13977730241446695,-0.8645583347870622,10,1.0544430426260012,safe_adaptive_hybrid,blind_35,0.9447815951389662,24.43754079277976,10.429822349406656,2.152737925351034,100.0,25.012392123548928,0.0,202.831,0,0,0,0.0,0.0,1.0,0.0,1.0,0,yes,
torque_residual_run_00,run_00,b37c7ceb9c9191837877fe96d975554ed164a84903691e3f3e9244788a290ddb,blind_35,12371753132793142249,5026973335044610631,0.020445837231933897,0.29918626080174704,1.5230140149555096,0.0007935645330364665,0.13977730241446695,-0.8645583347870622,10,1.0544430426260012,torque_residual_run_00,blind_35,1.022463227636104,24.55702401014822,8.200639810881734,2.165731813332054,100.0,25.08352463681011,0.0,558.4462,0,226,0,2.9343606862178824,0.0,1.0,0.0,1.0,0,yes,
torque_residual_run_01,run_01,63528b5f5144cfd79c6557c888a487332702b572d71f0314cdc1ae7322f0384b,blind_35,12371753132793142249,5026973335044610631,0.020445837231933897,0.29918626080174704,1.5230140149555096,0.0007935645330364665,0.13977730241446695,-0.8645583347870622,10,1.0544430426260012,torque_residual_run_01,blind_35,0.9720231139243303,24.84926368073149,8.282910147378933,2.166813573994408,100.0,25.068042902421684,0.0,555.435,0,226,0,2.5609092427016735,0.0,1.0,0.0,1.0,0,yes,
torque_residual_run_02,run_02,47fb010b562f8d69d5c92eea398c37835d1f11e8015e0669129ff80a807dbfcc,blind_35,12371753132793142249,5026973335044610631,0.020445837231933897,0.29918626080174704,1.5230140149555096,0.0007935645330364665,0.13977730241446695,-0.8645583347870622,10,1.0544430426260012,torque_residual_run_02,blind_35,1.0009583994746023,24.293030781241043,8.10352256972945,2.166118460499024,100.0,25.09422586646403,0.0,554.3280500000001,0,226,0,2.846498011695936,0.0,1.0,0.0,1.0,0,yes,
torque_residual_run_03,run_03,3f50ce6be439066204dfc37949ce8f27b685a445f7572f8a7e99aaa27d5fc724,blind_35,12371753132793142249,5026973335044610631,0.020445837231933897,0.29918626080174704,1.5230140149555096,0.0007935645330364665,0.13977730241446695,-0.8645583347870622,10,1.0544430426260012,torque_residual_run_03,blind_35,1.0181371851004926,24.457238340908813,8.713774977074095,2.16401473797253,100.0,25.069798517590197,0.0,555.0694500000001,0,226,0,2.424877538029427,0.0,1.0,0.0,1.0,0,yes,
torque_residual_run_04,run_04,6f01e1bb0eb3c36a43dbf54d6d0da779c57eba9cb18be4027d4f01d38dcee7bc,blind_35,12371753132793142249,5026973335044610631,0.020445837231933897,0.29918626080174704,1.5230140149555096,0.0007935645330364665,0.13977730241446695,-0.8645583347870622,10,1.0544430426260012,torque_residual_run_04,blind_35,0.9764777308547121,24.395286573891717,8.688183485417428,2.1667790234479787,100.0,25.075816305766363,0.0,554.47275,0,226,0,2.526248562633401,0.0,1.0,0.0,1.0,0,yes,
fixed_hybrid,,,blind_36,17486143900228895629,1908510169880595116,0.008061017794811247,0.4003579799171378,3.6588987235902444,0.0006946417152818601,0.7288025230730625,0.41657440911646626,4,0.9011331926890964,hybrid,blind_36,1.327758026554264,31.809475983354154,7.887503511135301,4.063318701967951,100.0,24.706304981477537,0.0,92.5064,0,0,0,0.0,0.0,1.0,0.0,1.0,0,yes,
adaptive_hybrid,,,blind_36,17486143900228895629,1908510169880595116,0.008061017794811247,0.4003579799171378,3.6588987235902444,0.0006946417152818601,0.7288025230730625,0.41657440911646626,4,0.9011331926890964,adaptive_hybrid,blind_36,1.2434618208319868,32.525881327862045,6.928621285128051,4.068283067219497,100.0,24.73419786630398,0.0,132.1002,0,0,0,0.0,0.0,1.0,0.0,1.0,0,yes,
safe_adaptive_hybrid,,,blind_36,17486143900228895629,1908510169880595116,0.008061017794811247,0.4003579799171378,3.6588987235902444,0.0006946417152818601,0.7288025230730625,0.41657440911646626,4,0.9011331926890964,safe_adaptive_hybrid,blind_36,1.1988439102021913,32.19379348564917,6.946075372646745,4.069313919175228,100.0,24.741258445347253,0.0,221.84505000000001,0,0,0,0.0,0.0,1.0,0.0,1.0,0,yes,
torque_residual_run_00,run_00,b37c7ceb9c9191837877fe96d975554ed164a84903691e3f3e9244788a290ddb,blind_36,17486143900228895629,1908510169880595116,0.008061017794811247,0.4003579799171378,3.6588987235902444,0.0006946417152818601,0.7288025230730625,0.41657440911646626,4,0.9011331926890964,torque_residual_run_00,blind_36,1.1782082184302072,35.44003654889903,9.172273871783666,4.054669304388685,100.0,24.851693012262267,0.0,564.28675,0,226,0,2.6663280355610226,0.0,1.0,0.0,1.0,0,no,peak_force
torque_residual_run_01,run_01,63528b5f5144cfd79c6557c888a487332702b572d71f0314cdc1ae7322f0384b,blind_36,17486143900228895629,1908510169880595116,0.008061017794811247,0.4003579799171378,3.6588987235902444,0.0006946417152818601,0.7288025230730625,0.41657440911646626,4,0.9011331926890964,torque_residual_run_01,blind_36,1.0879460604644802,34.263772415050326,8.755266156842584,4.0543129429940405,100.0,24.83521903042533,0.0,560.16595,0,226,0,2.243881301089607,0.0,1.0,0.0,1.0,0,yes,
torque_residual_run_02,run_02,47fb010b562f8d69d5c92eea398c37835d1f11e8015e0669129ff80a807dbfcc,blind_36,17486143900228895629,1908510169880595116,0.008061017794811247,0.4003579799171378,3.6588987235902444,0.0006946417152818601,0.7288025230730625,0.41657440911646626,4,0.9011331926890964,torque_residual_run_02,blind_36,1.0903994427221866,33.14977946389389,8.635465117440152,4.055465906369812,100.0,24.84093601598289,0.0,557.0604500000001,0,226,0,2.314209988925367,0.0,1.0,0.0,1.0,0,yes,
torque_residual_run_03,run_03,3f50ce6be439066204dfc37949ce8f27b685a445f7572f8a7e99aaa27d5fc724,blind_36,17486143900228895629,1908510169880595116,0.008061017794811247,0.4003579799171378,3.6588987235902444,0.0006946417152818601,0.7288025230730625,0.41657440911646626,4,0.9011331926890964,torque_residual_run_03,blind_36,1.085576734768065,32.794926474032145,8.683848279757544,4.059022066606253,100.0,24.826482448533813,0.0,558.0032500000001,0,226,0,2.082357168185842,0.0,1.0,0.0,1.0,0,yes,
torque_residual_run_04,run_04,6f01e1bb0eb3c36a43dbf54d6d0da779c57eba9cb18be4027d4f01d38dcee7bc,blind_36,17486143900228895629,1908510169880595116,0.008061017794811247,0.4003579799171378,3.6588987235902444,0.0006946417152818601,0.7288025230730625,0.41657440911646626,4,0.9011331926890964,torque_residual_run_04,blind_36,1.1216588939896237,33.24435943864676,8.931181428943795,4.056031917729931,100.0,24.856157486922292,0.0,561.7402500000001,0,226,0,2.285664853771203,0.0,1.0,0.0,1.0,0,yes,
fixed_hybrid,,,blind_37,4778364348318005161,8264065467822704700,0.007487629688032116,0.4081686688282562,-0.5349839411335058,0.00012201158312840797,0.5554194502410368,-0.9783715275005966,0,0.8763587433348363,hybrid,blind_37,1.4023112584750903,31.79735436814148,8.982154906709066,5.2705274768129,100.0,24.655396958101523,0.0,87.1784,0,0,0,0.0,0.0,1.0,0.0,1.0,0,yes,
adaptive_hybrid,,,blind_37,4778364348318005161,8264065467822704700,0.007487629688032116,0.4081686688282562,-0.5349839411335058,0.00012201158312840797,0.5554194502410368,-0.9783715275005966,0,0.8763587433348363,adaptive_hybrid,blind_37,2.370497912764431,31.62253574633435,7.6022342166078305,5.245944467604051,100.0,24.546047925812548,0.0,126.24334999999999,0,0,0,0.0,0.0,1.0,0.0,1.0,0,no,force_rmse
safe_adaptive_hybrid,,,blind_37,4778364348318005161,8264065467822704700,0.007487629688032116,0.4081686688282562,-0.5349839411335058,0.00012201158312840797,0.5554194502410368,-0.9783715275005966,0,0.8763587433348363,safe_adaptive_hybrid,blind_37,2.3824200991802527,31.49958501707389,7.588697389121558,5.245361425537705,100.0,24.543906016853068,0.0,198.38305,0,0,0,0.0,0.0,1.0,0.0,1.0,0,no,force_rmse
torque_residual_run_00,run_00,b37c7ceb9c9191837877fe96d975554ed164a84903691e3f3e9244788a290ddb,blind_37,4778364348318005161,8264065467822704700,0.007487629688032116,0.4081686688282562,-0.5349839411335058,0.00012201158312840797,0.5554194502410368,-0.9783715275005966,0,0.8763587433348363,torque_residual_run_00,blind_37,1.6333302217591188,35.810332319167294,10.304427251710553,5.2386599165756715,100.0,24.678875741456135,0.0,559.507,0,226,0,2.7192700622393566,0.0,1.0,0.0,1.0,0,no,peak_force
torque_residual_run_01,run_01,63528b5f5144cfd79c6557c888a487332702b572d71f0314cdc1ae7322f0384b,blind_37,4778364348318005161,8264065467822704700,0.007487629688032116,0.4081686688282562,-0.5349839411335058,0.00012201158312840797,0.5554194502410368,-0.9783715275005966,0,0.8763587433348363,torque_residual_run_01,blind_37,1.831278232472505,32.583581215323285,9.760721665810925,5.238327223291706,100.0,24.63648006460445,0.0,554.6356000000001,0,226,0,2.194839628630692,0.0,1.0,0.0,1.0,0,yes,
torque_residual_run_02,run_02,47fb010b562f8d69d5c92eea398c37835d1f11e8015e0669129ff80a807dbfcc,blind_37,4778364348318005161,8264065467822704700,0.007487629688032116,0.4081686688282562,-0.5349839411335058,0.00012201158312840797,0.5554194502410368,-0.9783715275005966,0,0.8763587433348363,torque_residual_run_02,blind_37,1.8614808911090694,34.50916032531429,9.617965340075772,5.237036248039366,100.0,24.64676357667473,0.0,557.27305,0,226,0,2.1787760843800883,0.0,1.0,0.0,1.0,0,yes,
torque_residual_run_03,run_03,3f50ce6be439066204dfc37949ce8f27b685a445f7572f8a7e99aaa27d5fc724,blind_37,4778364348318005161,8264065467822704700,0.007487629688032116,0.4081686688282562,-0.5349839411335058,0.00012201158312840797,0.5554194502410368,-0.9783715275005966,0,0.8763587433348363,torque_residual_run_03,blind_37,1.8540028287469639,32.70710191670244,9.595709982131948,5.2398769073468845,100.0,24.638798807047532,0.0,557.0153,0,226,0,1.9855412598842317,0.0,1.0,0.0,1.0,0,yes,
torque_residual_run_04,run_04,6f01e1bb0eb3c36a43dbf54d6d0da779c57eba9cb18be4027d4f01d38dcee7bc,blind_37,4778364348318005161,8264065467822704700,0.007487629688032116,0.4081686688282562,-0.5349839411335058,0.00012201158312840797,0.5554194502410368,-0.9783715275005966,0,0.8763587433348363,torque_residual_run_04,blind_37,1.8040236472296676,34.69561315962734,9.84824521973208,5.239128787706156,100.0,24.646018905659773,0.0,556.8588,0,226,0,2.218918818823565,0.0,1.0,0.0,1.0,0,yes,
fixed_hybrid,,,blind_38,16419433584203198316,15393748500866209412,0.016414120456607062,0.6757122792147123,-0.832904924439779,7.458001841871793e-05,0.47148855080832797,0.29582077380395444,26,1.05797328956229,hybrid,blind_38,1.0683913391202917,29.378840781665925,16.3294909023641,2.125062880188025,100.0,23.720092546245567,0.0,83.4318,0,0,0,0.0,0.0,1.0,0.0,1.0,0,no,tangent_rmse
adaptive_hybrid,,,blind_38,16419433584203198316,15393748500866209412,0.016414120456607062,0.6757122792147123,-0.832904924439779,7.458001841871793e-05,0.47148855080832797,0.29582077380395444,26,1.05797328956229,adaptive_hybrid,blind_38,1.1873307056712061,31.162253842549784,13.38141235218248,2.121693155674743,100.0,23.86464996379988,0.0,125.27239999999999,0,0,0,0.0,0.0,1.0,0.0,1.0,0,yes,
safe_adaptive_hybrid,,,blind_38,16419433584203198316,15393748500866209412,0.016414120456607062,0.6757122792147123,-0.832904924439779,7.458001841871793e-05,0.47148855080832797,0.29582077380395444,26,1.05797328956229,safe_adaptive_hybrid,blind_38,1.1873309862195582,31.162256175702538,13.381412762387052,2.1216931401910863,100.0,23.864649933135798,0.0,202.4423,0,0,0,0.0,0.0,1.0,0.0,1.0,0,yes,
torque_residual_run_00,run_00,b37c7ceb9c9191837877fe96d975554ed164a84903691e3f3e9244788a290ddb,blind_38,16419433584203198316,15393748500866209412,0.016414120456607062,0.6757122792147123,-0.832904924439779,7.458001841871793e-05,0.47148855080832797,0.29582077380395444,26,1.05797328956229,torque_residual_run_00,blind_38,1.3102542693174766,30.97612722036884,11.120784836101464,2.124775184889302,100.0,23.872152232077067,0.0,560.36685,0,226,0,2.8375840407488293,0.0,1.0,0.0,1.0,0,yes,
torque_residual_run_01,run_01,63528b5f5144cfd79c6557c888a487332702b572d71f0314cdc1ae7322f0384b,blind_38,16419433584203198316,15393748500866209412,0.016414120456607062,0.6757122792147123,-0.832904924439779,7.458001841871793e-05,0.47148855080832797,0.29582077380395444,26,1.05797328956229,torque_residual_run_01,blind_38,1.2460394769982905,31.737126686582847,11.20422827363477,2.126793556648563,100.0,23.838577303853597,0.0,555.78315,0,226,0,2.574416242269641,0.0,1.0,0.0,1.0,0,yes,
torque_residual_run_02,run_02,47fb010b562f8d69d5c92eea398c37835d1f11e8015e0669129ff80a807dbfcc,blind_38,16419433584203198316,15393748500866209412,0.016414120456607062,0.6757122792147123,-0.832904924439779,7.458001841871793e-05,0.47148855080832797,0.29582077380395444,26,1.05797328956229,torque_residual_run_02,blind_38,1.358669881459264,33.71850962483473,10.979620145347198,2.1249822918533674,100.0,23.88322178743864,0.0,553.2751,0,226,0,2.843723682244992,0.0,1.0,0.0,1.0,0,yes,
torque_residual_run_03,run_03,3f50ce6be439066204dfc37949ce8f27b685a445f7572f8a7e99aaa27d5fc724,blind_38,16419433584203198316,15393748500866209412,0.016414120456607062,0.6757122792147123,-0.832904924439779,7.458001841871793e-05,0.47148855080832797,0.29582077380395444,26,1.05797328956229,torque_residual_run_03,blind_38,1.2964672948502542,31.312397652961664,11.554805100596425,2.1266604331288894,100.0,23.868886790537196,0.0,551.82335,0,226,0,2.4252763452143715,0.0,1.0,0.0,1.0,0,yes,
torque_residual_run_04,run_04,6f01e1bb0eb3c36a43dbf54d6d0da779c57eba9cb18be4027d4f01d38dcee7bc,blind_38,16419433584203198316,15393748500866209412,0.016414120456607062,0.6757122792147123,-0.832904924439779,7.458001841871793e-05,0.47148855080832797,0.29582077380395444,26,1.05797328956229,torque_residual_run_04,blind_38,1.2995400855360828,33.15896311126267,11.496558477303429,2.128266458246588,100.0,23.865752861297874,0.0,572.92165,0,226,0,2.5802239226358226,0.0,1.0,0.0,1.0,0,yes,
fixed_hybrid,,,blind_39,16230882037532323995,12979726015522266593,0.011255385245044198,0.49555485917015724,2.7566800532814497,0.00023605386000759393,0.23690040393023376,-0.8430935980950676,18,1.0718465677856606,hybrid,blind_39,1.3782227197500545,28.483544070863886,14.999754293270273,2.6676564708763157,100.0,24.718047826906833,0.0,90.22915,0,0,0,0.0,0.0,1.0,0.0,1.0,0,yes,
adaptive_hybrid,,,blind_39,16230882037532323995,12979726015522266593,0.011255385245044198,0.49555485917015724,2.7566800532814497,0.00023605386000759393,0.23690040393023376,-0.8430935980950676,18,1.0718465677856606,adaptive_hybrid,blind_39,1.1073608427885617,28.347788210629258,11.77405147255998,2.687457804488887,100.0,24.77238104372142,0.0,132.7758,0,0,0,0.0,0.0,1.0,0.0,1.0,0,yes,
safe_adaptive_hybrid,,,blind_39,16230882037532323995,12979726015522266593,0.011255385245044198,0.49555485917015724,2.7566800532814497,0.00023605386000759393,0.23690040393023376,-0.8430935980950676,18,1.0718465677856606,safe_adaptive_hybrid,blind_39,1.1073639738846142,28.34779623625774,11.77405428708783,2.6874576988938,100.0,24.772381088176513,0.0,198.31980000000001,0,0,0,0.0,0.0,1.0,0.0,1.0,0,yes,
torque_residual_run_00,run_00,b37c7ceb9c9191837877fe96d975554ed164a84903691e3f3e9244788a290ddb,blind_39,16230882037532323995,12979726015522266593,0.011255385245044198,0.49555485917015724,2.7566800532814497,0.00023605386000759393,0.23690040393023376,-0.8430935980950676,18,1.0718465677856606,torque_residual_run_00,blind_39,1.3156408633387753,29.92545887970052,9.513745738141514,2.69544165628456,100.0,24.883582110773204,0.0,553.5849499999999,0,226,0,2.874279984638496,0.0,1.0,0.0,1.0,0,yes,
torque_residual_run_01,run_01,63528b5f5144cfd79c6557c888a487332702b572d71f0314cdc1ae7322f0384b,blind_39,16230882037532323995,12979726015522266593,0.011255385245044198,0.49555485917015724,2.7566800532814497,0.00023605386000759393,0.23690040393023376,-0.8430935980950676,18,1.0718465677856606,torque_residual_run_01,blind_39,1.2270002404274525,30.2139976558319,9.515029301156531,2.699180477092807,100.0,24.845816845208684,0.0,553.1829,0,226,0,2.589711876694496,0.0,1.0,0.0,1.0,0,yes,
torque_residual_run_02,run_02,47fb010b562f8d69d5c92eea398c37835d1f11e8015e0669129ff80a807dbfcc,blind_39,16230882037532323995,12979726015522266593,0.011255385245044198,0.49555485917015724,2.7566800532814497,0.00023605386000759393,0.23690040393023376,-0.8430935980950676,18,1.0718465677856606,torque_residual_run_02,blind_39,1.3095621563907902,30.393930701699293,9.458671674935085,2.695017062565017,100.0,24.895725199626032,0.0,554.9644000000001,0,226,0,2.8995568545320887,0.0,1.0,0.0,1.0,0,yes,
torque_residual_run_03,run_03,3f50ce6be439066204dfc37949ce8f27b685a445f7572f8a7e99aaa27d5fc724,blind_39,16230882037532323995,12979726015522266593,0.011255385245044198,0.49555485917015724,2.7566800532814497,0.00023605386000759393,0.23690040393023376,-0.8430935980950676,18,1.0718465677856606,torque_residual_run_03,blind_39,1.2996980401815508,29.768313914286445,9.997754383789903,2.694097281753677,100.0,24.85803866491868,0.0,553.0753500000001,0,226,0,2.4688428978601094,0.0,1.0,0.0,1.0,0,yes,
torque_residual_run_04,run_04,6f01e1bb0eb3c36a43dbf54d6d0da779c57eba9cb18be4027d4f01d38dcee7bc,blind_39,16230882037532323995,12979726015522266593,0.011255385245044198,0.49555485917015724,2.7566800532814497,0.00023605386000759393,0.23690040393023376,-0.8430935980950676,18,1.0718465677856606,torque_residual_run_04,blind_39,1.2475844238746754,30.02051797830122,9.9276550847759,2.6972500923618714,100.0,24.864036623928424,0.0,554.40825,0,226,0,2.5693027834477298,0.0,1.0,0.0,1.0,0,yes,
fixed_hybrid,,,blind_40,6962791529958519731,4121268961919417700,0.01843062731480921,0.5622892548724563,-1.2955050737576137,0.0004247818879525834,0.37819590265256864,1.0998437224013164,30,0.89567929367422,hybrid,blind_40,2.080698785308777,60.49118589633582,7.113508196044101,4.695446057947201,100.0,28.97251742472343,15.822222222222221,81.48245,0,0,0,0.0,0.0,1.0,0.0,1.0,0,no,force_rmse;peak_force;saturation
adaptive_hybrid,,,blind_40,6962791529958519731,4121268961919417700,0.01843062731480921,0.5622892548724563,-1.2955050737576137,0.0004247818879525834,0.37819590265256864,1.0998437224013164,30,0.89567929367422,adaptive_hybrid,blind_40,1.904493844235633,61.28721231715687,6.153052180017238,4.701301839027361,100.0,29.16680207009693,16.444444444444446,129.69705,0,0,0,0.0,0.0,1.0,0.0,1.0,0,no,peak_force;saturation
safe_adaptive_hybrid,,,blind_40,6962791529958519731,4121268961919417700,0.01843062731480921,0.5622892548724563,-1.2955050737576137,0.0004247818879525834,0.37819590265256864,1.0998437224013164,30,0.89567929367422,safe_adaptive_hybrid,blind_40,2.238704161393451,64.49037724882996,6.272164636205892,4.725771574150766,100.0,27.47670618408568,0.0,225.6654,0,0,0,0.0,0.0,1.0,15.333333333333334,0.9765072097545399,0,no,force_rmse;peak_force
torque_residual_run_00,run_00,b37c7ceb9c9191837877fe96d975554ed164a84903691e3f3e9244788a290ddb,blind_40,6962791529958519731,4121268961919417700,0.01843062731480921,0.5622892548724563,-1.2955050737576137,0.0004247818879525834,0.37819590265256864,1.0998437224013164,30,0.89567929367422,torque_residual_run_00,blind_40,2.062120031071953,64.49037724882996,7.744521735735804,4.761014886933018,100.0,27.715878088753975,0.0,559.51145,0,226,0,2.2216138953370272,10.9484404837683,0.8908393671093221,16.355555555555554,0.9745234804401801,0,no,force_rmse;peak_force
torque_residual_run_01,run_01,63528b5f5144cfd79c6557c888a487332702b572d71f0314cdc1ae7322f0384b,blind_40,6962791529958519731,4121268961919417700,0.01843062731480921,0.5622892548724563,-1.2955050737576137,0.0004247818879525834,0.37819590265256864,1.0998437224013164,30,0.89567929367422,torque_residual_run_01,blind_40,2.0623918392987557,64.49037724882996,7.0704917604519455,4.747408419587113,100.0,27.58142791674009,0.0,555.9198,0,226,0,1.6752386057569433,10.502864417568428,0.8949713558252328,15.955555555555556,0.9755362402922886,0,no,force_rmse;peak_force
torque_residual_run_02,run_02,47fb010b562f8d69d5c92eea398c37835d1f11e8015e0669129ff80a807dbfcc,blind_40,6962791529958519731,4121268961919417700,0.01843062731480921,0.5622892548724563,-1.2955050737576137,0.0004247818879525834,0.37819590265256864,1.0998437224013164,30,0.89567929367422,torque_residual_run_02,blind_40,2.1880390643767917,64.49037724882996,7.13248467881683,4.754270106395394,100.0,27.64030664722244,0.0,558.9202999999999,0,226,0,1.9138788168716556,7.702100572883514,0.9229789942712651,16.266666666666666,0.9749150410562774,0,no,force_rmse;peak_force
torque_residual_run_03,run_03,3f50ce6be439066204dfc37949ce8f27b685a445f7572f8a7e99aaa27d5fc724,blind_40,6962791529958519731,4121268961919417700,0.01843062731480921,0.5622892548724563,-1.2955050737576137,0.0004247818879525834,0.37819590265256864,1.0998437224013164,30,0.89567929367422,torque_residual_run_03,blind_40,2.2053482145398022,64.49037724882996,7.195407958347898,4.7494793322671045,100.0,27.644268879241466,0.0,551.36235,0,226,0,1.6031853906811613,10.9484404837683,0.8905155951623636,16.133333333333333,0.9750336299437472,0,no,force_rmse;peak_force
torque_residual_run_04,run_04,6f01e1bb0eb3c36a43dbf54d6d0da779c57eba9cb18be4027d4f01d38dcee7bc,blind_40,6962791529958519731,4121268961919417700,0.01843062731480921,0.5622892548724563,-1.2955050737576137,0.0004247818879525834,0.37819590265256864,1.0998437224013164,30,0.89567929367422,torque_residual_run_04,blind_40,2.0384221730959324,64.49037724882996,7.335399139622386,4.758408877614946,100.0,27.617890961234284,0.0,555.81595,0,226,0,1.7241655686430482,10.757479312539784,0.8939339331888864,15.955555555555556,0.9752957594307584,0,no,force_rmse;peak_force
fixed_hybrid,,,blind_41,17629201266240775912,14920663675138664996,0.01838804191089339,0.6628556512193436,-5.576215561397571,0.0006308935330285587,0.4676022320411032,-0.876170311067503,20,1.0258073351895263,hybrid,blind_41,1.442846853862454,29.641259042669127,15.171147978495751,1.0156930865769218,100.0,23.78371359060738,0.0,82.5821,0,0,0,0.0,0.0,1.0,0.0,1.0,0,no,tangent_rmse
adaptive_hybrid,,,blind_41,17629201266240775912,14920663675138664996,0.01838804191089339,0.6628556512193436,-5.576215561397571,0.0006308935330285587,0.4676022320411032,-0.876170311067503,20,1.0258073351895263,adaptive_hybrid,blind_41,1.1479056541336154,30.318795947106928,11.68735156356251,1.0476573765913693,100.0,23.879517696659157,0.0,132.1351,0,0,0,0.0,0.0,1.0,0.0,1.0,0,yes,
safe_adaptive_hybrid,,,blind_41,17629201266240775912,14920663675138664996,0.01838804191089339,0.6628556512193436,-5.576215561397571,0.0006308935330285587,0.4676022320411032,-0.876170311067503,20,1.0258073351895263,safe_adaptive_hybrid,blind_41,1.0983626728454485,29.659520355676495,11.693810533054247,1.0480485695050052,100.0,23.888319320349716,0.0,211.8991,0,0,0,0.0,0.0,1.0,0.0,1.0,0,yes,
torque_residual_run_00,run_00,b37c7ceb9c9191837877fe96d975554ed164a84903691e3f3e9244788a290ddb,blind_41,17629201266240775912,14920663675138664996,0.01838804191089339,0.6628556512193436,-5.576215561397571,0.0006308935330285587,0.4676022320411032,-0.876170311067503,20,1.0258073351895263,torque_residual_run_00,blind_41,1.248021080345149,31.191325274103605,9.81844156774091,1.0546447474127234,100.0,23.873074733441175,0.0,555.9217,0,226,0,2.7868931200715537,0.0,1.0,0.0,1.0,0,yes,
torque_residual_run_01,run_01,63528b5f5144cfd79c6557c888a487332702b572d71f0314cdc1ae7322f0384b,blind_41,17629201266240775912,14920663675138664996,0.01838804191089339,0.6628556512193436,-5.576215561397571,0.0006308935330285587,0.4676022320411032,-0.876170311067503,20,1.0258073351895263,torque_residual_run_01,blind_41,1.1851284281658907,29.953098699390004,9.972584004269564,1.0583463892103862,100.0,23.866575412024314,0.0,557.39815,0,226,0,2.4891052861022867,0.0,1.0,0.0,1.0,0,yes,
torque_residual_run_02,run_02,47fb010b562f8d69d5c92eea398c37835d1f11e8015e0669129ff80a807dbfcc,blind_41,17629201266240775912,14920663675138664996,0.01838804191089339,0.6628556512193436,-5.576215561397571,0.0006308935330285587,0.4676022320411032,-0.876170311067503,20,1.0258073351895263,torque_residual_run_02,blind_41,1.2417707700552822,30.23722116178351,9.609431561001529,1.0597604915836825,100.0,23.89269526074489,0.0,556.9585000000001,0,226,0,2.6960195135174585,0.0,1.0,0.0,1.0,0,yes,
torque_residual_run_03,run_03,3f50ce6be439066204dfc37949ce8f27b685a445f7572f8a7e99aaa27d5fc724,blind_41,17629201266240775912,14920663675138664996,0.01838804191089339,0.6628556512193436,-5.576215561397571,0.0006308935330285587,0.4676022320411032,-0.876170311067503,20,1.0258073351895263,torque_residual_run_03,blind_41,1.1754142547052162,30.33387173362665,10.257495209955326,1.056213879954174,100.0,23.881172594469792,0.0,556.51125,0,226,0,2.3369739067405946,0.0,1.0,0.0,1.0,0,yes,
torque_residual_run_04,run_04,6f01e1bb0eb3c36a43dbf54d6d0da779c57eba9cb18be4027d4f01d38dcee7bc,blind_41,17629201266240775912,14920663675138664996,0.01838804191089339,0.6628556512193436,-5.576215561397571,0.0006308935330285587,0.4676022320411032,-0.876170311067503,20,1.0258073351895263,torque_residual_run_04,blind_41,1.2598024051570365,31.518083622321292,10.229068730276484,1.0581451536827842,100.0,23.876056380107812,0.0,556.31225,0,226,0,2.4850210863837683,0.0,1.0,0.0,1.0,0,yes,
fixed_hybrid,,,blind_42,14853935868330129831,15924154672467842439,0.024975160289841706,0.4104542701189345,-4.637599038879849,3.629683257367189e-05,0.612172695285352,0.7689302606732493,8,1.042594930049509,hybrid,blind_42,1.007187320805339,21.486449980140343,11.291937144452831,1.767492474099798,100.0,24.832497592240276,0.0,91.8623,0,0,0,0.0,0.0,1.0,0.0,1.0,0,yes,
adaptive_hybrid,,,blind_42,14853935868330129831,15924154672467842439,0.024975160289841706,0.4104542701189345,-4.637599038879849,3.629683257367189e-05,0.612172695285352,0.7689302606732493,8,1.042594930049509,adaptive_hybrid,blind_42,0.9451342049270162,22.927078501619242,10.009331118418443,1.7537880448089835,100.0,24.995266878683275,0.0,124.89945,0,0,0,0.0,0.0,1.0,0.0,1.0,0,yes,
safe_adaptive_hybrid,,,blind_42,14853935868330129831,15924154672467842439,0.024975160289841706,0.4104542701189345,-4.637599038879849,3.629683257367189e-05,0.612172695285352,0.7689302606732493,8,1.042594930049509,safe_adaptive_hybrid,blind_42,0.9451345437159198,22.927080788600257,10.009331428832423,1.7537880327255135,100.0,24.995266896385168,0.0,199.6409,0,0,0,0.0,0.0,1.0,0.0,1.0,0,yes,
torque_residual_run_00,run_00,b37c7ceb9c9191837877fe96d975554ed164a84903691e3f3e9244788a290ddb,blind_42,14853935868330129831,15924154672467842439,0.024975160289841706,0.4104542701189345,-4.637599038879849,3.629683257367189e-05,0.612172695285352,0.7689302606732493,8,1.042594930049509,torque_residual_run_00,blind_42,1.0759848436082589,23.97330992926937,8.034395365028054,1.7658852107228495,100.0,25.08455073118373,0.0,560.2143500000001,0,226,0,2.824559372553666,0.0,1.0,0.0,1.0,0,yes,
torque_residual_run_01,run_01,63528b5f5144cfd79c6557c888a487332702b572d71f0314cdc1ae7322f0384b,blind_42,14853935868330129831,15924154672467842439,0.024975160289841706,0.4104542701189345,-4.637599038879849,3.629683257367189e-05,0.612172695285352,0.7689302606732493,8,1.042594930049509,torque_residual_run_01,blind_42,1.0253660759313554,23.492982643997724,8.054206606173597,1.7675923888328002,100.0,25.066748104543862,0.0,554.3427,0,226,0,2.4962680064155367,0.0,1.0,0.0,1.0,0,yes,
torque_residual_run_02,run_02,47fb010b562f8d69d5c92eea398c37835d1f11e8015e0669129ff80a807dbfcc,blind_42,14853935868330129831,15924154672467842439,0.024975160289841706,0.4104542701189345,-4.637599038879849,3.629683257367189e-05,0.612172695285352,0.7689302606732493,8,1.042594930049509,torque_residual_run_02,blind_42,1.0673357075830712,23.383360499243594,7.907100699898159,1.7662502584369062,100.0,25.08681773397256,0.0,556.02,0,226,0,2.7519281502316955,0.0,1.0,0.0,1.0,0,yes,
torque_residual_run_03,run_03,3f50ce6be439066204dfc37949ce8f27b685a445f7572f8a7e99aaa27d5fc724,blind_42,14853935868330129831,15924154672467842439,0.024975160289841706,0.4104542701189345,-4.637599038879849,3.629683257367189e-05,0.612172695285352,0.7689302606732493,8,1.042594930049509,torque_residual_run_03,blind_42,1.063007730283401,23.895092539502876,8.497050612715265,1.7640373963822744,100.0,25.062827468356478,0.0,558.2792999999999,0,226,0,2.36204497583246,0.0,1.0,0.0,1.0,0,yes,
torque_residual_run_04,run_04,6f01e1bb0eb3c36a43dbf54d6d0da779c57eba9cb18be4027d4f01d38dcee7bc,blind_42,14853935868330129831,15924154672467842439,0.024975160289841706,0.4104542701189345,-4.637599038879849,3.629683257367189e-05,0.612172695285352,0.7689302606732493,8,1.042594930049509,torque_residual_run_04,blind_42,1.07129227377885,23.348588923696784,8.442801455243798,1.7659198461437595,100.0,25.067515904507083,0.0,557.111,0,226,0,2.495859261698915,0.0,1.0,0.0,1.0,0,yes,
fixed_hybrid,,,blind_43,17271684737988514838,16674642728411499993,0.023891888830613724,0.35131121625534867,-4.585384897710885,0.00039891909189606933,0.2021063785365197,-0.44815250481172697,12,0.9776510653683832,hybrid,blind_43,0.9253568320283836,22.729589326384602,8.345420663648504,0.8033495062198089,100.0,24.914078791357973,0.0,81.10510000000001,0,0,0,0.0,0.0,1.0,0.0,1.0,0,yes,
adaptive_hybrid,,,blind_43,17271684737988514838,16674642728411499993,0.023891888830613724,0.35131121625534867,-4.585384897710885,0.00039891909189606933,0.2021063785365197,-0.44815250481172697,12,0.9776510653683832,adaptive_hybrid,blind_43,0.8576238170414542,23.04577262147234,7.130821306715291,0.8048867749582685,100.0,24.91960320296032,0.0,125.7553,0,0,0,0.0,0.0,1.0,0.0,1.0,0,yes,
safe_adaptive_hybrid,,,blind_43,17271684737988514838,16674642728411499993,0.023891888830613724,0.35131121625534867,-4.585384897710885,0.00039891909189606933,0.2021063785365197,-0.44815250481172697,12,0.9776510653683832,safe_adaptive_hybrid,blind_43,0.9075069399946287,23.213635250396656,7.133839358540048,0.8052136357559924,100.0,24.91810588342914,0.0,198.10639999999998,0,0,0,0.0,0.0,1.0,0.0,1.0,0,yes,
torque_residual_run_00,run_00,b37c7ceb9c9191837877fe96d975554ed164a84903691e3f3e9244788a290ddb,blind_43,17271684737988514838,16674642728411499993,0.023891888830613724,0.35131121625534867,-4.585384897710885,0.00039891909189606933,0.2021063785365197,-0.44815250481172697,12,0.9776510653683832,torque_residual_run_00,blind_43,1.0056239481863583,25.417148928396493,6.8772124937318395,0.7902111818484335,100.0,24.99387131244942,0.0,560.664,0,226,0,2.7981343521030637,0.0,1.0,0.0,1.0,0,yes,
torque_residual_run_01,run_01,63528b5f5144cfd79c6557c888a487332702b572d71f0314cdc1ae7322f0384b,blind_43,17271684737988514838,16674642728411499993,0.023891888830613724,0.35131121625534867,-4.585384897710885,0.00039891909189606933,0.2021063785365197,-0.44815250481172697,12,0.9776510653683832,torque_residual_run_01,blind_43,0.9718227818611714,23.686570310393204,6.704960819251332,0.7891096249664342,100.0,24.97929003429742,0.0,557.50725,0,226,0,2.3929762999892246,0.0,1.0,0.0,1.0,0,yes,
torque_residual_run_02,run_02,47fb010b562f8d69d5c92eea398c37835d1f11e8015e0669129ff80a807dbfcc,blind_43,17271684737988514838,16674642728411499993,0.023891888830613724,0.35131121625534867,-4.585384897710885,0.00039891909189606933,0.2021063785365197,-0.44815250481172697,12,0.9776510653683832,torque_residual_run_02,blind_43,0.9671299090194326,25.1449847677339,6.506713684070434,0.7963759744453028,100.0,24.997922687516724,0.0,555.64265,0,226,0,2.5799461594303223,0.0,1.0,0.0,1.0,0,yes,
torque_residual_run_03,run_03,3f50ce6be439066204dfc37949ce8f27b685a445f7572f8a7e99aaa27d5fc724,blind_43,17271684737988514838,16674642728411499993,0.023891888830613724,0.35131121625534867,-4.585384897710885,0.00039891909189606933,0.2021063785365197,-0.44815250481172697,12,0.9776510653683832,torque_residual_run_03,blind_43,0.9595602705610113,23.48254626327513,6.951434848047086,0.7936301311790015,100.0,24.98245697734032,0.0,557.56895,0,226,0,2.2386366865272747,0.0,1.0,0.0,1.0,0,yes,
torque_residual_run_04,run_04,6f01e1bb0eb3c36a43dbf54d6d0da779c57eba9cb18be4027d4f01d38dcee7bc,blind_43,17271684737988514838,16674642728411499993,0.023891888830613724,0.35131121625534867,-4.585384897710885,0.00039891909189606933,0.2021063785365197,-0.44815250481172697,12,0.9776510653683832,torque_residual_run_04,blind_43,0.9997132257880734,24.79870107584171,7.034933314091886,0.793167422111838,100.0,24.985018781282896,0.0,555.0777,0,226,0,2.385385483210553,0.0,1.0,0.0,1.0,0,yes,
fixed_hybrid,,,blind_44,8741657526254647773,4889036090055758018,0.014914303074418654,0.6038993609824248,0.3608337448099066,0.000668642960646807,0.7434886574369673,0.8158615201585975,14,1.0998336204241639,hybrid,blind_44,1.0906594375459817,28.629147553895084,18.21017064375539,3.5046589565941964,100.0,24.073317860026098,0.0,82.05135,0,0,0,0.0,0.0,1.0,0.0,1.0,0,no,tangent_rmse
adaptive_hybrid,,,blind_44,8741657526254647773,4889036090055758018,0.014914303074418654,0.6038993609824248,0.3608337448099066,0.000668642960646807,0.7434886574369673,0.8158615201585975,14,1.0998336204241639,adaptive_hybrid,blind_44,1.091686170341769,30.870640743535972,14.949439785589194,3.50084961399604,100.0,24.21511484027068,0.0,143.9828,0,0,0,0.0,0.0,1.0,0.0,1.0,0,yes,
safe_adaptive_hybrid,,,blind_44,8741657526254647773,4889036090055758018,0.014914303074418654,0.6038993609824248,0.3608337448099066,0.000668642960646807,0.7434886574369673,0.8158615201585975,14,1.0998336204241639,safe_adaptive_hybrid,blind_44,1.1084264998807962,30.31772199977534,14.967944861101364,3.5002536097719785,100.0,24.215306134596354,0.0,196.66084999999998,0,0,0,0.0,0.0,1.0,0.0,1.0,0,yes,
torque_residual_run_00,run_00,b37c7ceb9c9191837877fe96d975554ed164a84903691e3f3e9244788a290ddb,blind_44,8741657526254647773,4889036090055758018,0.014914303074418654,0.6038993609824248,0.3608337448099066,0.000668642960646807,0.7434886574369673,0.8158615201585975,14,1.0998336204241639,torque_residual_run_00,blind_44,1.2533261131699576,30.15730191181618,12.286476954726064,3.508754657352167,100.0,24.2961454600321,0.0,556.31485,0,226,0,2.8654513021975108,0.0,1.0,0.0,1.0,0,yes,
torque_residual_run_01,run_01,63528b5f5144cfd79c6557c888a487332702b572d71f0314cdc1ae7322f0384b,blind_44,8741657526254647773,4889036090055758018,0.014914303074418654,0.6038993609824248,0.3608337448099066,0.000668642960646807,0.7434886574369673,0.8158615201585975,14,1.0998336204241639,torque_residual_run_01,blind_44,1.1509732893916824,29.28092100006145,12.315394870179249,3.5123586911262255,100.0,24.26791169768659,0.0,556.79575,0,226,0,2.627187187761971,0.0,1.0,0.0,1.0,0,yes,
torque_residual_run_02,run_02,47fb010b562f8d69d5c92eea398c37835d1f11e8015e0669129ff80a807dbfcc,blind_44,8741657526254647773,4889036090055758018,0.014914303074418654,0.6038993609824248,0.3608337448099066,0.000668642960646807,0.7434886574369673,0.8158615201585975,14,1.0998336204241639,torque_residual_run_02,blind_44,1.2338332879108458,29.859790502150393,12.255611881391825,3.5089999884475924,100.0,24.313107253066327,0.0,562.1764,0,226,0,2.9032696052422886,0.0,1.0,0.0,1.0,0,yes,
torque_residual_run_03,run_03,3f50ce6be439066204dfc37949ce8f27b685a445f7572f8a7e99aaa27d5fc724,blind_44,8741657526254647773,4889036090055758018,0.014914303074418654,0.6038993609824248,0.3608337448099066,0.000668642960646807,0.7434886574369673,0.8158615201585975,14,1.0998336204241639,torque_residual_run_03,blind_44,1.2649966644738855,31.382644359802054,12.710747587643434,3.5092647783322546,100.0,24.2873621228542,0.0,557.7190499999999,0,226,0,2.498269525539494,0.0,1.0,0.0,1.0,0,yes,
torque_residual_run_04,run_04,6f01e1bb0eb3c36a43dbf54d6d0da779c57eba9cb18be4027d4f01d38dcee7bc,blind_44,8741657526254647773,4889036090055758018,0.014914303074418654,0.6038993609824248,0.3608337448099066,0.000668642960646807,0.7434886574369673,0.8158615201585975,14,1.0998336204241639,torque_residual_run_04,blind_44,1.187246130250994,29.952711007523718,12.62170216551306,3.5118460702686063,100.0,24.286589792161024,0.0,582.38245,0,226,0,2.640860482460934,0.0,1.0,0.0,1.0,0,yes,
fixed_hybrid,,,blind_45,15132433425372435506,12619866276639932811,0.005213570029602707,0.2065181903086764,4.041550931050995,0.0007849332379316173,0.5938815165321805,-1.4367744650895562,22,0.939955996683234,hybrid,blind_45,1.4982311585265207,38.020331246689786,7.546056893778429,2.3420450439744513,100.0,24.92874980929766,0.0,99.2379,0,0,0,0.0,0.0,1.0,0.0,1.0,0,no,peak_force
adaptive_hybrid,,,blind_45,15132433425372435506,12619866276639932811,0.005213570029602707,0.2065181903086764,4.041550931050995,0.0007849332379316173,0.5938815165321805,-1.4367744650895562,22,0.939955996683234,adaptive_hybrid,blind_45,1.1194295373786298,41.865368180317276,6.102835336708548,2.326990916397498,100.0,24.87554189092094,0.0,140.01415,0,0,0,0.0,0.0,1.0,0.0,1.0,0,no,peak_force
safe_adaptive_hybrid,,,blind_45,15132433425372435506,12619866276639932811,0.005213570029602707,0.2065181903086764,4.041550931050995,0.0007849332379316173,0.5938815165321805,-1.4367744650895562,22,0.939955996683234,safe_adaptive_hybrid,blind_45,1.1157741316907037,41.865368180317276,6.127530029928195,2.327762823591879,100.0,24.881357652604667,0.0,198.28674999999998,0,0,0,0.0,0.0,1.0,0.0,1.0,0,no,peak_force
torque_residual_run_00,run_00,b37c7ceb9c9191837877fe96d975554ed164a84903691e3f3e9244788a290ddb,blind_45,15132433425372435506,12619866276639932811,0.005213570029602707,0.2065181903086764,4.041550931050995,0.0007849332379316173,0.5938815165321805,-1.4367744650895562,22,0.939955996683234,torque_residual_run_00,blind_45,1.2041734612113149,41.865368180317276,7.3603694123796295,2.3098126593753823,100.0,24.958607330030155,0.0,564.126,0,226,0,2.681401483035541,0.0,1.0,0.0,1.0,0,no,peak_force
torque_residual_run_01,run_01,63528b5f5144cfd79c6557c888a487332702b572d71f0314cdc1ae7322f0384b,blind_45,15132433425372435506,12619866276639932811,0.005213570029602707,0.2065181903086764,4.041550931050995,0.0007849332379316173,0.5938815165321805,-1.4367744650895562,22,0.939955996683234,torque_residual_run_01,blind_45,1.1523110523414561,41.865368180317276,7.006223016287483,2.3106415933257622,100.0,24.929101857902765,0.0,559.4135,0,226,0,2.305780828556746,0.0,1.0,0.0,1.0,0,no,peak_force
torque_residual_run_02,run_02,47fb010b562f8d69d5c92eea398c37835d1f11e8015e0669129ff80a807dbfcc,blind_45,15132433425372435506,12619866276639932811,0.005213570029602707,0.2065181903086764,4.041550931050995,0.0007849332379316173,0.5938815165321805,-1.4367744650895562,22,0.939955996683234,torque_residual_run_02,blind_45,1.2411905674021924,41.865368180317276,6.898419932470386,2.311570067993302,100.0,24.959619254616133,0.0,562.9734,0,226,0,2.4036197525343534,0.0,1.0,0.0,1.0,0,no,peak_force
torque_residual_run_03,run_03,3f50ce6be439066204dfc37949ce8f27b685a445f7572f8a7e99aaa27d5fc724,blind_45,15132433425372435506,12619866276639932811,0.005213570029602707,0.2065181903086764,4.041550931050995,0.0007849332379316173,0.5938815165321805,-1.4367744650895562,22,0.939955996683234,torque_residual_run_03,blind_45,1.2102099885771451,41.865368180317276,7.087516762860954,2.313624379148657,100.0,24.941345188158458,0.0,553.84835,0,226,0,2.145492486857357,0.0,1.0,0.0,1.0,0,no,peak_force
torque_residual_run_04,run_04,6f01e1bb0eb3c36a43dbf54d6d0da779c57eba9cb18be4027d4f01d38dcee7bc,blind_45,15132433425372435506,12619866276639932811,0.005213570029602707,0.2065181903086764,4.041550931050995,0.0007849332379316173,0.5938815165321805,-1.4367744650895562,22,0.939955996683234,torque_residual_run_04,blind_45,1.2476121754311778,41.865368180317276,7.2329606919345,2.3143340931640908,100.0,24.940036910258872,0.0,553.8559,0,226,0,2.3282354166984534,0.0,1.0,0.0,1.0,0,no,peak_force
fixed_hybrid,,,blind_46,1052847607800730164,16861890421311852620,0.020128379146069575,0.5435703423281287,-4.014843613653998,0.00019279102563130143,0.2284144243815929,-1.0744231473231984,30,0.9065731964688115,hybrid,blind_46,1.4757057591243792,55.14896313926536,7.469888295068123,4.230557669345966,100.0,28.415445467620927,13.28888888888889,84.40889999999999,0,0,0,0.0,0.0,1.0,0.0,1.0,0,no,peak_force;saturation
adaptive_hybrid,,,blind_46,1052847607800730164,16861890421311852620,0.020128379146069575,0.5435703423281287,-4.014843613653998,0.00019279102563130143,0.2284144243815929,-1.0744231473231984,30,0.9065731964688115,adaptive_hybrid,blind_46,1.7765407880030561,57.6117918943652,5.905864609801461,4.198885363496438,100.0,28.508316340408808,13.644444444444446,131.24665,0,0,0,0.0,0.0,1.0,0.0,1.0,0,no,peak_force;saturation
safe_adaptive_hybrid,,,blind_46,1052847607800730164,16861890421311852620,0.020128379146069575,0.5435703423281287,-4.014843613653998,0.00019279102563130143,0.2284144243815929,-1.0744231473231984,30,0.9065731964688115,safe_adaptive_hybrid,blind_46,2.0766183507344533,55.3091679031383,6.057324236574418,4.180997741463362,100.0,27.11250947319131,0.0,227.77724999999998,0,0,0,0.0,0.0,1.0,13.022222222222222,0.9804589695471461,0,no,force_rmse;peak_force
torque_residual_run_00,run_00,b37c7ceb9c9191837877fe96d975554ed164a84903691e3f3e9244788a290ddb,blind_46,1052847607800730164,16861890421311852620,0.020128379146069575,0.5435703423281287,-4.014843613653998,0.00019279102563130143,0.2284144243815929,-1.0744231473231984,30,0.9065731964688115,torque_residual_run_00,blind_46,1.8399961422228364,55.3091679031383,7.471409237345741,4.219396287699493,100.0,27.396348605070113,0.0,559.7956499999999,0,226,0,2.344825773567856,9.420751113940165,0.9057924888606423,14.177777777777777,0.9783549959132504,0,no,peak_force
torque_residual_run_01,run_01,63528b5f5144cfd79c6557c888a487332702b572d71f0314cdc1ae7322f0384b,blind_46,1052847607800730164,16861890421311852620,0.020128379146069575,0.5435703423281287,-4.014843613653998,0.00019279102563130143,0.2284144243815929,-1.0744231473231984,30,0.9065731964688115,torque_residual_run_01,blind_46,1.961122392154252,55.3091679031383,6.886952172462455,4.20602069114064,100.0,27.244422741640197,0.0,553.4394,0,226,0,1.823364189863863,6.6836409929980904,0.9331635900700679,13.644444444444444,0.9792848593377924,0,no,peak_force
torque_residual_run_02,run_02,47fb010b562f8d69d5c92eea398c37835d1f11e8015e0669129ff80a807dbfcc,blind_46,1052847607800730164,16861890421311852620,0.020128379146069575,0.5435703423281287,-4.014843613653998,0.00019279102563130143,0.2284144243815929,-1.0744231473231984,30,0.9065731964688115,torque_residual_run_02,blind_46,1.93055649329349,55.3091679031383,6.84977672063633,4.218759723792132,100.0,27.353742195518844,0.0,544.31445,0,226,0,2.0527490076594503,9.420751113940165,0.9057924888608329,14.044444444444444,0.9785738067171162,0,no,peak_force
torque_residual_run_03,run_03,3f50ce6be439066204dfc37949ce8f27b685a445f7572f8a7e99aaa27d5fc724,blind_46,1052847607800730164,16861890421311852620,0.020128379146069575,0.5435703423281287,-4.014843613653998,0.00019279102563130143,0.2284144243815929,-1.0744231473231984,30,0.9065731964688115,torque_residual_run_03,blind_46,1.971153088142819,55.3091679031383,6.949280254039325,4.213234244296118,100.0,27.3432208197158,0.0,549.6146,0,226,0,1.7162835592497616,9.484404837683005,0.9054567596107647,14.133333333333333,0.9786352931300217,0,no,peak_force
torque_residual_run_04,run_04,6f01e1bb0eb3c36a43dbf54d6d0da779c57eba9cb18be4027d4f01d38dcee7bc,blind_46,1052847607800730164,16861890421311852620,0.020128379146069575,0.5435703423281287,-4.014843613653998,0.00019279102563130143,0.2284144243815929,-1.0744231473231984,30,0.9065731964688115,torque_residual_run_04,blind_46,1.8447898367480828,55.3091679031383,7.147473890741018,4.215967734189355,100.0,27.305366134850622,0.0,552.8614,0,226,0,1.8436259710758054,9.22978994271165,0.9078491337164851,13.777777777777779,0.9790074379301841,0,no,peak_force
fixed_hybrid,,,blind_47,15762318482298756052,14142468612194278539,0.006752047881877662,0.7564139190117918,-0.30174181933572974,0.0007389332794357179,0.6743653954728562,0.3513967017468662,18,1.1101051703540217,hybrid,blind_47,1.214918253102703,38.88551568835608,22.06767575645657,3.7053104591581985,100.0,23.264489895407635,0.0,80.63705,0,0,0,0.0,0.0,1.0,0.0,1.0,0,no,peak_force;tangent_rmse
adaptive_hybrid,,,blind_47,15762318482298756052,14142468612194278539,0.006752047881877662,0.7564139190117918,-0.30174181933572974,0.0007389332794357179,0.6743653954728562,0.3513967017468662,18,1.1101051703540217,adaptive_hybrid,blind_47,1.3777005773089261,41.427549598304374,17.959093449252496,3.706932118360763,100.0,23.389674703573064,0.0,124.70309999999999,0,0,0,0.0,0.0,1.0,0.0,1.0,0,no,peak_force;tangent_rmse
safe_adaptive_hybrid,,,blind_47,15762318482298756052,14142468612194278539,0.006752047881877662,0.7564139190117918,-0.30174181933572974,0.0007389332794357179,0.6743653954728562,0.3513967017468662,18,1.1101051703540217,safe_adaptive_hybrid,blind_47,1.3809865561389585,40.79982322683949,18.002777459949638,3.7059406709974496,100.0,23.399332537892302,0.0,210.3269,0,0,0,0.0,0.0,1.0,0.0,1.0,0,no,peak_force;tangent_rmse
torque_residual_run_00,run_00,b37c7ceb9c9191837877fe96d975554ed164a84903691e3f3e9244788a290ddb,blind_47,15762318482298756052,14142468612194278539,0.006752047881877662,0.7564139190117918,-0.30174181933572974,0.0007389332794357179,0.6743653954728562,0.3513967017468662,18,1.1101051703540217,torque_residual_run_00,blind_47,1.4757256731261634,40.13462769588163,14.99504349030319,3.713397858446251,100.0,23.421037890669865,0.0,553.1393999999999,0,226,0,2.8865142730897726,0.0,1.0,0.0,1.0,0,no,peak_force
torque_residual_run_01,run_01,63528b5f5144cfd79c6557c888a487332702b572d71f0314cdc1ae7322f0384b,blind_47,15762318482298756052,14142468612194278539,0.006752047881877662,0.7564139190117918,-0.30174181933572974,0.0007389332794357179,0.6743653954728562,0.3513967017468662,18,1.1101051703540217,torque_residual_run_01,blind_47,1.4305820003054994,40.291825873609156,15.083693430727736,3.7168308046552068,100.0,23.39488592873841,0.0,555.4730500000001,0,226,0,2.6699541064850556,0.0,1.0,0.0,1.0,0,no,peak_force;tangent_rmse
torque_residual_run_02,run_02,47fb010b562f8d69d5c92eea398c37835d1f11e8015e0669129ff80a807dbfcc,blind_47,15762318482298756052,14142468612194278539,0.006752047881877662,0.7564139190117918,-0.30174181933572974,0.0007389332794357179,0.6743653954728562,0.3513967017468662,18,1.1101051703540217,torque_residual_run_02,blind_47,1.4684244803898903,40.85005175840486,14.95142939380306,3.7126655727295343,100.0,23.43637360388349,0.0,553.4926,0,226,0,2.9548590139060864,0.0,1.0,0.0,1.0,0,no,peak_force
torque_residual_run_03,run_03,3f50ce6be439066204dfc37949ce8f27b685a445f7572f8a7e99aaa27d5fc724,blind_47,15762318482298756052,14142468612194278539,0.006752047881877662,0.7564139190117918,-0.30174181933572974,0.0007389332794357179,0.6743653954728562,0.3513967017468662,18,1.1101051703540217,torque_residual_run_03,blind_47,1.517047961337207,42.046425689603765,15.47171703539507,3.7156928156712703,100.0,23.41824066197642,0.0,551.6197,0,226,0,2.5225313233079287,0.0,1.0,0.0,1.0,0,no,peak_force;tangent_rmse
torque_residual_run_04,run_04,6f01e1bb0eb3c36a43dbf54d6d0da779c57eba9cb18be4027d4f01d38dcee7bc,blind_47,15762318482298756052,14142468612194278539,0.006752047881877662,0.7564139190117918,-0.30174181933572974,0.0007389332794357179,0.6743653954728562,0.3513967017468662,18,1.1101051703540217,torque_residual_run_04,blind_47,1.488511663530139,41.43219775423494,15.408136913810742,3.716494598969009,100.0,23.414277737929037,0.0,553.4037000000001,0,226,0,2.6973410357036074,0.0,1.0,0.0,1.0,0,no,peak_force;tangent_rmse
