case_index,rotation_gain_scale,wall_yaw_deg,wall_time_constant_s,tool_mass_kg,simulation_seed,original_compatibility,reference_trace,candidate_trace,start_s,end_s,samples,velocity_rms_6_m_s,velocity_rms_8_m_s,velocity_rms_delta_m_s,along_mse_6_m2_s2,along_mse_8_m2_s2,cross_mse_6_m2_s2,cross_mse_8_m2_s2,along_mean_6_m_s,along_mean_8_m_s,cross_mean_6_m_s,cross_mean_8_m_s,along_variance_6_m2_s2,along_variance_8_m2_s2,cross_variance_6_m2_s2,cross_variance_8_m2_s2,position_rms_6_mm,position_rms_8_mm,position_rms_delta_mm,position_along_mean_6_mm,position_along_mean_8_mm,request_along_mean_6_n,request_along_mean_8_n,request_along_std_6_n,request_along_std_8_n,request_delta_vector_rms_n,mse_delta_m2_s2,weighted_mse_delta_m2_s2
0,1.0,-15.0,0.005,0.1,11,PASS,results/franka_rotation_gain_public24/traces/s1__online__case_00__compact.npz,results/franka_budget_transfer/traces/public24__case00__s1__f8n.npz,1.5,2.0,250,0.009621297261382179,0.00998067255777574,0.00035937529639356106,8.502118295945985e-05,9.194588953903712e-05,7.548178032420383e-06,7.667935166500623e-06,0.006109022311052267,0.006494788286338532,0.0026993704263469204,0.0027192736964797653,4.7701029362525455e-05,4.9763614654676905e-05,2.615773337840251e-07,2.734857301338942e-07,2.5365353217588966,2.5346841086412644,-0.001851213117632245,-2.1680611641712693,-2.1407175833644145,5.796810729433559,5.840368912718687,0.21373197702726948,0.25595418077046167,0.07500143478894977,7.044463713657515e-06,1.1740772856095859e-06
0,1.0,-15.0,0.005,0.1,11,PASS,results/franka_rotation_gain_public24/traces/s1__online__case_00__compact.npz,results/franka_budget_transfer/traces/public24__case00__s1__f8n.npz,2.0,2.5,250,0.0024616045248691725,0.002676481148514708,0.00021487662364553552,1.8519564463443108e-06,3.575718534141904e-06,4.207540390512073e-06,3.5878328042127046e-06,1.4205359495007287e-05,-1.0648711947658263e-05,0.001953943350045352,0.0017659912769101018,1.851754654105928e-06,3.57560513907576e-06,3.8964577532562104e-07,4.6910761409013285e-07,0.8550426065830291,0.9659282095191719,0.11088560293614276,-0.0015914141376528051,0.22973038491006492,5.976458261193329,6.066509043116268,0.0025806164242312126,0.0287783407511658,0.09394208188656936,1.104054501498224e-06,1.8400908358303734e-07
0,1.0,-15.0,0.005,0.1,11,PASS,results/franka_rotation_gain_public24/traces/s1__online__case_00__compact.npz,results/franka_budget_transfer/traces/public24__case00__s1__f8n.npz,2.5,3.0,250,0.0010177908495101503,0.0014659219396435422,0.0004481310901333919,3.395487428608359e-07,1.811244548050376e-06,6.963494704857574e-07,3.376825850779092e-07,0.000557909693710714,0.0012929835067675083,0.0008231640004358806,0.0005579088879740329,2.82855165244532e-08,1.3943819927757255e-07,1.875049887215502e-08,2.6420257797487287e-08,1.287568733042056,1.236001477836126,-0.05156725520593015,-0.7881961463294999,-0.5395577227859023,5.971412707059411,6.131533739691497,0.0008449680803766244,0.044850845909683815,0.16615251361348693,1.113028919781692e-06,1.855048199636153e-07
0,1.0,-15.0,0.005,0.1,11,PASS,results/franka_rotation_gain_public24/traces/s1__online__case_00__compact.npz,results/franka_budget_transfer/traces/public24__case00__s1__f8n.npz,3.0,3.5,250,0.0009792330971470987,0.0016127384587101348,0.0006335053615630362,6.505195853918465e-07,2.580133327560485e-06,3.0837787315645273e-07,2.0792008642256635e-08,0.0007839630717295763,0.0015929165885791236,0.0005476435554701276,-3.223813333502511e-05,3.592148755617372e-08,4.275006938993186e-08,8.46440930849009e-09,1.9752711401329778e-08,1.2059257611033993,0.9217794766590474,-0.28414628444435197,-1.0595086727227219,-0.4930472119964593,5.977776941498261,6.272913578730944,0.002563058462016634,0.029468589999202217,0.29640651647794697,1.6420278776544423e-06,2.7367131294240704e-07
0,1.0,-15.0,0.005,0.1,11,PASS,results/franka_rotation_gain_public24/traces/s1__online__case_00__compact.npz,results/franka_budget_transfer/traces/public24__case00__s1__f8n.npz,3.5,4.0,250,0.0016476386445830092,0.0015035616250597635,-0.0001440770195232457,2.159545129989125e-06,2.2330826252362182e-06,5.551679731342111e-07,2.7614935116138628e-08,0.0014314250004488222,0.001479190315680757,0.0007283301802216953,-7.033829810765773e-06,1.1056759807921418e-07,4.507863523248123e-08,2.4703121712443712e-08,2.756546035433181e-08,0.8191319553668927,0.5389199419477062,-0.2802120134191864,-0.7404239316157826,-0.0627167182115222,5.981103227356652,6.27379953517317,0.005732055221506006,0.02952987831888551,0.29397253109839,-4.540155427709792e-07,-7.566925712849653e-08
0,1.0,-15.0,0.005,0.1,11,PASS,results/franka_rotation_gain_public24/traces/s1__online__case_00__compact.npz,results/franka_budget_transfer/traces/public24__case00__s1__f8n.npz,4.0,4.5,250,0.0019102349601858074,0.001209193618751856,-0.0007010413414339513,2.7814661839332103e-06,1.3129174985457293e-06,8.675314191828629e-07,1.492317090844798e-07,0.0016307832353095477,0.0010630751445375867,0.000924820256861077,0.0003570314676154236,1.22012223366535e-07,1.82788735612118e-07,1.2238911682274409e-08,2.1760240216856546e-08,0.5475725658104826,0.7588224007683997,0.2112498349579171,-0.0667836363369239,0.3682188901095226,5.953081265088287,6.117058139823682,0.03010616096787362,0.07243100342410616,0.17023672993379105,-2.1868483954858643e-06,-3.6447473258097735e-07
0,2.0,-15.0,0.005,0.1,11,FAIL,results/franka_rotation_gain_public24/traces/s2__online__case_00__compact.npz,results/franka_budget_transfer/traces/public24__case00__s2__f8n.npz,1.5,2.0,250,0.010718546443058362,0.011188026859766697,0.0004694804167083358,0.00010480245895155664,0.00011493569177762152,1.0084778900442437e-05,1.0236253237239565e-05,0.006535696167129285,0.007042976940026353,0.0030731807113178935,0.0030932614906622673,6.20871345625282e-05,6.533216759987855e-05,6.403392160260848e-07,6.679865876254161e-07,2.6213916740040553,2.621184551956511,-0.00020712204754384442,-2.1690422440280805,-2.129131033908298,5.798705119301877,5.857426924260112,0.2190740187698054,0.27429271831955654,0.09588474603060326,1.0284707162861999e-05,1.7141178604769996e-06
0,2.0,-15.0,0.005,0.1,11,FAIL,results/franka_rotation_gain_public24/traces/s2__online__case_00__compact.npz,results/franka_budget_transfer/traces/public24__case00__s2__f8n.npz,2.0,2.5,250,0.002580049254783646,0.002896124526773293,0.0003160752719896468,2.2053838465930668e-06,4.6245155346738335e-06,4.451270310516579e-06,3.763021739903995e-06,-0.00047452330101988607,-0.0006863104690789262,0.0019373489841395138,0.0017091763532024237,1.980211483382258e-06,4.1534934747064974e-06,6.979492241701739e-07,8.4173793355766e-07,0.98272885231871,1.1127856068245454,0.13005675450583556,-0.035567244426885775,0.21419531224077853,5.976458261193329,6.062280051927951,0.0025806164242312126,0.039665894597728846,0.09370359420885964,1.7308831174681834e-06,2.8848051957803056e-07
0,2.0,-15.0,0.005,0.1,11,FAIL,results/franka_rotation_gain_public24/traces/s2__online__case_00__compact.npz,results/franka_budget_transfer/traces/public24__case00__s2__f8n.npz,2.5,3.0,250,0.0011540246361994432,0.0017881646599553537,0.0006341400237559105,6.593528954752488e-07,2.851194008370303e-06,6.724199654800085e-07,3.463388427429417e-07,0.0007990330662363052,0.0016632114191168816,0.0008100181428969873,0.0005641407631780113,2.0899054536257335e-08,8.49217836895119e-08,1.6290573657724362e-08,2.8084042063872652e-08,1.3204037331942673,1.2580512879728198,-0.06235244522144749,-0.8386988145323762,-0.5863719486218681,5.97136458182079,6.141593171724665,0.0009021028384160404,0.046536473797229694,0.17635779464505832,1.8657599901579872e-06,3.109599983596645e-07
0,2.0,-15.0,0.005,0.1,11,FAIL,results/franka_rotation_gain_public24/traces/s2__online__case_00__compact.npz,results/franka_budget_transfer/traces/public24__case00__s2__f8n.npz,3.0,3.5,250,0.0010567134039362565,0.001683455256088388,0.0006267418521521315,8.085563336729439e-07,2.8128801089466263e-06,3.0808688438560606e-07,2.1141490304993633e-08,0.0008787211642486807,0.0016650303198938311,0.000547485497061446,-6.188945773927086e-05,3.640544917438692e-08,4.0554142780871686e-08,8.346514892987419e-09,1.7311185325732642e-08,1.188711172915598,0.9047962017292277,-0.28391497118637016,-1.0449327569562392,-0.45996836562357857,5.97759743934232,6.276577232768697,0.0027057064771791356,0.02572941470409595,0.29991779123369056,1.71737838119307e-06,2.8622973019884497e-07
0,2.0,-15.0,0.005,0.1,11,FAIL,results/franka_rotation_gain_public24/traces/s2__online__case_00__compact.npz,results/franka_budget_transfer/traces/public24__case00__s2__f8n.npz,3.5,4.0,250,0.001717466475425344,0.001469943887102507,-0.0002475225883228371,2.335128053289698e-06,2.129122908329963e-06,6.145630409202558e-07,3.161212290006462e-08,0.0014977657817161177,0.001446562838827222,0.000767584787750635,2.5209802158458752e-05,9.182571641000531e-08,3.6578861654091896e-08,2.537663453406846e-08,3.0976588775195985e-08,0.7757031106473469,0.5545971505053346,-0.2211059601420122,-0.6805295400351535,-0.02096807215814222,5.98079322274359,6.25892970983594,0.005999329295771153,0.03250444203434866,0.27979720521905443,-7.889560629799257e-07,-1.3149267716332094e-07
0,2.0,-15.0,0.005,0.1,11,FAIL,results/franka_rotation_gain_public24/traces/s2__online__case_00__compact.npz,results/franka_budget_transfer/traces/public24__case00__s2__f8n.npz,4.0,4.5,250,0.0018601103147947659,0.0011700479946097104,-0.0006900623201850555,2.5835451046105774e-06,1.2016379618631882e-06,8.764652785953058e-07,1.6737434782701675e-07,0.001561605124888058,0.0010131841861700716,0.0009305483354583664,0.0003881257739049127,1.449345385339298e-07,1.7509576675807794e-07,1.0545073970969397e-08,1.6732731457729344e-08,0.6006893032015307,0.8042808778405776,0.2035915746390469,-0.027501673303779978,0.3664835869655454,5.95343116609076,6.103359749403834,0.029287947474798598,0.06829570902143195,0.15579913755415312,-2.090998073515678e-06,-3.4849967891927964e-07
1,1.0,-15.0,0.005,0.1,29,PASS,results/franka_rotation_gain_public24/traces/s1__online__case_01__compact.npz,results/franka_budget_transfer/traces/public24__case01__s1__f8n.npz,1.5,2.0,250,0.009708944945165157,0.010093047950634771,0.00038410300546961457,8.61548293112954e-05,9.363420398190661e-05,8.108782636952649e-06,8.23541295190616e-06,0.0060582237264298405,0.006467079639075021,0.0027884625677212357,0.0028089513951491847,4.9452754591817945e-05,5.181108492376792e-05,3.3325914537014263e-07,3.452050115956089e-07,2.5342429652706953,2.5323322820682357,-0.001910683202459816,-2.1637860538326383,-2.13417018968806,5.80063097205003,5.8474068900473535,0.207108864261483,0.2530154402508999,0.07985590229913252,7.606004985564704e-06,1.2676674975941173e-06
1,1.0,-15.0,0.005,0.1,29,PASS,results/franka_rotation_gain_public24/traces/s1__online__case_01__compact.npz,results/franka_budget_transfer/traces/public24__case01__s1__f8n.npz,2.0,2.5,250,0.002484511129959709,0.0028368951356062032,0.0003523840056464944,2.126623934667503e-06,4.6322262505877185e-06,4.0461716202261666e-06,3.4157477598384185e-06,8.881927383858734e-06,-0.00016205255580593346,0.0018971785588143013,0.0016999111642023688,2.126545046033451e-06,4.605965219744483e-06,4.468851362014575e-07,5.260497936585659e-07,0.867663396621064,0.9886158633494592,0.12095246672839521,0.01480104278722301,0.23501838972309266,5.976458261193329,6.053139122178415,0.0025806164242312126,0.042523811046318645,0.08669625682236544,1.8751784555324675e-06,3.1252974258874457e-07
1,1.0,-15.0,0.005,0.1,29,PASS,results/franka_rotation_gain_public24/traces/s1__online__case_01__compact.npz,results/franka_budget_transfer/traces/public24__case01__s1__f8n.npz,2.5,3.0,250,0.0010783968055357333,0.0017123541528601155,0.0006339573473243822,4.4239485732496977e-07,2.519402553547681e-06,7.205448128647041e-07,4.127541912696025e-07,0.0006256389014008192,0.0015072885260298697,0.0008372274013928598,0.0006258919082594894,5.097082237894571e-08,2.474838528463845e-07,1.9595091221663384e-08,2.101351044489727e-08,1.2808364725851538,1.2226692302720399,-0.05816724231311383,-0.7856240966207244,-0.5572110594605942,5.971412707059411,6.13043460815724,0.0008449680803766244,0.05536280752586511,0.16824232039980894,1.7692170746276097e-06,2.9486951243793496e-07
1,1.0,-15.0,0.005,0.1,29,PASS,results/franka_rotation_gain_public24/traces/s1__online__case_01__compact.npz,results/franka_budget_transfer/traces/public24__case01__s1__f8n.npz,3.0,3.5,250,0.0009172145280594152,0.001501811045314231,0.0005845965172548157,5.592528274339235e-07,2.2113521383955444e-06,2.820296630493322e-07,4.408427743227883e-08,0.0007164645550770651,0.001470327136846178,0.000511448218619413,-6.440085160859294e-05,4.593136875214665e-08,4.9490249049264626e-08,2.0450382720361185e-08,3.993680774436683e-08,1.18870376038376,0.9142540235887432,-0.2744497367950168,-1.0348720412509662,-0.46953979955762065,5.978033454411199,6.270217089295722,0.002425853157800013,0.03305790700057354,0.29380924447132223,1.4141539253445675e-06,2.3569232089076125e-07
1,1.0,-15.0,0.005,0.1,29,PASS,results/franka_rotation_gain_public24/traces/s1__online__case_01__compact.npz,results/franka_budget_transfer/traces/public24__case01__s1__f8n.npz,3.5,4.0,250,0.0016010118558645063,0.0014263068520329889,-0.0001747050038315174,2.0887398489402702e-06,2.016583354684781e-06,4.744991136784407e-07,1.7767881471472974e-08,0.0014182884228743909,0.0013952178059584862,0.0006798412074975731,-5.539558929730189e-05,7.719779848074313e-08,6.995062862117013e-08,1.231504626668257e-08,1.4699210157877625e-08,0.8155125395072693,0.5334326813111331,-0.2820798581961362,-0.7390806594984867,-0.06693267745250786,5.980226534169538,6.264230537716002,0.005988045612779558,0.037477898607602395,0.28621483223676425,-5.28887726462457e-07,-8.81479544104095e-08
1,1.0,-15.0,0.005,0.1,29,PASS,results/franka_rotation_gain_public24/traces/s1__online__case_01__compact.npz,results/franka_budget_transfer/traces/public24__case01__s1__f8n.npz,4.0,4.5,250,0.0019250282274931292,0.0012260585791002052,-0.000698969648392924,2.8331898704887267e-06,1.3195709030158809e-06,8.725438061566121e-07,1.8364873636933334e-07,0.0016487034313988325,0.0010967863542332846,0.0009247699895320759,0.00038478736357943293,1.1496686578244237e-07,1.1663059618354072e-07,1.734427261745641e-08,3.5587421198922595e-08,0.5222133003951356,0.7072991471522699,0.18508584675713433,-0.06510202421393155,0.32784468642733366,5.94880784833548,6.09771889958734,0.030223342707400375,0.06858142595275633,0.1542750804243703,-2.2025140372601247e-06,-3.670856728766874e-07
1,2.0,-15.0,0.005,0.1,29,FAIL,results/franka_rotation_gain_public24/traces/s2__online__case_01__compact.npz,results/franka_budget_transfer/traces/public24__case01__s2__f8n.npz,1.5,2.0,250,0.010809817433037454,0.011305100279693545,0.0004952828466560904,0.00010614855132888873,0.00011693908397935282,1.0703601606711714e-05,1.086620835457427e-05,0.006484485675117007,0.007017062587166116,0.0031606100144243327,0.003181545619707428,6.409999685809107e-05,6.76999166271464e-05,7.141459434323344e-07,7.439758242947437e-07,2.6194572429537044,2.6194826710029844,2.5428049279900555e-05,-2.1644790815921686,-2.1223103284816762,5.802891893719894,5.865118573491683,0.2122044588869383,0.27149058671020376,0.10144120113449347,1.0953139398326664e-05,1.825523233054444e-06
1,2.0,-15.0,0.005,0.1,29,FAIL,results/franka_rotation_gain_public24/traces/s2__online__case_01__compact.npz,results/franka_budget_transfer/traces/public24__case01__s2__f8n.npz,2.0,2.5,250,0.0025867416380346837,0.003074183400387683,0.0004874417623529992,2.386699399192317e-06,5.8394805904538435e-06,4.304532902750042e-06,3.611122988765334e-06,-0.00048172163178943804,-0.0008399451414078929,0.0018802153126023084,0.0016399144324984385,2.154643668658438e-06,5.133972749879118e-06,7.693232810058468e-07,9.218036428486579e-07,0.9958314904432762,1.1402669817922424,0.14443549134896613,-0.01914676408582272,0.22144457642691406,5.976458261193329,6.049348641852658,0.0025806164242312126,0.05431032841790384,0.08968422535049228,2.759371277276818e-06,4.598952128794697e-07
1,2.0,-15.0,0.005,0.1,29,FAIL,results/franka_rotation_gain_public24/traces/s2__online__case_01__compact.npz,results/franka_budget_transfer/traces/public24__case01__s2__f8n.npz,2.5,3.0,250,0.0012062326262607952,0.0020193907140931603,0.0008131580878323651,7.62558866336683e-07,3.6560868356871943e-06,6.924382823193323e-07,4.2185202047848955e-07,0.0008650644351404573,0.0018757720111540086,0.0008226146087853295,0.0006324186179321869,1.4222389391804551e-08,1.375661978584397e-07,1.5743487732291628e-08,2.1898712171232217e-08,1.3140668202954988,1.2477001352461945,-0.06636668504930439,-0.8363969742084401,-0.6047537446798852,5.971412707059411,6.140992994006379,0.0008449680803766244,0.05762649635947721,0.17897730284004165,2.6229417075096687e-06,4.3715695125161144e-07
1,2.0,-15.0,0.005,0.1,29,FAIL,results/franka_rotation_gain_public24/traces/s2__online__case_01__compact.npz,results/franka_budget_transfer/traces/public24__case01__s2__f8n.npz,3.0,3.5,250,0.000993364364472139,0.001574534407456999,0.00058117004298486,7.04663301613852e-07,2.4326982642555033e-06,2.82109458989284e-07,4.646033601045879e-08,0.0008145895422827121,0.0015450767358047347,0.0005124098314626492,-9.532918025992917e-05,4.110717921749395e-08,4.543614473048947e-08,1.954562360970346e-08,3.7372683401428714e-08,1.1708775532258782,0.897185446806387,-0.27369210641949115,-1.019953165823225,-0.43486064082998654,5.977535776348582,6.273688432570929,0.0031424309321412855,0.029189752689639963,0.2973647221561828,1.492385839662826e-06,2.4873097327713765e-07
1,2.0,-15.0,0.005,0.1,29,FAIL,results/franka_rotation_gain_public24/traces/s2__online__case_01__compact.npz,results/franka_budget_transfer/traces/public24__case01__s2__f8n.npz,3.5,4.0,250,0.0016678551582914737,0.0013919658923652808,-0.0002758892659261928,2.252433323370033e-06,1.921068183970609e-06,5.293075056694432e-07,1.6500861537663896e-08,0.0014808060288948584,0.0013604103544221017,0.0007190738821960668,-2.351132762510029e-05,5.964682815867324e-08,7.03518515517401e-08,1.2240257612920307e-08,1.5948079010969094e-08,0.7723076356203271,0.5495493977557934,-0.22275823786453372,-0.6796098484664653,-0.024896977574452563,5.979803993299238,6.24934394207082,0.006333864306103777,0.041016123774259186,0.2723458274285082,-8.441717835312033e-07,-1.4069529725520054e-07
1,2.0,-15.0,0.005,0.1,29,FAIL,results/franka_rotation_gain_public24/traces/s2__online__case_01__compact.npz,results/franka_budget_transfer/traces/public24__case01__s2__f8n.npz,4.0,4.5,250,0.0018724875626100245,0.0011870944989530396,-0.0006853930636569849,2.6262949650545028e-06,1.2072158918788179e-06,8.799147070747268e-07,2.0197745756575009e-07,0.001576028578768112,0.0010486554911358962,0.0009307422398485955,0.000415345279050769,1.4242888396066812e-07,1.0753755278935061e-07,1.3633590036346554e-08,2.946575673598888e-08,0.5741938208510928,0.752422594559594,0.17822877370850124,-0.027554349997878216,0.3250691824706515,5.948340026482165,6.084250041492667,0.02958012627940946,0.06453900224154935,0.14079709523304196,-2.097016322684662e-06,-3.4950272044744364e-07
2,1.0,-15.0,0.005,0.13,11,PASS,results/franka_rotation_gain_public24/traces/s1__online__case_02__compact.npz,results/franka_budget_transfer/traces/public24__case02__s1__f8n.npz,1.5,2.0,250,0.00968115035301988,0.010049128730294926,0.000367978377275046,8.609719472851383e-05,9.323530276435793e-05,7.627477429263098e-06,7.74968547368097e-06,0.00613838235215157,0.006532158187248347,0.0027131854734281967,0.0027333762065720898,4.8417456827308e-05,5.0566212181122326e-05,2.6610201604130846e-07,2.7833998702654437e-07,2.5483632789731496,2.546451510869324,-0.001911768103825609,-2.177646492192891,-2.14951288938886,5.797381762656697,5.841950918464452,0.21370692158139798,0.256801618916101,0.07639798607506905,7.260316080261975e-06,1.2100526800436624e-06
2,1.0,-15.0,0.005,0.13,11,PASS,results/franka_rotation_gain_public24/traces/s1__online__case_02__compact.npz,results/franka_budget_transfer/traces/public24__case02__s1__f8n.npz,2.0,2.5,250,0.00247111505861527,0.002692472446206625,0.000221357387591355,1.8851481377790458e-06,3.6594968572943785e-06,4.221261495136101e-06,3.5899110162875087e-06,8.723679476300372e-06,-2.108442291040946e-05,0.001956660755347864,0.0017651896769738712,1.8850720351954406e-06,3.659052304404914e-06,3.9274018361762676e-07,4.740164205923889e-07,0.8599749649416245,0.9735309256675044,0.11355596072587992,-0.0002137120582194202,0.23469035051477907,5.976458261193329,6.067547405439358,0.0025806164242312126,0.029312513671024384,0.09508592139108717,1.1429982406667397e-06,1.9049970677778995e-07
2,1.0,-15.0,0.005,0.13,11,PASS,results/franka_rotation_gain_public24/traces/s1__online__case_02__compact.npz,results/franka_budget_transfer/traces/public24__case02__s1__f8n.npz,2.5,3.0,250,0.0010234014878055633,0.00147638754328599,0.00045298605548042673,3.45106955855271e-07,1.8407512338192617e-06,7.022436493873695e-07,3.3896894415077886e-07,0.0005631448661625111,0.0013034010357717448,0.0008269504287138758,0.0005595361191410405,2.797481557007836e-08,1.4189697376840518e-07,1.8396637837306365e-08,2.5888275527362152e-08,1.2927396448672903,1.2412837550148943,-0.05145588985239592,-0.7912472566224565,-0.541359523634076,5.971412707059411,6.132505763695133,0.0008449680803766244,0.04502391949797852,0.16713573379777844,1.1323695727274002e-06,1.8872826212123336e-07
2,1.0,-15.0,0.005,0.13,11,PASS,results/franka_rotation_gain_public24/traces/s1__online__case_02__compact.npz,results/franka_budget_transfer/traces/public24__case02__s1__f8n.npz,3.0,3.5,250,0.0009842036085622764,0.0016186088644987587,0.0006344052559364823,6.551065967436106e-07,2.599239531764627e-06,3.1355014636339624e-07,2.0655124469334082e-08,0.0007872003235617353,0.0015991989595794788,0.0005524474772632329,-3.0628422316704135e-05,3.5422247327909873e-08,4.180221944453995e-08,8.351931228885879e-09,1.97170242157237e-08,1.2114078817376586,0.9268104511113773,-0.2845974306262814,-1.0636961772459568,-0.4945235313122019,5.9777636593935295,6.274263734254603,0.0025716627913812164,0.02957166710998134,0.29777353362256875,1.6512379131269543e-06,2.7520631885449237e-07
2,1.0,-15.0,0.005,0.13,11,PASS,results/franka_rotation_gain_public24/traces/s1__online__case_02__compact.npz,results/franka_budget_transfer/traces/public24__case02__s1__f8n.npz,3.5,4.0,250,0.0016544268621869428,0.001510967353739932,-0.0001434595084470107,2.1764476922320348e-06,2.255654384478554e-06,5.606805500936986e-07,2.7367959589299262e-08,0.0014373537950016693,0.0014870582545247612,0.000732259018705965,-6.959413110852835e-06,1.1046176022633421e-07,4.4312132128324806e-08,2.4477279617475866e-08,2.731952615845175e-08,0.8242523124437718,0.5437767227967649,-0.280475589647007,-0.7444529603514543,-0.06317477481294456,5.981113559912263,6.275403738260232,0.005724130813096986,0.029536165841821935,0.29556100795084467,-4.5410589825788006e-07,-7.568431637631334e-08
2,1.0,-15.0,0.005,0.13,11,PASS,results/franka_rotation_gain_public24/traces/s1__online__case_02__compact.npz,results/franka_budget_transfer/traces/public24__case02__s1__f8n.npz,4.0,4.5,250,0.001919986256554019,0.0012152261842194743,-0.0007047600723345446,2.813089101952446e-06,1.3279910132317888e-06,8.732581234038692e-07,1.4878366558083478e-07,0.0016407728587054052,0.0010700227692839479,0.0009279971863143317,0.000356631195261136,1.2095352808813827e-07,1.8304228644570012e-07,1.2079345596552814e-08,2.159785614744829e-08,0.5518607991151478,0.7636541719051773,0.21179337279002947,-0.0686455693369318,0.36932124109023545,5.953317809836993,6.118379805299117,0.02996550038546486,0.07258346696410518,0.17136557270918618,-2.209572546543692e-06,-3.682620910906153e-07
2,2.0,-15.0,0.005,0.13,11,FAIL,results/franka_rotation_gain_public24/traces/s2__online__case_02__compact.npz,results/franka_budget_transfer/traces/public24__case02__s2__f8n.npz,1.5,2.0,250,0.010780317072087457,0.011259317664751812,0.00047900059266435535,0.00010603120965146636,0.00011643345311774808,1.018402652327393e-05,1.0338781158044083e-05,0.006564738823657689,0.007080645218835297,0.0030880798591124883,0.0031084910043876358,6.293541382862783e-05,6.629791640273295e-05,6.47789307017722e-07,6.760648336852292e-07,2.6334915333771436,2.6332786473690364,-0.00021288600810702787,-2.178923341156786,-2.138148502496497,5.799243782273307,5.859083946766264,0.21901513204527956,0.2751822513446763,0.09744523857192647,1.055699810105188e-05,1.7594996835086465e-06
2,2.0,-15.0,0.005,0.13,11,FAIL,results/franka_rotation_gain_public24/traces/s2__online__case_02__compact.npz,results/franka_budget_transfer/traces/public24__case02__s2__f8n.npz,2.0,2.5,250,0.0025933983262289256,0.0029192506984955396,0.000325852372266614,2.257888269745184e-06,4.753493601064421e-06,4.467826608741809e-06,3.7685310396022756e-06,-0.00048242469082084813,-0.0007002890596164384,0.0019399221274039459,0.0017078126513515198,2.025154687431593e-06,4.263088834045946e-06,7.045287483503575e-07,8.519069874859677e-07,0.9881227151173619,1.1212111989238045,0.13308848380644256,-0.03390021111291319,0.2197222096835009,5.976458261193329,6.063323821137935,0.0025806164242312126,0.04032292236284792,0.09491974114273115,1.7963097621797037e-06,2.993849603632839e-07
2,2.0,-15.0,0.005,0.13,11,FAIL,results/franka_rotation_gain_public24/traces/s2__online__case_02__compact.npz,results/franka_budget_transfer/traces/public24__case02__s2__f8n.npz,2.5,3.0,250,0.001161438338965574,0.001801580791613042,0.0006401424526474679,6.700901557802226e-07,2.897230858526034e-06,6.788488594388889e-07,3.484624901830416e-07,0.000805622550663603,0.0016760427959228847,0.0008141572482710233,0.0005663214724166883,2.106246164249306e-08,8.811140476103296e-08,1.5996834526644337e-08,2.774248006283578e-08,1.3255216494940611,1.2632749650356219,-0.062246684458439325,-0.8418177374353011,-0.5882945421162151,5.9713586681428925,6.142620547599813,0.0009149783809947382,0.046709844312654326,0.17740110908694595,1.8967543334899641e-06,3.1612572224832735e-07
2,2.0,-15.0,0.005,0.13,11,FAIL,results/franka_rotation_gain_public24/traces/s2__online__case_02__compact.npz,results/franka_budget_transfer/traces/public24__case02__s2__f8n.npz,3.0,3.5,250,0.0010614241402279803,0.001688820503464301,0.0006273963632363207,8.133987529404453e-07,2.8311752502973635e-06,3.132224525182619e-07,2.0939442624050996e-08,0.0008816724015503735,0.0016707842340698393,0.0005522432721036251,-6.051497667515903e-05,3.605252928484212e-08,3.9655293481024205e-08,8.24982093454349e-09,1.7277380222055952e-08,1.194205887409859,0.9099010405247874,-0.2843048468850716,-1.049125688270873,-0.46140250126569704,5.977575769085815,6.277917918059693,0.002728039726414655,0.025838762233435817,0.3012841304648427,1.7254934874627072e-06,2.875822479104512e-07
2,2.0,-15.0,0.005,0.13,11,FAIL,results/franka_rotation_gain_public24/traces/s2__online__case_02__compact.npz,results/franka_budget_transfer/traces/public24__case02__s2__f8n.npz,3.5,4.0,250,0.0017243333622557213,0.0014774993738000523,-0.000246833988455669,2.352977467891705e-06,2.151641569120966e-06,6.203480762964153e-07,3.136283045858071e-08,0.0015037511616525078,0.0014545379811129779,0.0007714862938211671,2.518542923517405e-05,9.170991172043825e-08,3.596083062074804e-08,2.5156974742495413e-08,3.072852461282075e-08,0.780919612864694,0.5594784093567065,-0.22144120350798754,-0.684572055327102,-0.0213896909342619,5.9807769581274375,6.260526639765663,0.006022795042317692,0.03251547734996851,0.28139938455497826,-7.90321144608574e-07,-1.3172019076809566e-07
2,2.0,-15.0,0.005,0.13,11,FAIL,results/franka_rotation_gain_public24/traces/s2__online__case_02__compact.npz,results/franka_budget_transfer/traces/public24__case02__s2__f8n.npz,4.0,4.5,250,0.0018695319745352982,0.0011759727248159791,-0.0006935592497193191,2.612761268375965e-06,1.2159908639831275e-06,8.823885354338863e-07,1.669209855279905e-07,0.0015712566401309069,0.0010201166515545453,0.000933793775677247,0.00038772290486145395,1.439138392204986e-07,1.7535288120427048e-07,1.0417719940317451e-08,1.6591934573786454e-08,0.6048556808257372,0.80916917914573,0.20431349831999293,-0.029469458772093546,0.3676134988309909,5.953567442941399,6.104665956555593,0.029177300046451027,0.06844719764624474,0.1569999737574195,-2.112237954298734e-06,-3.5203965904978897e-07
3,1.0,-15.0,0.005,0.13,29,PASS,results/franka_rotation_gain_public24/traces/s1__online__case_03__compact.npz,results/franka_budget_transfer/traces/public24__case03__s1__f8n.npz,1.5,2.0,250,0.009770274773534766,0.010161726797040272,0.0003914520235055053,8.726524976854725e-05,9.493818938664289e-05,8.193019381822598e-06,8.322502111043462e-06,0.00608821475406307,0.006504322627389779,0.00280238182162713,0.0028232235472738384,5.019889087695599e-05,5.2631976545468206e-05,3.396755076364052e-07,3.519109131619889e-07,2.5459815187515638,2.544062300749124,-0.0019192180024398507,-2.173154960837061,-2.1429258925293615,5.801320530925222,5.8490120731847055,0.20715460237781425,0.2538581881453254,0.08127056983719111,7.802422347316507e-06,1.300403724552751e-06
3,1.0,-15.0,0.005,0.13,29,PASS,results/franka_rotation_gain_public24/traces/s1__online__case_03__compact.npz,results/franka_budget_transfer/traces/public24__case03__s1__f8n.npz,2.0,2.5,250,0.002493426401257851,0.002854286775201467,0.00036086037394361583,2.1588140197694156e-06,4.729568528157844e-06,4.058361198720262e-06,3.417384466932147e-06,2.6765085637733275e-06,-0.00017261482079666335,0.001899591282220405,0.0016989027526018701,2.158806856071323e-06,4.699772651799181e-06,4.4991415923249973e-07,5.311139041339358e-07,0.8727217765991221,0.9963738051204938,0.1236520285213717,0.016278161612884964,0.24010775800114342,5.976458261193329,6.054175700228641,0.0025806164242312126,0.043084384604967545,0.0878706004845655,1.929777776600313e-06,3.216296294333855e-07
3,1.0,-15.0,0.005,0.13,29,PASS,results/franka_rotation_gain_public24/traces/s1__online__case_03__compact.npz,results/franka_budget_transfer/traces/public24__case03__s1__f8n.npz,2.5,3.0,250,0.0010838428566557483,0.0017233808541354222,0.0006395379974796739,4.4844520164799e-07,2.5558637812387783e-06,7.262701362757028e-07,4.1417778716175924e-07,0.000630922285676889,0.001517969335875756,0.0008408709458462705,0.0006274785616529638,5.0382271084240296e-08,2.516328765796946e-07,1.9206188707301102e-08,2.0448441827686894e-08,1.2860220560484332,1.2279950644580517,-0.05802699159038151,-0.7886723346700963,-0.55910750709491,5.971412707059411,6.131410139084354,0.0008449680803766244,0.05556616012063104,0.16923098060257893,1.7953262304768449e-06,2.9922103841280744e-07
3,1.0,-15.0,0.005,0.13,29,PASS,results/franka_rotation_gain_public24/traces/s1__online__case_03__compact.npz,results/franka_budget_transfer/traces/public24__case03__s1__f8n.npz,3.0,3.5,250,0.000922070421722866,0.0015073404688772014,0.0005852700471543354,5.633620549756279e-07,2.2280867690179817e-06,2.868518076405562e-07,4.3988520096959435e-08,0.0007198140448483097,0.0014762380974863787,0.0005162348245651968,-6.284756406477022e-05,4.5229795814743336e-08,4.880784854777924e-08,2.035341354669678e-08,4.003870378808404e-08,1.1941376771458128,0.9193182003548298,-0.27481947679098306,-1.0389589649755857,-0.47093723263877674,5.978037855836945,6.271541902379946,0.002423294590033565,0.03317183625267935,0.2951340021711616,1.4218614264987573e-06,2.3697690441645954e-07
3,1.0,-15.0,0.005,0.13,29,PASS,results/franka_rotation_gain_public24/traces/s1__online__case_03__compact.npz,results/franka_budget_transfer/traces/public24__case03__s1__f8n.npz,3.5,4.0,250,0.0016076824763374882,0.0014338743173983536,-0.00017380815893913455,2.105023103254584e-06,2.0383890042542985e-06,4.796198414680534e-07,1.760655384029601e-08,0.0014243123215570157,0.0014032131413423419,0.0006836932718546858,-5.530839224074775e-05,7.635751391544887e-08,6.938188421845503e-08,1.2183351488688107e-08,1.4547535588039603e-08,0.8205679553252514,0.5383338443250466,-0.2822341110002048,-0.7429881829230323,-0.06737168244581462,5.980271035541187,6.265814018053346,0.005964761113547369,0.0374904712207881,0.2877455501228115,-5.286473866280428e-07,-8.810789777134046e-08
3,1.0,-15.0,0.005,0.13,29,PASS,results/franka_rotation_gain_public24/traces/s1__online__case_03__compact.npz,results/franka_budget_transfer/traces/public24__case03__s1__f8n.npz,4.0,4.5,250,0.0019346300776845182,0.0012321011685378972,-0.0007025289091466211,2.864919010070682e-06,1.3349237768179018e-06,8.778745274109224e-07,1.8314951269455e-07,0.001658559403439173,0.0011036365537492418,0.0009277541579420099,0.0003843374080179619,1.1409971533417716e-07,1.1691013404639897e-07,1.71467498322346e-08,3.54342694925847e-08,0.5265015549771505,0.7121154473738806,0.18561389239673012,-0.06688344136061167,0.3288937736025561,5.949063255936328,6.099021546234324,0.03009666405516409,0.06873222370336056,0.15536235225843167,-2.2247202479691526e-06,-3.7078670799485874e-07
3,2.0,-15.0,0.005,0.13,29,FAIL,results/franka_rotation_gain_public24/traces/s2__online__case_03__compact.npz,results/franka_budget_transfer/traces/public24__case03__s2__f8n.npz,1.5,2.0,250,0.010871862257167794,0.011376653408318876,0.0005047911511510822,0.00010738922316826335,0.00011845401088908666,1.080816577056623e-05,1.0974231883926818e-05,0.006513523559310288,0.007054695465870207,0.0031756700768270562,0.0031969430470145674,6.496323401057317e-05,6.8685282772917e-05,7.232853337114731e-07,7.537870380720317e-07,2.631534439727551,2.631560194603653,2.5754876102016683e-05,-2.1743325888310765,-2.1313059834803902,5.80345040975313,5.866798552981689,0.21213355219725827,0.2723772832100343,0.10301452481749132,1.1230853834183897e-05,1.8718089723639827e-06
3,2.0,-15.0,0.005,0.13,29,FAIL,results/franka_rotation_gain_public24/traces/s2__online__case_03__compact.npz,results/franka_budget_transfer/traces/public24__case03__s2__f8n.npz,2.0,2.5,250,0.0026001941754031383,0.003098695128644912,0.0004985009532417735,2.4406441287671657e-06,5.9853699620451295e-06,4.32036562103324e-06,3.616541538242578e-06,-0.0004896147503439768,-0.000853996514093077,0.0018826685600517093,0.0016383729538419407,2.2009215250127707e-06,5.256059915962002e-06,7.759247140260649e-07,9.322756023618127e-07,1.001297761794425,1.1488365294865865,0.1475387676921616,-0.017415782733145285,0.22710689473976708,5.976458261193329,6.050392360367399,0.0025806164242312126,0.05498420683759648,0.0909209117048468,2.840901750487303e-06,4.7348362508121717e-07
3,2.0,-15.0,0.005,0.13,29,FAIL,results/franka_rotation_gain_public24/traces/s2__online__case_03__compact.npz,results/franka_budget_transfer/traces/public24__case03__s2__f8n.npz,2.5,3.0,250,0.001213408932592636,0.002033163340904766,0.00081975440831213,7.736739942632157e-07,3.7095454620925644e-06,6.986872434323845e-07,4.242077087064648e-07,0.0008716844218938636,0.0018888140953206977,0.000826607683200981,0.0006345503369253476,1.3840262890776577e-08,1.4192677541041888e-07,1.5406981505490894e-08,2.1553578614392526e-08,1.3191967007300702,1.2529834110430966,-0.06621328968697371,-0.839507769621989,-0.6067717848498829,5.971412707059411,6.142024787645942,0.0008449680803766244,0.057833489408763795,0.18002147008206346,2.6613919331034294e-06,4.435653221839049e-07
3,2.0,-15.0,0.005,0.13,29,FAIL,results/franka_rotation_gain_public24/traces/s2__online__case_03__compact.npz,results/franka_budget_transfer/traces/public24__case03__s2__f8n.npz,3.0,3.5,250,0.0009981442031092261,0.0015796153191707225,0.0005814711160614964,7.094513239232992e-07,2.448874431530183e-06,2.868405262772529e-07,4.631012502864095e-08,0.0008178541785174769,0.0015505122515859194,0.0005170945584819542,-9.401830533375357e-05,4.0565866604802294e-08,4.478618921214587e-08,1.9453743865605714e-08,3.7470683290810035e-08,1.1762511977120094,0.9023313646137429,-0.27391983309826656,-1.0239487323399523,-0.436211275045572,5.977578256091209,6.275003934632918,0.0030639186442130237,0.029314767551611005,0.29864557956267923,1.4988927063582716e-06,2.498154510597119e-07
3,2.0,-15.0,0.005,0.13,29,FAIL,results/franka_rotation_gain_public24/traces/s2__online__case_03__compact.npz,results/franka_budget_transfer/traces/public24__case03__s2__f8n.npz,3.5,4.0,250,0.0016742034707861774,0.001399723889381284,-0.0002744795814048934,2.2684748983522634e-06,1.942884720745585e-06,5.344823632402195e-07,1.634224575908342e-08,0.0014864537945037835,0.0013685595905462175,0.0007227592951462223,-2.3523147576361062e-05,5.8930015157567035e-08,6.992936786955457e-08,1.210136451995532e-08,1.578890728718416e-08,0.7773892682027187,0.5544746198381415,-0.22291464836457714,-0.68343655496331,-0.025301492658060337,5.979828474089989,6.250921213013184,0.006347677392435884,0.04103506284562894,0.2738692083235607,-8.437302950878144e-07,-1.4062171584796905e-07
3,2.0,-15.0,0.005,0.13,29,FAIL,results/franka_rotation_gain_public24/traces/s2__online__case_03__compact.npz,results/franka_budget_transfer/traces/public24__case03__s2__f8n.npz,4.0,4.5,250,0.0018814613311149823,0.0011929282421883616,-0.0006885330889266207,2.654275630972942e-06,1.2216194601802782e-06,8.856211095080195e-07,2.014583308303359e-07,0.001585317328698224,0.0010554174130614799,0.0009338862809405342,0.00041488562323598234,1.410445983020693e-07,1.0771354438689172e-07,1.3477523779076803e-08,2.9328250462426408e-08,0.5783278337758843,0.7572941616959856,0.17896632792010136,-0.029718616360190672,0.32614364112716276,5.948392839781253,6.085537676249567,0.02946359202364273,0.06468775994541363,0.14205829979300702,-2.1168189494703475e-06,-3.528031582450579e-07
4,1.0,-15.0,0.012,0.1,11,PASS,results/franka_rotation_gain_public24/traces/s1__online__case_04__compact.npz,results/franka_budget_transfer/traces/public24__case04__s1__f8n.npz,1.5,2.0,250,0.009651774414310556,0.010020616486415862,0.00036884207210530554,8.534133077366933e-05,9.24741364585409e-05,7.815418571070549e-06,7.938618309288488e-06,0.006195271480470913,0.006590907989398718,0.0027508808785776254,0.002771081120895926,4.695994205693308e-05,4.903406833382104e-05,2.4807296294654335e-07,2.5972773070266585e-07,2.54903929730972,2.5471016715466206,-0.0019376257630993564,-2.176790104470327,-2.14837707776485,5.797889356266406,5.842575415141301,0.21369716805745922,0.25679072857169444,0.07647043454248098,7.256005423089508e-06,1.2093342371815846e-06
4,1.0,-15.0,0.012,0.1,11,PASS,results/franka_rotation_gain_public24/traces/s1__online__case_04__compact.npz,results/franka_budget_transfer/traces/public24__case04__s1__f8n.npz,2.0,2.5,250,0.002475137251141084,0.002684528677813867,0.00020939142667278279,1.8148048132914932e-06,3.5361890995460534e-06,4.311499598694749e-06,3.6705051224590156e-06,2.9252284793671312e-05,2.4508554935452897e-06,0.0019803079703151617,0.001788688203331024,1.813949117125843e-06,3.5361830928534037e-06,3.898799414009939e-07,4.710996337234486e-07,0.8734332444749164,0.9849137587937367,0.11148051431882024,-0.007282906119409294,0.22819202905913136,5.976458261193329,6.068148807810823,0.0025806164242312126,0.02902177734246258,0.09558615230377966,1.080389810018827e-06,1.8006496833647114e-07
4,1.0,-15.0,0.012,0.1,11,PASS,results/franka_rotation_gain_public24/traces/s1__online__case_04__compact.npz,results/franka_budget_transfer/traces/public24__case04__s1__f8n.npz,2.5,3.0,250,0.00106201496132176,0.001517191471684255,0.00045517651036249495,3.924896364873811e-07,1.943031916087362e-06,7.353861415838788e-07,3.5883804566407346e-07,0.0006030869033744207,0.0013424711669509394,0.000846678168424813,0.0005766159307253964,2.8775823465633234e-08,1.408030819927454e-07,1.8522220696682848e-08,2.635211409775845e-08,1.3122988143738568,1.262910869802597,-0.04938794457125966,-0.7947259048718396,-0.5427917946759759,5.971412707059411,6.133167836375245,0.0008449680803766244,0.04487203630774855,0.16773382149243277,1.1739941836801758e-06,1.956656972800293e-07
4,1.0,-15.0,0.012,0.1,11,PASS,results/franka_rotation_gain_public24/traces/s1__online__case_04__compact.npz,results/franka_budget_transfer/traces/public24__case04__s1__f8n.npz,3.0,3.5,250,0.0010143898443865042,0.001656991416012696,0.0006426015716261919,7.190946912113423e-07,2.723190669894371e-06,3.0989206518313377e-07,2.242988284538822e-08,0.0008270730891060101,0.0016370288863954735,0.0005491898008624764,-3.619425968656463e-05,3.504479648798438e-08,4.332709500116691e-08,8.282627811767257e-09,2.111985841112974e-08,1.2240806056806492,0.9484310677405156,-0.27564953794013375,-1.0646053064390832,-0.4947479851631377,5.977804992516618,6.274360848505117,0.0025589102999291685,0.029329856628332426,0.2978055981463846,1.7166337963452832e-06,2.8610563272421385e-07
4,1.0,-15.0,0.012,0.1,11,PASS,results/franka_rotation_gain_public24/traces/s1__online__case_04__compact.npz,results/franka_budget_transfer/traces/public24__case04__s1__f8n.npz,3.5,4.0,250,0.0016657512831015958,0.001527453404863294,-0.00013829787823830186,2.232355587698384e-06,2.305462696951366e-06,5.423717494562297e-07,2.7651207077103434e-08,0.0014575219106332637,0.0015035460329521505,0.0007198615192999577,-1.9521467960278226e-05,1.0798546772234452e-07,4.481202374521767e-08,2.417114248738628e-08,2.7270119365779267e-08,0.8304936461972027,0.5627637442617012,-0.2677299019355015,-0.7427408194096736,-0.06295634358598141,5.981045914513851,6.274489459170476,0.005854235261419769,0.029738563425887536,0.2947299196071745,-4.4161343312614444e-07,-7.36022388543574e-08
4,1.0,-15.0,0.012,0.1,11,PASS,results/franka_rotation_gain_public24/traces/s1__online__case_04__compact.npz,results/franka_budget_transfer/traces/public24__case04__s1__f8n.npz,4.0,4.5,250,0.001927754125076809,0.001225415721168825,-0.0007023384039079839,2.845714699706032e-06,1.3520824282661394e-06,8.705212670446212e-07,1.4956126142157176e-07,0.0016505867236610103,0.001081799836371958,0.0009265401297206159,0.0003569446942474432,1.212781673800426e-07,1.8179154229174422e-07,1.2044655061925464e-08,2.2151746670171022e-08,0.5670188081715202,0.7765950101708701,0.20957620199934993,-0.06873876357861869,0.36734699247074326,5.953055319704165,6.117424378948142,0.03010613186308746,0.07245722928483889,0.17062588711676444,-2.214592277062942e-06,-3.690987128438236e-07
4,2.0,-15.0,0.012,0.1,11,FAIL,results/franka_rotation_gain_public24/traces/s2__online__case_04__compact.npz,results/franka_budget_transfer/traces/public24__case04__s2__f8n.npz,1.5,2.0,250,0.010755004028188221,0.01123542686286521,0.00048042283467698843,0.00010526309497067085,0.00011567142900023228,1.0407016675673988e-05,1.0563387790560867e-05,0.006624811669453312,0.007143908886348619,0.003128271087411261,0.003148748982243062,6.137496531494609e-05,6.46359948237815e-05,6.209366793407557e-07,6.487676373841487e-07,2.635273372726408,2.63506773012725,-0.00020564259915843014,-2.1780400275037226,-2.1367981377007386,5.799572789142292,5.859663510358036,0.2192234383367306,0.2754741383264826,0.09768718660013045,1.05647051444483e-05,1.7607841907413833e-06
4,2.0,-15.0,0.012,0.1,11,FAIL,results/franka_rotation_gain_public24/traces/s2__online__case_04__compact.npz,results/franka_budget_transfer/traces/public24__case04__s2__f8n.npz,2.0,2.5,250,0.0025945136995209426,0.0029040610022702555,0.0003095473027493129,2.1652746451904622e-06,4.580642216402112e-06,4.566226691811386e-06,3.852928088504808e-06,-0.00046183012776391863,-0.0006771556869688269,0.0019659004404055692,0.0017333099782836662,1.951987578280025e-06,4.122102392007888e-06,7.014621502245753e-07,8.485646076870847e-07,1.0011539501156768,1.1321113002712104,0.1309573501555336,-0.04180535436319663,0.2125343890094579,5.976458261193329,6.0640228870240644,0.0025806164242312126,0.0399375569401196,0.09541259559077746,1.70206896790507e-06,2.8367816131751163e-07
4,2.0,-15.0,0.012,0.1,11,FAIL,results/franka_rotation_gain_public24/traces/s2__online__case_04__compact.npz,results/franka_budget_transfer/traces/public24__case04__s2__f8n.npz,2.5,3.0,250,0.0012018633120396366,0.0018404104106569655,0.0006385470986173289,7.32706640073334e-07,3.0189056441762165e-06,7.117687807535509e-07,3.682048354783241e-07,0.0008437801527893496,0.001712870179066906,0.0008340967480569298,0.0005832167480674864,2.074169383211606e-08,8.498139383952106e-08,1.6051395634405614e-08,2.806306025191016e-08,1.3450001914133285,1.2847256234776816,-0.06027456793564678,-0.8454733200101452,-0.5896339658542831,5.971354045442673,6.143335326757897,0.0009366919836900188,0.04654244177831503,0.178052015508327,1.9426350588276555e-06,3.2377250980460924e-07
4,2.0,-15.0,0.012,0.1,11,FAIL,results/franka_rotation_gain_public24/traces/s2__online__case_04__compact.npz,results/franka_budget_transfer/traces/public24__case04__s2__f8n.npz,3.0,3.5,250,0.0010933663243895063,0.001728859180680034,0.0006354928562905277,8.858480139101652e-07,2.966039306408178e-06,3.0960190539885405e-07,2.291476021346053e-08,0.0009222260538167263,0.0017102065559329934,0.0005491769801581985,-6.613186996964543e-05,3.5347119571793886e-08,4.12328424519879e-08,8.00654986317577e-09,1.854133598777844e-08,1.2069910606138197,0.9318794038464372,-0.2751116567673824,-1.0502421885201532,-0.4616033072720438,5.977530989062594,6.278070957412381,0.002783801347958903,0.02558204534648765,0.30146204459115117,1.7935041473126193e-06,2.9891735788543655e-07
4,2.0,-15.0,0.012,0.1,11,FAIL,results/franka_rotation_gain_public24/traces/s2__online__case_04__compact.npz,results/franka_budget_transfer/traces/public24__case04__s2__f8n.npz,3.5,4.0,250,0.0017361795851962754,0.0014929248616265209,-0.0002432547235697545,2.4129318411816835e-06,2.1979203773776012e-06,6.013877108706269e-07,3.090426508496572e-08,0.001524270956168649,0.0014701944055855725,0.0007592940716891459,1.2421721695493667e-05,8.95298933623959e-08,3.644878716248647e-08,2.486022356834502e-08,3.0749965915085413e-08,0.7882212206855603,0.5786439914154867,-0.20957722927007358,-0.6829711785104797,-0.021073779534243435,5.9806806641064,6.259615902972792,0.006172796121290364,0.032697856937435155,0.28061233306165223,-7.854949095897437e-07,-1.3091581826495729e-07
4,2.0,-15.0,0.012,0.1,11,FAIL,results/franka_rotation_gain_public24/traces/s2__online__case_04__compact.npz,results/franka_budget_transfer/traces/public24__case04__s2__f8n.npz,4.0,4.5,250,0.0018759329023736622,0.0011859218910651313,-0.0006900110113085309,2.6393848017698923e-06,1.2386898577843034e-06,8.797394524381794e-07,1.677208739231938e-07,0.0015797056034512163,0.0010318723136392958,0.000932504558767387,0.0003882107416968627,1.439150081947213e-07,1.739293861289902e-07,1.0174700316220349e-08,1.701329395436557e-08,0.6203483527003167,0.8223477600269409,0.20199940732662416,-0.029838413550377037,0.36554163676372164,5.953225454367271,6.103783348055594,0.0293272427423806,0.06831935783108183,0.15640272431242105,-2.1127135225005747e-06,-3.5211892041676245e-07
5,1.0,-15.0,0.012,0.1,29,PASS,results/franka_rotation_gain_public24/traces/s1__online__case_05__compact.npz,results/franka_budget_transfer/traces/public24__case05__s1__f8n.npz,1.5,2.0,250,0.009737462966287112,0.010134044634683172,0.00039658166839606074,8.642667382051085e-05,9.417651820780635e-05,8.39151119930216e-06,8.522342449944438e-06,0.006143122408014188,0.0065648590196168135,0.002840751421865419,0.002861615808025131,4.86887209006648e-05,5.107914426036212e-05,3.216425584717608e-07,3.3349741720511836e-07,2.5471917788476666,2.5451636681242573,-0.0020281107234094466,-2.1730199135335635,-2.1420293479742045,5.802420137765137,5.850653944342269,0.20662024609377563,0.25367494571793914,0.0818328236707465,7.880675637937781e-06,1.3134459396562967e-06
5,1.0,-15.0,0.012,0.1,29,PASS,results/franka_rotation_gain_public24/traces/s1__online__case_05__compact.npz,results/franka_budget_transfer/traces/public24__case05__s1__f8n.npz,2.0,2.5,250,0.0024954281805611767,0.002841339949600361,0.0003459117690391843,2.0784594089877037e-06,4.580367546111324e-06,4.148702395351161e-06,3.492845163083659e-06,2.4040010371193298e-05,-0.0001495658474628082,0.0019243368586892133,0.0017221069500970572,2.0778814868890572e-06,4.557997603384056e-06,4.4563004964129205e-07,5.271928155110715e-07,0.8854632299914704,1.0075385470996119,0.12207531710814142,0.007790407393962667,0.23357320955517907,5.976458261193329,6.055284195024126,0.0025806164242312126,0.04278438706755977,0.08871627336741071,1.846050904856118e-06,3.07675150809353e-07
5,1.0,-15.0,0.012,0.1,29,PASS,results/franka_rotation_gain_public24/traces/s1__online__case_05__compact.npz,results/franka_budget_transfer/traces/public24__case05__s1__f8n.npz,2.5,3.0,250,0.0011238435905040639,0.0017628876064779036,0.0006390440159738397,5.017240547002297e-07,2.6722224908776884e-06,7.613003612168363e-07,4.3555022219570375e-07,0.0006708552790042308,0.0015567356081596726,0.0008614794706797164,0.0006440278432223685,5.1677249332385135e-08,2.4879673716542217e-07,1.9153482814231832e-08,2.0778359350048076e-08,1.3055047121705499,1.2493246181147524,-0.05618009405579751,-0.7927477043950741,-0.5604728955571939,5.971412707059411,6.132386272200277,0.0008449680803766244,0.05525015942570536,0.17005163812290097,1.8447482971563264e-06,3.0745804952605436e-07
5,1.0,-15.0,0.012,0.1,29,PASS,results/franka_rotation_gain_public24/traces/s1__online__case_05__compact.npz,results/franka_budget_transfer/traces/public24__case05__s1__f8n.npz,3.0,3.5,250,0.0009523555218611332,0.0015455784636337188,0.0005932229417725856,6.217753363971846e-07,2.3422330467412805e-06,2.8520570362220666e-07,4.657974050708635e-08,0.0007591155283461153,0.0015141580538631054,0.0005142904175634291,-6.777375799636013e-05,4.5518951020982594e-08,4.955843466277347e-08,2.0711070024640435e-08,4.198645823413717e-08,1.2073804760533342,0.9413163206007675,-0.26606415545256673,-1.0403406398349655,-0.4712857812397684,5.978034411783998,6.271804273907797,0.0024238047009486605,0.032954880096726306,0.2953765754181945,1.4818317472289755e-06,2.469719578714959e-07
5,1.0,-15.0,0.012,0.1,29,PASS,results/franka_rotation_gain_public24/traces/s1__online__case_05__compact.npz,results/franka_budget_transfer/traces/public24__case05__s1__f8n.npz,3.5,4.0,250,0.0016213530385494359,0.001451407638246763,-0.00016994540030267286,2.165443182942534e-06,2.0874713333392913e-06,4.6334249267095434e-07,1.9112799021755256e-08,0.001445905253941579,0.0014198047686902258,0.000671832455475642,-6.7870547024384e-05,7.480117956667229e-08,7.16257521437859e-08,1.198364444052376e-08,1.4506387868366137e-08,0.8269760977672456,0.5574628237717618,-0.26951327399548375,-0.741412088512128,-0.067200790855429,5.980295442762629,6.264964125422936,0.005988145676499879,0.03766770052734638,0.286895692649833,-5.222015432524417e-07,-8.703359054207362e-08
5,1.0,-15.0,0.012,0.1,29,PASS,results/franka_rotation_gain_public24/traces/s1__online__case_05__compact.npz,results/franka_budget_transfer/traces/public24__case05__s1__f8n.npz,4.0,4.5,250,0.001942972053039798,0.0012425024732290418,-0.0007004695798107563,2.9001031979884722e-06,1.3594748909298432e-06,8.750372009052155e-07,1.8433750505044271e-07,0.0016690623645719128,0.0011150717008650743,0.0009260721145286883,0.00038451026070855535,1.1433402115808715e-07,1.1608999285971344e-07,1.7427639597579603e-08,3.6489364460281476e-08,0.5414674056074319,0.7251801302404249,0.1837127246329931,-0.06655125871930265,0.3269617506567291,5.949118208395303,6.098131242446722,0.030149014088806776,0.06859550544609576,0.15440281221879906,-2.231328002913402e-06,-3.71888000485567e-07
5,2.0,-15.0,0.012,0.1,29,FAIL,results/franka_rotation_gain_public24/traces/s2__online__case_05__compact.npz,results/franka_budget_transfer/traces/public24__case05__s2__f8n.npz,1.5,2.0,250,0.010853901279525045,0.011348360291973772,0.000494459012448727,0.00010674088485175896,0.0001175516710192284,1.1066288133916444e-05,1.1233610297218619e-05,0.006566773386442739,0.0070994938814726485,0.003219251057050711,0.0032405196337151557,6.361837214286634e-05,6.714885764616085e-05,7.02710765594324e-07,7.326428007252151e-07,2.6386847529218143,2.6386781411952325,-6.6117265820273e-06,-2.180270893466825,-2.13811608165008,5.801711206476964,5.863952203276891,0.2134895460766935,0.27279281884362083,0.10149826741746179,1.0978108330771615e-05,1.829684721795269e-06
5,2.0,-15.0,0.012,0.1,29,FAIL,results/franka_rotation_gain_public24/traces/s2__online__case_05__compact.npz,results/franka_budget_transfer/traces/public24__case05__s2__f8n.npz,2.0,2.5,250,0.002606039004242378,0.0030823770551844415,0.0004763380509420637,2.3601755681496014e-06,5.777655964822413e-06,4.431263723483002e-06,3.7233923455050987e-06,-0.0004646669226035681,-0.0008199700309316994,0.0019122077162727744,0.0016716247512850162,2.144260219187731e-06,5.10530511319628e-06,7.747253733098631e-07,9.290630363964062e-07,1.0134087201298367,1.1558569356337425,0.14244821550390563,-0.026113442494617,0.21501547943339772,5.976458261193329,6.049742290412456,0.0025806164242312126,0.054161530117771604,0.08992059148157894,2.709609018694909e-06,4.5160150311581814e-07
5,2.0,-15.0,0.012,0.1,29,FAIL,results/franka_rotation_gain_public24/traces/s2__online__case_05__compact.npz,results/franka_budget_transfer/traces/public24__case05__s2__f8n.npz,2.5,3.0,250,0.0012553109765373065,0.0020726436291260563,0.0008173326525887498,8.424881359171486e-07,3.844390976165509e-06,7.333175118978975e-07,4.514606371913202e-07,0.0009100359153534045,0.0019253359918856357,0.000847357908683211,0.0006553924118569774,1.4322768684039589e-08,1.3747229451526444e-07,1.5302086489912506e-08,2.192142367161435e-08,1.3386808027038597,1.2737172705288609,-0.06496353217499887,-0.843885518368939,-0.6099276768438688,5.971412707059411,6.142256503187746,0.0008449680803766244,0.05770891437665056,0.18020082365785184,2.720045965541783e-06,4.533409942569638e-07
5,2.0,-15.0,0.012,0.1,29,FAIL,results/franka_rotation_gain_public24/traces/s2__online__case_05__compact.npz,results/franka_budget_transfer/traces/public24__case05__s2__f8n.npz,3.0,3.5,250,0.0010308438238407717,0.0016199690093122833,0.0005891251854715117,7.774165963491625e-07,2.5755347870757953e-06,2.8522239280150175e-07,4.87648040564254e-08,0.0008583572301539451,0.0015905349455967843,0.000515360862483146,-9.656007780688559e-05,4.063946179160979e-08,4.57333739112292e-08,1.962557422212968e-08,3.944095543035361e-08,1.1895505081921607,0.9244659965207236,-0.26508451167143704,-1.0254672236502618,-0.4373354313786949,5.977559852746129,6.27502036083231,0.0030879973513764122,0.029140110491400736,0.29866531136276864,1.5616606019815567e-06,2.602767669969261e-07
5,2.0,-15.0,0.012,0.1,29,FAIL,results/franka_rotation_gain_public24/traces/s2__online__case_05__compact.npz,results/franka_budget_transfer/traces/public24__case05__s2__f8n.npz,3.5,4.0,250,0.0016877138010535483,0.0014165141341782367,-0.00027119966687531166,2.3310305345909815e-06,1.9894752210889173e-06,5.17347339675635e-07,1.703707123780216e-08,0.0015076881528400651,0.001384644319984103,0.0007109323783938224,-3.542036939484034e-05,5.790696837669396e-08,7.223532822467808e-08,1.1922493026937827e-08,1.578246866973522e-08,0.7847220778904429,0.5735910464472055,-0.21113103144323736,-0.681836806330596,-0.025339328263884846,5.9798554592042,6.249960430071945,0.00633199904794731,0.04116095474150591,0.27292071548124236,-8.418655819398969e-07,-1.4031093032331613e-07
5,2.0,-15.0,0.012,0.1,29,FAIL,results/franka_rotation_gain_public24/traces/s2__online__case_05__compact.npz,results/franka_budget_transfer/traces/public24__case05__s2__f8n.npz,4.0,4.5,250,0.001888343381117549,0.0012035391774878634,-0.0006848042036296856,2.6829327601280384e-06,1.2456385715502498e-06,8.829079648824187e-07,2.0286798019791276e-07,0.0015943985291027197,0.0010671205924566007,0.0009323830388188213,0.0004154747548803102,1.408260905231233e-07,1.0689221270532316e-07,1.3569833805399337e-08,3.0248708255058887e-08,0.5936719423276997,0.7705180629896029,0.17684612066190314,-0.029789490290740357,0.324004121933138,5.948295174260664,6.084674524060614,0.02949002821961227,0.06453755354390446,0.14127273427246648,-2.1173341732622946e-06,-3.528890288770491e-07
6,1.0,-15.0,0.012,0.13,11,PASS,results/franka_rotation_gain_public24/traces/s1__online__case_06__compact.npz,results/franka_budget_transfer/traces/public24__case06__s1__f8n.npz,1.5,2.0,250,0.009711630554459118,0.010088936739237327,0.0003773061847782092,8.64199755370893e-05,9.376510109069463e-05,7.89579248921463e-06,8.021543437638089e-06,0.006224085236386338,0.006627634262926271,0.002764591303503001,0.0027850902445185595,4.7680738507286876e-05,4.983956516758038e-05,2.528274138102064e-07,2.6481576752563684e-07,2.560792499442568,2.55880000711475,-0.00199249232781841,-2.1863114508682857,-2.157124012866689,5.7984645242402575,5.844150780844568,0.21367613519234963,0.2576291503262832,0.07786577670155202,7.4708765020287885e-06,1.2451460836714648e-06
6,1.0,-15.0,0.012,0.13,11,PASS,results/franka_rotation_gain_public24/traces/s1__online__case_06__compact.npz,results/franka_budget_transfer/traces/public24__case06__s1__f8n.npz,2.0,2.5,250,0.0024844821698221733,0.0027003184365017806,0.00021583626667960728,1.8474383124022874e-06,3.619229087873677e-06,4.325213339762008e-06,3.672490570637744e-06,2.3722326819664685e-05,-7.95136752832215e-06,0.0019829876359526133,0.0017878662997600592,1.8468755636125486e-06,3.6191658636281054e-06,3.9297337542107423e-07,4.760246648200192e-07,0.8783700061475549,0.9924949349248829,0.1141249287773281,-0.0059057510717748785,0.2331355526893244,5.976458261193329,6.0691831185223215,0.0025806164242312126,0.029553043379640473,0.09672479193406171,1.1190680063471262e-06,1.8651133439118768e-07
6,1.0,-15.0,0.012,0.13,11,PASS,results/franka_rotation_gain_public24/traces/s1__online__case_06__compact.npz,results/franka_budget_transfer/traces/public24__case06__s1__f8n.npz,2.5,3.0,250,0.0010677063969623448,0.0015276842011405513,0.00045997780417820653,3.98528031463815e-07,1.9736182846166623e-06,7.414689186504973e-07,3.6020073379778187e-07,0.0006083352132555063,0.0013529092924971387,0.0008504655621736633,0.0005782551899287968,2.845629977719265e-08,1.4325473089155392e-07,1.817724620713208e-08,2.582166911819297e-08,1.317474950147223,1.2682003178363432,-0.049274632310879626,-0.7977775049418636,-0.5445954950098741,5.971412707059411,6.134140008722936,0.0008449680803766244,0.04504766097689806,0.16871807151665713,1.1938220683001318e-06,1.9897034471668862e-07
6,1.0,-15.0,0.012,0.13,11,PASS,results/franka_rotation_gain_public24/traces/s1__online__case_06__compact.npz,results/franka_budget_transfer/traces/public24__case06__s1__f8n.npz,3.0,3.5,250,0.0010194952426826674,0.001662881334386722,0.0006433860917040546,7.242726343788384e-07,2.7428885892689165e-06,3.150979154737527e-07,2.2285742982849683e-08,0.0008304932417673549,0.0016433285957754861,0.0005540065239255891,-3.457520761985843e-05,3.4553609757588085e-08,4.2359715575484695e-08,8.174686921638318e-09,2.1090298000893366e-08,1.229572850498491,0.9534952791319982,-0.27607757136649286,-1.068767216697423,-0.49622239341857216,5.977814715543147,6.275710696721222,0.002551989221141909,0.02943375823209041,0.2991492364179939,1.7258037823991749e-06,2.876339637331958e-07
6,1.0,-15.0,0.012,0.13,11,PASS,results/franka_rotation_gain_public24/traces/s1__online__case_06__compact.npz,results/franka_budget_transfer/traces/public24__case06__s1__f8n.npz,3.5,4.0,250,0.001672902278361691,0.0015348754393300773,-0.0001380268390316138,2.2508851561568526e-06,2.328430858647132e-06,5.477168767908844e-07,2.7411755611565814e-08,0.0014638559226834173,0.0015114160870470217,0.0007237175865791256,-1.9464682647829684e-05,1.0801099378153268e-07,4.405227046260204e-08,2.3949731666970273e-08,2.703288174098509e-08,0.8355765790374549,0.5676381277564342,-0.2679384512810207,-0.7466485721073718,-0.06341164434795113,5.981141171515386,6.276092200894666,0.005753415202776668,0.029743541496214092,0.2962388805612368,-4.427594186890395e-07,-7.379323644817325e-08
6,1.0,-15.0,0.012,0.13,11,PASS,results/franka_rotation_gain_public24/traces/s1__online__case_06__compact.npz,results/franka_budget_transfer/traces/public24__case06__s1__f8n.npz,4.0,4.5,250,0.0019381852191830923,0.0012314713400509993,-0.000706713879132093,2.880792737411817e-06,1.3674060157729518e-06,8.757692064479942e-07,1.4911564559405224e-07,0.0016615413424339515,0.0010887435192288417,0.0009294552360744581,0.00035653408823899997,1.2007310479459965e-07,1.8204356511014803e-07,1.1882170581767692e-08,2.1999089517637282e-08,0.5713912783853796,0.7814499933570038,0.21005871497162418,-0.07011620915436943,0.36844823895587986,5.9535421587619926,6.118745041446021,0.02990003291841963,0.07260917809219378,0.1715338342582701,-2.240040282492807e-06,-3.733400470821345e-07
6,2.0,-15.0,0.012,0.13,11,FAIL,results/franka_rotation_gain_public24/traces/s2__online__case_06__compact.npz,results/franka_budget_transfer/traces/public24__case06__s2__f8n.npz,1.5,2.0,250,0.010816673664365546,0.011306654640254231,0.0004899809758886851,0.00010649298155052125,0.00011717327126047011,1.0507447610857933e-05,1.0667167893512408e-05,0.006653275213114842,0.007181002223488084,0.003143043790119301,0.0031638554159366325,6.222691048907291e-05,6.560647832672933e-05,6.287233442504337e-07,6.571868005608459e-07,2.6473122448131434,2.64710038616007,-0.00021185865307351767,-2.1878923747031735,-2.1457786278367332,5.8001040074427905,5.861316144838425,0.21915786189844513,0.27635524047373033,0.09924553871423915,1.0840009992603327e-05,1.8066683321005546e-06
6,2.0,-15.0,0.012,0.13,11,FAIL,results/franka_rotation_gain_public24/traces/s2__online__case_06__compact.npz,results/franka_budget_transfer/traces/public24__case06__s2__f8n.npz,2.0,2.5,250,0.0026077030108521723,0.0029269596624533784,0.0003192566516012061,2.217244540694558e-06,4.70874409045362e-06,4.582870452112928e-06,3.858348775175577e-06,-0.00046971091373667484,-0.0006911297779360269,0.0019684514670949803,0.0017319246968980342,1.9966161982112163e-06,4.231083720503718e-06,7.080692738045488e-07,8.587856194502289e-07,1.0065443526037137,1.1405215726942823,0.13397722009056878,-0.040140113295317886,0.21805045441413826,5.976458261193329,6.065063268319819,0.0025806164242312126,0.04059265290580024,0.09662404286345168,1.7669778728217096e-06,2.944963121369516e-07
6,2.0,-15.0,0.012,0.13,11,FAIL,results/franka_rotation_gain_public24/traces/s2__online__case_06__compact.npz,results/franka_budget_transfer/traces/public24__case06__s2__f8n.npz,2.5,3.0,250,0.0012093438687646517,0.0018538392325157557,0.000644495363751104,7.440999166724582e-07,3.066303594868784e-06,7.184126762461967e-07,3.704163051458224e-07,0.0008504175561248186,0.0017257314901168515,0.000838240151252678,0.0005854003705275272,2.0889896907149318e-08,8.815441888785589e-08,1.576612507408424e-08,2.772271133205613e-08,1.3501231292500064,1.2899548357880777,-0.060168293461928785,-0.848590090222549,-0.5915566816656498,5.971351502160949,6.144363185360447,0.0009450606517843614,0.046717513946533104,0.17909312255963614,1.974207307095951e-06,3.290345511826585e-07
6,2.0,-15.0,0.012,0.13,11,FAIL,results/franka_rotation_gain_public24/traces/s2__online__case_06__compact.npz,results/franka_budget_transfer/traces/public24__case06__s2__f8n.npz,3.0,3.5,250,0.0010981344435559382,0.0017342434437259263,0.0006361090001699881,8.911436688178658e-07,2.98489452602782e-06,3.147555873060446e-07,2.2705796078540938e-08,0.000925282657210949,0.0017159797398093714,0.000553932556343282,-6.475103746320678e-05,3.4995673082511e-08,4.030805859158195e-08,7.914310329041299e-09,1.851309922597933e-08,1.2124985849114265,0.9370158911864862,-0.2754826937249402,-1.0544099295619787,-0.46303583797647585,5.977526735707337,6.279411756745726,0.0027906769326689206,0.02569155488160201,0.3028112063056587,1.8017010659824506e-06,3.002835109970751e-07
6,2.0,-15.0,0.012,0.13,11,FAIL,results/franka_rotation_gain_public24/traces/s2__online__case_06__compact.npz,results/franka_budget_transfer/traces/public24__case06__s2__f8n.npz,3.5,4.0,250,0.0017431030406991107,0.001500493787435795,-0.00024260925326331567,2.4313969595954767e-06,2.220818156141181e-06,6.070112508990097e-07,3.0663449992236075e-08,0.0015303555672455346,0.0014781669558369271,0.0007631281665847694,1.2381226492228613e-05,8.940879739607437e-08,3.584060681297305e-08,2.4646652263978146e-08,3.051015522278421e-08,0.7934226161608365,0.5835394505057835,-0.20988316565505305,-0.6869301644980961,-0.021491950876255994,5.98070555767717,6.26121139555932,0.006152859084583712,0.03270781376428787,0.28217371999783986,-7.86926604361069e-07,-1.3115443406017814e-07
6,2.0,-15.0,0.012,0.13,11,FAIL,results/franka_rotation_gain_public24/traces/s2__online__case_06__compact.npz,results/franka_budget_transfer/traces/public24__case06__s2__f8n.npz,4.0,4.5,250,0.0018854899372573886,0.0011918730994170611,-0.0006936168378403275,2.6695809276979634e-06,1.2532942433886267e-06,8.854913758009073e-07,1.6726724172540483e-07,0.0015895821107128642,0.0010388011339193246,0.0009356479555323961,0.0003877961590763861,1.4280964099959892e-07,1.741864475565522e-07,1.0054279108954505e-08,1.6881380731007065e-08,0.6245574180652057,0.8272534794010351,0.20269606133582946,-0.03167333553262362,0.3666702578473991,5.953430508689671,6.105088535551764,0.02919717436724338,0.06847036037329986,0.15754243671788004,-2.134510818384839e-06,-3.557518030641398e-07
7,1.0,-15.0,0.012,0.13,29,FAIL,results/franka_rotation_gain_public24/traces/s1__online__case_07__compact.npz,results/franka_budget_transfer/traces/public24__case07__s1__f8n.npz,1.5,2.0,250,0.009798719268399753,0.010202679326535348,0.0004039600581355954,8.7537930717569e-05,9.548394042295494e-05,8.47696858333959e-06,8.610725017156871e-06,0.00617256884138952,0.006601565639020931,0.0028545840248716922,0.0028758051401411755,4.943732461587623e-05,5.190327153665308e-05,3.283186282869216e-07,3.40469813094462e-07,2.5588809744401617,2.556843661548964,-0.002037312891198066,-2.1823594814811855,-2.1507476717974696,5.803100715947129,5.8522538579151355,0.20666025405866362,0.2545102039273548,0.08324518359864323,8.079766139203214e-06,1.3466276898672024e-06
7,1.0,-15.0,0.012,0.13,29,FAIL,results/franka_rotation_gain_public24/traces/s1__online__case_07__compact.npz,results/franka_budget_transfer/traces/public24__case07__s1__f8n.npz,2.0,2.5,250,0.0025042462954104304,0.0028585496893963535,0.00035430339398592314,2.110261905062973e-06,4.67690146083303e-06,4.16098760301389e-06,3.4944048659149613e-06,1.786756663949085e-05,-0.00016011243212035996,0.0019267367574727988,0.001721080154081707,2.1099426551253564e-06,4.6512654699135325e-06,4.486730704170965e-07,5.322879691410493e-07,0.890517376790619,1.0152784951504423,0.12476111835982318,0.009263324166172773,0.23864904514723467,5.976458261193329,6.056316429802377,0.0025806164242312126,0.04334410643091853,0.08988640574022617,1.9000568186711284e-06,3.1667613644518804e-07
7,1.0,-15.0,0.012,0.13,29,FAIL,results/franka_rotation_gain_public24/traces/s1__online__case_07__compact.npz,results/franka_budget_transfer/traces/public24__case07__s1__f8n.npz,2.5,3.0,250,0.0011293783645912785,0.0017739312345823493,0.0006445528699910708,5.082601201709824e-07,2.7097799737581868e-06,7.672353702358882e-07,4.370520512686704e-07,0.0006761494069016152,0.001567432015309936,0.0008651333946472901,0.0006456257543934268,5.10820997175763e-08,2.529368511396205e-07,1.8779579701944685e-08,2.0219436532589215e-08,1.3107004781023353,1.2546575167994096,-0.05604296130292557,-0.7957969392378728,-0.56237047045786,5.971412707059411,6.133361578204644,0.0008449680803766244,0.05545752378237357,0.1710419177558428,1.8713365346199868e-06,3.1188942243666443e-07
7,1.0,-15.0,0.012,0.13,29,FAIL,results/franka_rotation_gain_public24/traces/s1__online__case_07__compact.npz,results/franka_budget_transfer/traces/public24__case07__s1__f8n.npz,3.0,3.5,250,0.0009573072150958096,0.0015511470482711426,0.0005938398331753331,6.263737027753183e-07,2.359566664239766e-06,2.9006340129917627e-07,4.649050112051337e-08,0.0007626213079277389,0.0015200989690885155,0.0005190769287090162,-6.622344102590441e-05,4.478244346990333e-08,4.8865788415798125e-08,2.062254338119122e-08,4.210495697920193e-08,1.2128358381581532,0.9464115707636928,-0.26642426739446035,-1.0444164121666673,-0.47268141982938977,5.978052424816875,6.273127850946123,0.0024192539231286457,0.033066519554338814,0.2966858215294169,1.4896200612857846e-06,2.482700102142974e-07
7,1.0,-15.0,0.012,0.13,29,FAIL,results/franka_rotation_gain_public24/traces/s1__online__case_07__compact.npz,results/franka_budget_transfer/traces/public24__case07__s1__f8n.npz,3.5,4.0,250,0.0016281143515436652,0.0014589736259700689,-0.00016914072557359635,2.1823136541582787e-06,2.10965042841637e-06,4.6844268754417117e-07,1.8953612859879758e-08,0.0014517096620472914,0.0014277929282914986,0.0006757123805465306,-6.779204375689675e-05,7.485271127681738e-08,7.105778233715872e-08,1.1855466320311887e-08,1.4357851663142755e-08,0.8321907397208926,0.5623778158225182,-0.2698129238983744,-0.745475897754435,-0.06763714033270928,5.980278885060108,6.266547107636429,0.005972925045608723,0.03768188787232216,0.28849325400665665,-5.221523004261999e-07,-8.702538340436665e-08
7,1.0,-15.0,0.012,0.13,29,FAIL,results/franka_rotation_gain_public24/traces/s1__online__case_07__compact.npz,results/franka_budget_transfer/traces/public24__case07__s1__f8n.npz,4.0,4.5,250,0.0019524414195645115,0.0012485647170234814,-0.0007038767025410301,2.9314889573328122e-06,1.3750703224610605e-06,8.805385394982716e-07,1.8384353013486554e-07,0.00167862855680906,0.001121916335530504,0.000929138583015314,0.0003840522689324508,1.1369512559794433e-07,1.1637405853086597e-07,1.7240033050565946e-08,3.634738486270206e-08,0.5457276568939674,0.7300187378357759,0.18429108094180854,-0.06839184530887622,0.3280098960556341,5.94930774006423,6.099432871011676,0.03002592113677668,0.06874608779493627,0.1555499627690074,-2.253113644235158e-06,-3.7551894070585964e-07
7,2.0,-15.0,0.012,0.13,29,FAIL,results/franka_rotation_gain_public24/traces/s2__online__case_07__compact.npz,results/franka_budget_transfer/traces/public24__case07__s2__f8n.npz,1.5,2.0,250,0.010915948576645585,0.0114198260715278,0.0005038774948822149,0.00010798572401233875,0.00011906938311398381,1.1172209315632045e-05,1.1343044389962236e-05,0.0065952122646250845,0.00713643614264102,0.0032341871362304817,0.003255794398028325,6.44888991968776e-05,6.814066229599078e-05,7.122428834733204e-07,7.428472277296155e-07,2.6507133085807775,2.6507061899891475,-7.118591629790699e-06,-2.1901108846759754,-2.147107806320375,5.802257559367461,5.865609411825838,0.2134206933573907,0.2736734414929367,0.10305525448788234,1.1254494175975244e-05,1.8757490293292074e-06
7,2.0,-15.0,0.012,0.13,29,FAIL,results/franka_rotation_gain_public24/traces/s2__online__case_07__compact.npz,results/franka_budget_transfer/traces/public24__case07__s2__f8n.npz,2.0,2.5,250,0.0026193853689882394,0.003106660132033537,0.00048727476304529773,2.4139363555274107e-06,5.922492506761484e-06,4.447243355742243e-06,3.728844669205151e-06,-0.0004725232174296967,-0.0008339285105486885,0.001914641650676911,0.0016700991935850546,2.1906581645172986e-06,5.2270557460555295e-06,7.813907052354367e-07,9.396133527917004e-07,1.0188717620175367,1.1643766111618976,0.1455048491443608,-0.024377246722291357,0.22064858414080665,5.976458261193329,6.050775273201932,0.0025806164242312126,0.05483122988406041,0.09114634252448893,2.79015746469698e-06,4.650262441161633e-07
7,2.0,-15.0,0.012,0.13,29,FAIL,results/franka_rotation_gain_public24/traces/s2__online__case_07__compact.npz,results/franka_budget_transfer/traces/public24__case07__s2__f8n.npz,2.5,3.0,250,0.0012625399050212986,0.002086409393096785,0.0008238694880754866,8.542220828901381e-07,3.899159302870451e-06,7.397849288810515e-07,4.5394485273204587e-07,0.0009166733801811853,0.001938386009981604,0.0008513542365559704,0.0006575453518188133,1.393199695733844e-08,1.4181897917804695e-07,1.4980892779252407e-08,2.1578963033518846e-08,1.3438221884994501,1.2790052509513472,-0.06481693754810305,-0.8469993041472157,-0.6119543132170713,5.971412707059411,6.143284659608713,0.0008449680803766244,0.05791978444337396,0.18124300986837857,2.7590971438313072e-06,4.5984952397188454e-07
7,2.0,-15.0,0.012,0.13,29,FAIL,results/franka_rotation_gain_public24/traces/s2__online__case_07__compact.npz,results/franka_budget_transfer/traces/public24__case07__s2__f8n.npz,3.0,3.5,250,0.0010352479608180304,0.0016250924396178051,0.0005898444787997747,7.817720837144041e-07,2.592298682035037e-06,2.8996625666348606e-07,4.862675526791227e-08,0.0008611708220418192,0.001596005495825212,0.0005200275450120288,-9.523973770874431e-05,4.0156898978221424e-08,4.506513933075687e-08,1.9537609092248337e-08,3.955614762908186e-08,1.195000842595907,0.9296395175072142,-0.26536132508869303,-1.029517689343475,-0.43868810086289,5.977549026225728,6.276333756414162,0.00306416787996275,0.0292628036387595,0.2999981789232576,1.569187096925059e-06,2.6153118282084315e-07
7,2.0,-15.0,0.012,0.13,29,FAIL,results/franka_rotation_gain_public24/traces/s2__online__case_07__compact.npz,results/franka_budget_transfer/traces/public24__case07__s2__f8n.npz,3.5,4.0,250,0.0016950372863570931,0.00142427450475084,-0.00027076278160625316,2.3504402104277105e-06,2.0116756299931603e-06,5.227111917131071e-07,1.6882234890090355e-08,0.0015142650935835943,0.0013927878369714786,0.0007147821512176237,-3.54388524059446e-05,5.744143678197868e-08,7.181767117747063e-08,1.179766801381317e-08,1.562632263024003e-08,0.7899450468089734,0.5785268344053378,-0.2114182124036356,-0.6857747009192356,-0.025742006330054926,5.979918984783342,6.251536574554801,0.0062786247065118915,0.041181200462987226,0.27442268276595977,-8.445935372575667e-07,-1.4076558954292779e-07
7,2.0,-15.0,0.012,0.13,29,FAIL,results/franka_rotation_gain_public24/traces/s2__online__case_07__compact.npz,results/franka_budget_transfer/traces/public24__case07__s2__f8n.npz,4.0,4.5,250,0.001897899190387905,0.001209397001628496,-0.000688502188759409,2.7137977083820956e-06,1.2602872249256048e-06,8.882236284929698e-07,2.0235388262239182e-07,0.001604233986002516,0.0010738781802001115,0.0009353175400593896,0.00041500787187655517,1.402310265365745e-07,1.0707287901570164e-07,1.34047277502219e-08,3.012234890288461e-08,0.5979045222424748,0.7754063144117972,0.17750179216932238,-0.03142841595383816,0.32507693030068496,5.948555225252225,6.085960956107219,0.02938100682250053,0.06468599916464234,0.1423336057338675,-2.1393802293270686e-06,-3.565633715545114e-07
8,1.0,0.0,0.005,0.1,11,PASS,results/franka_rotation_gain_public24/traces/s1__online__case_08__compact.npz,results/franka_budget_transfer/traces/public24__case08__s1__f8n.npz,1.5,2.0,250,0.009356104046172483,0.00963472969847884,0.0002786256523063576,7.499467624723549e-05,8.018205008187719e-05,1.2542006675569609e-05,1.2645966280872982e-05,0.005741498824836903,0.006044931886194708,0.0034207771278780925,0.0034340665444480426,4.2029867491631955e-05,4.364084857314368e-05,8.402905169557213e-07,8.531532491756628e-07,2.430954298898976,2.4274248676653962,-0.0035294312335800403,-2.0920172705731415,-2.0653691704361057,5.84788554056555,5.8817032202716515,0.1708825968033194,0.20000418355966723,0.053970146176522904,5.291333439945076e-06,8.818889066575126e-07
8,1.0,0.0,0.005,0.1,11,PASS,results/franka_rotation_gain_public24/traces/s1__online__case_08__compact.npz,results/franka_budget_transfer/traces/public24__case08__s1__f8n.npz,2.0,2.5,250,0.002019901289376537,0.0020489858442490276,2.9084554872490804e-05,1.2548511169189445e-06,1.6863633439219515e-06,2.8251501019060506e-06,2.5119796460109487e-06,0.00037999818612260386,0.0003480230924704343,0.0015283673149334707,0.001409771432314618,1.1104524954624755e-06,1.5652432710292667e-06,4.892434525491043e-07,5.245241546405393e-07,0.996999732392379,1.0326606089320882,0.03566087653970916,-0.1602566194543071,-0.027034641967882148,5.972027600929231,6.0264054393359485,0.007229046195398609,0.01790166852252442,0.05599698571141107,1.1834177110790544e-07,1.9723628517984237e-08
8,1.0,0.0,0.005,0.1,11,PASS,results/franka_rotation_gain_public24/traces/s1__online__case_08__compact.npz,results/franka_budget_transfer/traces/public24__case08__s1__f8n.npz,2.5,3.0,250,0.0010795404852433335,0.0017004237736176792,0.0006208832883743457,9.159331158833212e-07,2.791925361841246e-06,2.494745433960907e-07,9.95156480429422e-08,0.0009402676899463684,0.0016529631478742898,0.0004860967740735844,0.0002705361068630947,3.1829787126241337e-08,5.96381936107653e-08,1.3184469631345346e-08,2.632586292630243e-08,1.1953296907172797,1.1305523260952086,-0.06477736462207105,-0.7497349069167607,-0.5007861991669744,5.970368477576514,6.12338285677776,0.004037776200956189,0.036347008770207724,0.15719983333856902,1.7260333506047762e-06,2.87672225100796e-07
8,1.0,0.0,0.005,0.1,11,PASS,results/franka_rotation_gain_public24/traces/s1__online__case_08__compact.npz,results/franka_budget_transfer/traces/public24__case08__s1__f8n.npz,3.0,3.5,250,0.0011111541846144718,0.0015238351593863326,0.0004126809747718608,1.0800803034623399e-06,2.2870392855020466e-06,1.5458331852391165e-07,3.503430747992241e-08,0.0010266807691984834,0.0014842347398004916,0.0003773510971007937,-0.00015342053679365283,2.6006901620350553e-08,8.408652267141402e-08,1.2189468040738992e-08,1.1496446369869821e-08,0.9033780865116862,0.7260650187796348,-0.17731306773205144,-0.7606601151427681,-0.2938140715560712,5.9769059836450005,6.203929606246072,0.003893538676982849,0.015155449917497453,0.22740281231254733,1.0874099709957172e-06,1.8123499516595287e-07
8,1.0,0.0,0.005,0.1,11,PASS,results/franka_rotation_gain_public24/traces/s1__online__case_08__compact.npz,results/franka_budget_transfer/traces/public24__case08__s1__f8n.npz,3.5,4.0,250,0.0014269119981817062,0.0011643098028543907,-0.00026260219532731554,1.5599419911612787e-06,1.301498380058004e-06,4.761358593936309e-07,5.411893696482553e-08,0.0012271854930341628,0.0011250316406123556,0.0006678626322472804,0.0001156537745884213,5.395775684777755e-08,3.5802187679075845e-08,3.00953638413647e-08,4.074314138827617e-08,0.5598957525944595,0.5097276642702011,-0.05016808832425835,-0.41815941317123206,0.03645642059068836,5.9810939725934915,6.172833385007596,0.0057612865253641385,0.026828647704718312,0.19335654140177583,-6.804605335320802e-07,-1.1341008892201337e-07
8,1.0,0.0,0.005,0.1,11,PASS,results/franka_rotation_gain_public24/traces/s1__online__case_08__compact.npz,results/franka_budget_transfer/traces/public24__case08__s1__f8n.npz,4.0,4.5,250,0.0015015460259367986,0.001045128260418328,-0.00045641776551847064,1.5043491012237163e-06,8.396935415186745e-07,7.50291366782877e-07,2.525995392063655e-07,0.001175025010294683,0.000819443225769035,0.0008609970585304107,0.0004911932636664257,1.2366532640569658e-07,1.6820634125991286e-07,8.975431984857478e-09,1.1328716935090691e-08,0.6420946456607791,0.7833422830599795,0.14124763739920043,0.023673152711144937,0.28926169176712047,5.968046166559843,6.070123565728923,0.0182548436435079,0.046018387698833624,0.10678753317085529,-1.1623473872815535e-06,-1.9372456454692558e-07
8,2.0,0.0,0.005,0.1,11,PASS,results/franka_rotation_gain_public24/traces/s2__online__case_08__compact.npz,results/franka_budget_transfer/traces/public24__case08__s2__f8n.npz,1.5,2.0,250,0.010513335263031028,0.010836731411471161,0.00032339614844013355,9.478064800951417e-05,0.00010156258820018027,1.5749570343377518e-05,1.5872159484185505e-05,0.00616804511756293,0.006509481170622407,0.003821064214353484,0.0038344280199642416,5.673586743722228e-05,5.918924308949261e-05,1.1490386131647089e-06,1.1693212438986035e-06,2.518804154004815,2.5162016482407643,-0.002602505764050418,-2.1058590547745437,-2.0720779586147913,5.8563851801656375,5.895752560415276,0.16997699764102212,0.2018386733678618,0.059672774204362275,6.90452933147408e-06,1.1507548885790132e-06
8,2.0,0.0,0.005,0.1,11,PASS,results/franka_rotation_gain_public24/traces/s2__online__case_08__compact.npz,results/franka_budget_transfer/traces/public24__case08__s2__f8n.npz,2.0,2.5,250,0.0019559016749937496,0.002057156881316278,0.00010125520632252825,1.3787282037235349e-06,2.0782242724513553e-06,2.4468231585198203e-06,2.15367016189556e-06,-7.762940031535356e-05,-0.0001965690999595739,0.0013690811363284117,0.0012399257442182769,1.3727018799302134e-06,2.0395848613924384e-06,5.724400006695259e-07,6.162543107203119e-07,1.0797499319979007,1.123559655200295,0.04380972320239436,-0.15674664025730925,-0.03172647866179554,5.962718095732444,6.008984702786962,0.012472457579005178,0.022464923285859462,0.0484603673087605,4.06343072103561e-07,6.77238453505935e-08
8,2.0,0.0,0.005,0.1,11,PASS,results/franka_rotation_gain_public24/traces/s2__online__case_08__compact.npz,results/franka_budget_transfer/traces/public24__case08__s2__f8n.npz,2.5,3.0,250,0.0012402232217521602,0.0019227301600061733,0.0006825069382540132,1.2621910682953557e-06,3.5663006205233374e-06,2.759625714779524e-07,1.3059064767402768e-07,0.0011155034965843439,0.0018769681816601317,0.0005137999833315523,0.0003211638314039605,1.7843017403459007e-08,4.329106555879622e-08,1.1972148606448901e-08,2.7444441071956143e-08,1.2043816790380504,1.1332814821552781,-0.07110019688277239,-0.7753269162806901,-0.5290881254377717,5.970093756985382,6.12516537008587,0.004480145205822587,0.03478456249957147,0.15885143308958816,2.158737628424057e-06,3.5978960473734283e-07
8,2.0,0.0,0.005,0.1,11,PASS,results/franka_rotation_gain_public24/traces/s2__online__case_08__compact.npz,results/franka_budget_transfer/traces/public24__case08__s2__f8n.npz,3.0,3.5,250,0.0011662233730876117,0.0015541628850533977,0.0003879395119657861,1.2014561478389608e-06,2.3826036633944502e-06,1.586208080968858e-07,3.281860988305101e-08,0.0010848882846065837,0.0015152207769994833,0.0003833629622246924,-0.00014766267457166508,2.447355776234491e-08,8.67096603435328e-08,1.1653647291194859e-08,1.1014344421393537e-08,0.8857679459518358,0.7222196039259361,-0.16354834202589968,-0.736659566559435,-0.2733025399404773,5.9767810413109945,6.198706779058447,0.003967752288742673,0.01460793609823887,0.22229413956189437,1.0553453173416544e-06,1.7589088622360905e-07
8,2.0,0.0,0.005,0.1,11,PASS,results/franka_rotation_gain_public24/traces/s2__online__case_08__compact.npz,results/franka_budget_transfer/traces/public24__case08__s2__f8n.npz,3.5,4.0,250,0.0014464445673244555,0.0011458129898492663,-0.0003006315774751892,1.5910137807499898e-06,1.250270691810503e-06,5.011881055924411e-07,6.261671589681235e-08,0.0012428235331030746,0.0011046056112472304,0.0006865246113721614,0.00014410648266576913,4.640344631518057e-08,3.011713541163539e-08,2.9872063572743835e-08,4.185003755051272e-08,0.5523424717719791,0.5330902799000347,-0.019252191871944532,-0.38269930359068005,0.05008851283426086,5.980961897208445,6.161840020424781,0.0058274152191210345,0.026890450502328026,0.1825983413567795,-7.793144786351154e-07,-1.2988574643918588e-07
8,2.0,0.0,0.005,0.1,11,PASS,results/franka_rotation_gain_public24/traces/s2__online__case_08__compact.npz,results/franka_budget_transfer/traces/public24__case08__s2__f8n.npz,4.0,4.5,250,0.0014740727592280863,0.0010461723034532766,-0.00042790045577480976,1.4426415671465105e-06,8.358404991494023e-07,7.30248932351793e-07,2.5863598936333245e-07,0.0011523599260494705,0.0008238534595024173,0.0008493133695628072,0.0004996943595749033,1.1470816798176964e-07,1.5710597641530118e-07,8.915732633663349e-09,8.941536372359723e-09,0.6853269835340141,0.816531759763986,0.1312047762299719,0.03634382277472133,0.2836240598549488,5.970560932050204,6.066155272610702,0.016033086867009314,0.04257968784731885,0.10023603539869838,-1.0784140109855687e-06,-1.7973566849759477e-07
9,1.0,0.0,0.005,0.1,29,PASS,results/franka_rotation_gain_public24/traces/s1__online__case_09__compact.npz,results/franka_budget_transfer/traces/public24__case09__s1__f8n.npz,1.5,2.0,250,0.00947679584859845,0.00978421217452525,0.00030741632592680077,7.648331102231698e-05,8.229443466047325e-05,1.3326348533695835e-05,1.3436373215654885e-05,0.005703838845602856,0.006033723446964781,0.003502014148969318,0.0035152985862165636,4.394953344570886e-05,4.58886160260207e-05,1.0622454341145396e-06,1.0790490653987102e-06,2.423234675328953,2.419556992122346,-0.003677683206607281,-2.077879509442252,-2.047765861090686,5.852996845078201,5.89016743280605,0.1638448478826821,0.19612576419808567,0.05858065710844714,5.921148320115304e-06,9.868580533525506e-07
9,1.0,0.0,0.005,0.1,29,PASS,results/franka_rotation_gain_public24/traces/s1__online__case_09__compact.npz,results/franka_budget_transfer/traces/public24__case09__s1__f8n.npz,2.0,2.5,250,0.0020484828971061853,0.0021288694510321537,8.038655392596846e-05,1.5294293154462052e-06,2.184687751334403e-06,2.6668528642903463e-06,2.3473973882035403e-06,0.0003541170158719471,0.00020679573356866966,0.0014580884670460366,0.0013320586266957319,1.4040304545161522e-06,2.1419232759121986e-06,5.408308865576851e-07,5.730172032490215e-07,1.01306901073302,1.0564760838389289,0.04340707310590878,-0.14170938822387313,-0.017823972685254708,5.969518838804765,6.0129386440356365,0.011087454241154076,0.02634019330443986,0.04695361117090016,3.358029598013919e-07,5.596715996689865e-08
9,1.0,0.0,0.005,0.1,29,PASS,results/franka_rotation_gain_public24/traces/s1__online__case_09__compact.npz,results/franka_budget_transfer/traces/public24__case09__s1__f8n.npz,2.5,3.0,250,0.0011717362060163093,0.0018901630031683142,0.0007184267971520049,1.1222452523283515e-06,3.4514957833633957e-06,2.5072048416114343e-07,1.2122039518286494e-07,0.0010316511349696999,0.0018246767941833154,0.00048268900890902175,0.00031084211630072554,5.794118804408167e-08,1.2205038013229417e-07,1.7731804839569756e-08,2.4597573916551124e-08,1.184353036716992,1.1190890512463467,-0.06526398547064527,-0.7431242159500575,-0.5193640005959514,5.9707847055175405,6.11789800656537,0.002613300498514678,0.04633996215040912,0.15391544170656896,2.1997504420567657e-06,3.666250736761276e-07
9,1.0,0.0,0.005,0.1,29,PASS,results/franka_rotation_gain_public24/traces/s1__online__case_09__compact.npz,results/franka_budget_transfer/traces/public24__case09__s1__f8n.npz,3.0,3.5,250,0.0010361159659532802,0.0014239611592567964,0.00038784519330351615,9.348110954377753e-07,1.973995442007817e-06,1.3872519946552396e-07,5.3669941064141955e-08,0.0009412912253181782,0.0013751828186532972,0.0003441619484164177,-0.00016612609227029652,4.8781924576777995e-08,8.286765728858988e-08,2.027775272773899e-08,2.6072062531142885e-08,0.8823654985376556,0.7162705411512758,-0.1660949573863798,-0.7323287058169319,-0.27199515687917586,5.9770543386464,6.199849597139518,0.003950412920812229,0.017099736109459692,0.2232664690023779,9.5412908816866e-07,1.5902151469477667e-07
9,1.0,0.0,0.005,0.1,29,PASS,results/franka_rotation_gain_public24/traces/s1__online__case_09__compact.npz,results/franka_budget_transfer/traces/public24__case09__s1__f8n.npz,3.5,4.0,250,0.001359854698244111,0.0010639731629323403,-0.0002958815353117706,1.4549510537502707e-06,1.1073974892174065e-06,3.942537465863114e-07,2.4641402222841558e-08,0.0011867169312776002,0.001006447937057651,0.0006160712672420932,6.849076557648645e-05,4.66539787693462e-08,9.446003920980468e-08,1.4709940265032908e-08,1.9950417253588337e-08,0.5539543710979858,0.5032020465557318,-0.05075232454225412,-0.4159345186483261,0.03069913641291455,5.979653508100732,6.161860179355334,0.006772501405713537,0.03533006817027367,0.1850791445041167,-7.17165908896334e-07,-1.1952765148272232e-07
9,1.0,0.0,0.005,0.1,29,PASS,results/franka_rotation_gain_public24/traces/s1__online__case_09__compact.npz,results/franka_budget_transfer/traces/public24__case09__s1__f8n.npz,4.0,4.5,250,0.0015359237063961757,0.0010907837994154899,-0.00044513990698068586,1.5886113821281719e-06,8.869623494228425e-07,7.704502497415937e-07,3.0284694764444906e-07,0.0012231680897248067,0.000898803106939549,0.0008707869942938693,0.0005294547160729505,9.247120640713904e-08,7.911532437865609e-08,1.2180260310242542e-08,2.2524651272560495e-08,0.6129446884056953,0.7299098426076971,0.11696515420200188,0.01746961738658229,0.24341370735631618,5.962524546520339,6.050833517027135,0.02049678071678054,0.042856849276130156,0.09172583921225838,-1.169252334802474e-06,-1.9487538913374567e-07
9,2.0,0.0,0.005,0.1,29,PASS,results/franka_rotation_gain_public24/traces/s2__online__case_09__compact.npz,results/franka_budget_transfer/traces/public24__case09__s2__f8n.npz,1.5,2.0,250,0.010643744714026088,0.010996052464063995,0.0003523077500379064,9.664892958587543e-05,0.00010413819853805722,1.6640371951482848e-05,1.677497125439062e-05,0.006131683937482112,0.006500770900794868,0.003902437919815361,0.003916369447381631,5.905138167669931e-05,6.18781762334359e-05,1.4113502334700045e-06,1.4370216060063133e-06,2.512091361980703,2.5098191302132236,-0.0022722317674795517,-2.0915374919768333,-2.054611002574173,5.861936849295609,5.904544983294764,0.16319320809666285,0.19807582708297702,0.06473307388532777,7.623868255089575e-06,1.2706447091815959e-06
9,2.0,0.0,0.005,0.1,29,PASS,results/franka_rotation_gain_public24/traces/s2__online__case_09__compact.npz,results/franka_budget_transfer/traces/public24__case09__s2__f8n.npz,2.0,2.5,250,0.0020106278214443384,0.00216941694205869,0.00015878912061435173,1.7471887572131687e-06,2.703117353366637e-06,2.295435479152838e-06,2.0032525151246428e-06,-0.00011890701074465098,-0.00034182318716306954,0.001292189856431652,0.001157669661064475,1.7330498800089403e-06,2.5862742620843185e-06,6.256808540879844e-07,6.630534709755065e-07,1.1000701100551793,1.15109285262701,0.05102274257183081,-0.13490010228998392,-0.02096194383364164,5.960655196809283,5.995578802190403,0.016466508329424458,0.02996899295649019,0.03859303871328148,6.637456321252732e-07,1.1062427202087887e-07
9,2.0,0.0,0.005,0.1,29,PASS,results/franka_rotation_gain_public24/traces/s2__online__case_09__compact.npz,results/franka_budget_transfer/traces/public24__case09__s2__f8n.npz,2.5,3.0,250,0.0013373698759533948,0.002099791867672234,0.0007624219917188393,1.511007533580202e-06,4.253923960855388e-06,2.7755065152739604e-07,1.5520192668706062e-07,0.0012190893484732715,0.002046788017689159,0.0005128281765569198,0.0003625346977625151,2.482869401921701e-08,6.458277149947223e-08,1.4557912856700653e-08,2.377051960530244e-08,1.1939149295386726,1.1236883885099875,-0.07022654102868502,-0.7706662220292165,-0.5487357044741048,5.970697774443706,6.120122382805618,0.002748805082183081,0.0449532991083014,0.15570823666083475,2.6205677024348505e-06,4.3676128373914175e-07
9,2.0,0.0,0.005,0.1,29,PASS,results/franka_rotation_gain_public24/traces/s2__online__case_09__compact.npz,results/franka_budget_transfer/traces/public24__case09__s2__f8n.npz,3.0,3.5,250,0.0010920042919740215,0.001456479864016058,0.0003644755720420365,1.0493971883821364e-06,2.0701289348393076e-06,1.430761853075475e-07,5.1204659444927436e-08,0.0010012693164770737,0.0014085162326505048,0.0003515616933895949,-0.0001598659997961785,4.6856944263670374e-08,8.621095719933653e-08,1.948056104858801e-08,2.5647521554095693e-08,0.864007076408509,0.7127693175548093,-0.15123775885369975,-0.707098652619038,-0.2505083284188001,5.977046004609036,6.194450178902778,0.003906975726581373,0.01606959339617737,0.2178305911030813,9.288602205945511e-07,1.5481003676575851e-07
9,2.0,0.0,0.005,0.1,29,PASS,results/franka_rotation_gain_public24/traces/s2__online__case_09__compact.npz,results/franka_budget_transfer/traces/public24__case09__s2__f8n.npz,3.5,4.0,250,0.0013724366068098137,0.001039840896217965,-0.0003325957105918486,1.467532531303549e-06,1.0516249494266037e-06,4.1604970840808594e-07,2.9644140020777214e-08,0.001195628301997218,0.000982571837567927,0.0006337725592181552,9.583180319592268e-05,3.800549476679784e-08,8.617753344499068e-08,1.4382051590155772e-08,2.0460405516995165e-08,0.546908652570885,0.5271779118187001,-0.01973074075218488,-0.3809879568799266,0.044977869232645885,5.979174880723466,6.150884760287579,0.0070987738196921,0.035620289134532156,0.17476845765258875,-8.023131502642539e-07,-1.3371885837737565e-07
9,2.0,0.0,0.005,0.1,29,PASS,results/franka_rotation_gain_public24/traces/s2__online__case_09__compact.npz,results/franka_budget_transfer/traces/public24__case09__s2__f8n.npz,4.0,4.5,250,0.0015147012747430992,0.0010961212312196632,-0.00041858004352343593,1.5442198825512233e-06,8.922046531309569e-07,7.501000691571467e-07,3.092771003995535e-07,0.0012063168513162688,0.0009066467571032146,0.000859962389633558,0.0005390593318579225,8.901953678162634e-08,7.019631096518145e-08,1.056475757288724e-08,1.8692137136443757e-08,0.6557829406447898,0.7630362399290748,0.10725329928428494,0.029825679750540984,0.2365172977882674,5.965155937690446,6.046912994091842,0.018711726075588065,0.03938451970725705,0.08500318940218458,-1.0928381981778598e-06,-1.8213969969630995e-07
10,1.0,0.0,0.005,0.13,11,PASS,results/franka_rotation_gain_public24/traces/s1__online__case_10__compact.npz,results/franka_budget_transfer/traces/public24__case10__s1__f8n.npz,1.5,2.0,250,0.009416623639066327,0.009704886735842924,0.00028826309677659756,7.601565453772591e-05,8.142045539817936e-05,1.2657146222096838e-05,1.2764371157360573e-05,0.005767120282385421,0.0060796784636248545,0.0034352888823378953,0.003448887790947884,4.275597818622461e-05,4.4457965177115495e-05,8.559365169824938e-07,8.695441628111989e-07,2.4429269075709743,2.439245417345857,-0.003681490225117181,-2.101803029267276,-2.0740893984862967,5.848434090090118,5.883368714441109,0.1708922826791007,0.20087745103723892,0.055458730984302575,5.51202579571719e-06,9.18670965952865e-07
10,1.0,0.0,0.005,0.13,11,PASS,results/franka_rotation_gain_public24/traces/s1__online__case_10__compact.npz,results/franka_budget_transfer/traces/public24__case10__s1__f8n.npz,2.0,2.5,250,0.0020277761446351717,0.002058566479235782,3.07903346006104e-05,1.2745075388042206e-06,1.7229923673964756e-06,2.8373685539472593e-06,2.514703582036728e-06,0.00037700340871961164,0.00033902724441256337,0.0015309677721974879,0.0014088154443219042,1.132375968618014e-06,1.6080528949424996e-06,4.935062344399205e-07,5.299426258768028e-07,1.0016834602041989,1.038958314769661,0.03727485456546213,-0.15915910935251862,-0.022875500182756997,5.972121173239098,6.027390294895777,0.007177293237115667,0.01803609060966135,0.056896624497589095,1.2581985668172404e-07,2.0969976113620673e-08
10,1.0,0.0,0.005,0.13,11,PASS,results/franka_rotation_gain_public24/traces/s1__online__case_10__compact.npz,results/franka_budget_transfer/traces/public24__case10__s1__f8n.npz,2.5,3.0,250,0.0010846182864392667,0.0017098649177894846,0.0006252466313502179,9.234619588905338e-07,2.823670755276381e-06,2.5293486838791754e-07,9.996728181085942e-08,0.0009444101537100805,0.0016623594541959096,0.0004898999631701853,0.0002721740152155346,3.1551420459836026e-08,6.02318003218586e-08,1.2932894473768485e-08,2.5888587252313382e-08,1.2006167187305428,1.1358480715996784,-0.06476864713086451,-0.7528090628033685,-0.5022513881907963,5.970344929267738,6.12440549160688,0.004077156504227497,0.03647295592738749,0.15824604646162463,1.7472412098087888e-06,2.912068683014648e-07
10,1.0,0.0,0.005,0.13,11,PASS,results/franka_rotation_gain_public24/traces/s1__online__case_10__compact.npz,results/franka_budget_transfer/traces/public24__case10__s1__f8n.npz,3.0,3.5,250,0.0011160868460686317,0.0015299214478233765,0.00041383460175474485,1.0875419386856785e-06,2.306175545324951e-06,1.5810790928174694e-07,3.448409118502579e-08,0.0010305780599711906,0.0014910834214180997,0.0003822125583116991,-0.00015207295259251383,2.5450800991695345e-08,8.284577569704416e-08,1.2021469550572946e-08,1.1357908274820833e-08,0.9090382119595537,0.7312981435209064,-0.17774006843864723,-0.7649724744658537,-0.2953214432591842,5.976914452282079,6.2053129689802615,0.003881495251057078,0.015169106663306876,0.22877573933913026,1.0950097885425511e-06,1.825016314237585e-07
10,1.0,0.0,0.005,0.13,11,PASS,results/franka_rotation_gain_public24/traces/s1__online__case_10__compact.npz,results/franka_budget_transfer/traces/public24__case10__s1__f8n.npz,3.5,4.0,250,0.0014334705630455631,0.001171682208033087,-0.0002617883550124762,1.5740669663931598e-06,1.3190313614536456e-06,4.807708887250043e-07,5.380783516764417e-08,0.0012330577546120734,0.001133089654191568,0.0006715252050934535,0.00011547425972442305,5.3635540184191394e-08,3.5139197017679114e-08,2.9824787649199455e-08,4.047353050874065e-08,0.5651708146061235,0.5145075535046462,-0.0506632611014773,-0.4220242655967623,0.036147547479070806,5.981065500323987,6.174443570853216,0.005778972550193622,0.026839080461861807,0.19497445998960497,-6.819986584968744e-07,-1.136664430828124e-07
10,1.0,0.0,0.005,0.13,11,PASS,results/franka_rotation_gain_public24/traces/s1__online__case_10__compact.npz,results/franka_budget_transfer/traces/public24__case10__s1__f8n.npz,4.0,4.5,250,0.0015105523465403492,0.0010498312261965855,-0.0004607211203437637,1.5259712991238646e-06,8.499452778206044e-07,7.557970925146906e-07,2.5220032567682206e-07,0.0011847294113760184,0.0008256983569737605,0.0008642526146252215,0.0004908973544772353,1.223875209444977e-07,1.6816750111143665e-07,8.864510628159003e-09,1.1220113044073637e-08,0.6460792939677535,0.7883126874984828,0.14223339353072934,0.02185445465665528,0.29046882670906493,5.968217118209455,6.071411521002002,0.018103796404718604,0.046162509185961265,0.10795388438990719,-1.179622788141129e-06,-1.9660379802352148e-07
10,2.0,0.0,0.005,0.13,11,PASS,results/franka_rotation_gain_public24/traces/s2__online__case_10__compact.npz,results/franka_budget_transfer/traces/public24__case10__s2__f8n.npz,1.5,2.0,250,0.010576124099472527,0.010910049199322055,0.0003339250998495285,9.59604645530688e-05,0.00010300814614002569,1.5893936414374724e-05,1.6021027391602104e-05,0.006193095164574381,0.00654442619912398,0.0038373832385307657,0.0038511492050582047,5.7606036835594224e-05,6.017863186424535e-05,1.168426295017853e-06,1.189677191981663e-06,2.5310696876162977,2.5283771849294285,-0.0026925026868690125,-2.115993174295058,-2.081065331854824,5.856916540323045,5.8975066409851165,0.17002091583909715,0.20278487535495043,0.06134407021709564,7.174772564184253e-06,1.1957954273640421e-06
10,2.0,0.0,0.005,0.13,11,PASS,results/franka_rotation_gain_public24/traces/s2__online__case_10__compact.npz,results/franka_budget_transfer/traces/public24__case10__s2__f8n.npz,2.0,2.5,250,0.0019678022780017144,0.0020739321119908065,0.00010612983398909214,1.413509792262652e-06,2.1443500037207198e-06,2.4587360130460836e-06,2.156844401425929e-06,-8.336969294906596e-05,-0.0002088281469933829,0.001371181128945906,0.001237853166764825,1.4065592865602305e-06,2.1007408087440302e-06,5.785983246687144e-07,6.24563938956223e-07,1.0848302420095246,1.130558751146975,0.045728509137450385,-0.15561729005262062,-0.027012781895743493,5.962605135113223,6.009905282897859,0.012557612091646684,0.02258015480595456,0.049483364811324065,4.28948599837913e-07,7.149143330631882e-08
10,2.0,0.0,0.005,0.13,11,PASS,results/franka_rotation_gain_public24/traces/s2__online__case_10__compact.npz,results/franka_budget_transfer/traces/public24__case10__s2__f8n.npz,2.5,3.0,250,0.0012472869861069066,0.0019341940327038422,0.0006869070465969356,1.275300118008305e-06,3.609461556260649e-06,2.8042470770334555e-07,1.3164499988650313e-07,0.0011214717670514776,0.0018881345393733718,0.0005183312013929269,0.0003234036694379671,1.7601193714741894e-08,4.4409517485954316e-08,1.1757473365910513e-08,2.7055066480561255e-08,1.2095695820838865,1.1385058641945986,-0.07106371788928785,-0.7785348072311986,-0.5307170354420632,5.970098105837049,6.12623435830445,0.004437360783682525,0.03489578900295325,0.15990903014223365,2.185381730435502e-06,3.6423028840591694e-07
10,2.0,0.0,0.005,0.13,11,PASS,results/franka_rotation_gain_public24/traces/s2__online__case_10__compact.npz,results/franka_budget_transfer/traces/public24__case10__s2__f8n.npz,3.0,3.5,250,0.0011711874567910258,0.0015599923293935956,0.0003888048726025698,1.209519481869823e-06,2.4012421369657513e-06,1.621605770748077e-07,3.2333930801104936e-08,0.0010888527328678772,0.0015218218651376185,0.0003881531859640086,-0.0001463939002834493,2.3919207995978338e-08,8.530034775481133e-08,1.1497681300797443e-08,1.0902756760904439e-08,0.8913006560211264,0.7274947116580412,-0.16380594436308518,-0.7407618577426942,-0.2747802761906923,5.976875811578084,6.200076359400891,0.003862789563451286,0.0146113307475035,0.22357115079110268,1.0618960088222253e-06,1.7698266813703755e-07
10,2.0,0.0,0.005,0.13,11,PASS,results/franka_rotation_gain_public24/traces/s2__online__case_10__compact.npz,results/franka_budget_transfer/traces/public24__case10__s2__f8n.npz,3.5,4.0,250,0.0014530555457038879,0.0011532061026592836,-0.0002998494430446043,1.6056578826932239e-06,1.2675952187139882e-06,5.057125362076e-07,6.228909649662583e-08,0.0012487365213445423,0.0011126700541668293,0.0006899760138824875,0.0001438533438517535,4.63149829535556e-08,2.9560569274372865e-08,2.9645636474433374e-08,4.1595311959294994e-08,0.5575984069957048,0.5378708504760755,-0.019727556519629298,-0.38649971783776976,0.04981363535592817,5.980955295917906,6.163440966165171,0.005843297856623804,0.02690445470132785,0.1841919298848645,-7.814861036902096e-07,-1.3024768394836827e-07
10,2.0,0.0,0.005,0.13,11,PASS,results/franka_rotation_gain_public24/traces/s2__online__case_10__compact.npz,results/franka_budget_transfer/traces/public24__case10__s2__f8n.npz,4.0,4.5,250,0.0014824212123688086,0.0010509712070334721,-0.00043145000533533645,1.4620580791303508e-06,8.462900312128816e-07,7.355145717506575e-07,2.582504468005121e-07,0.001161102515452672,0.0008301498641669097,0.00085245715401329,0.0004994052047860585,1.1389902773982753e-07,1.571412342365431e-07,8.831372322219344e-09,8.844888233107075e-09,0.6892943433719163,0.8215282131913504,0.13223386981943408,0.034597577357196874,0.28484792839724216,5.970672434913667,6.067431019222284,0.01592787028353003,0.042720679602237896,0.10142550794521639,-1.0930321728676146e-06,-1.821720288112691e-07
11,1.0,0.0,0.005,0.13,29,PASS,results/franka_rotation_gain_public24/traces/s1__online__case_11__compact.npz,results/franka_budget_transfer/traces/public24__case11__s1__f8n.npz,1.5,2.0,250,0.009538576334198448,0.009854839987187865,0.00031626365298941667,7.753741104522508e-05,8.35571326386708e-05,1.3447027438105633e-05,1.3560738534406111e-05,0.005729796027356434,0.006068393080948597,0.003516679276381315,0.00353032314066468,4.470684853011549e-05,4.673173805376599e-05,1.0799943051758206e-06,1.0975570568935816e-06,2.4351435354420397,2.4313702115545195,-0.0037733238875199866,-2.0875019152168655,-2.0564586561590104,5.853629266149452,5.891858201754279,0.16389597258049338,0.1969991040956142,0.06008931229968148,6.1334326897462054e-06,1.0222387816243676e-06
11,1.0,0.0,0.005,0.13,29,PASS,results/franka_rotation_gain_public24/traces/s1__online__case_11__compact.npz,results/franka_budget_transfer/traces/public24__case11__s1__f8n.npz,2.0,2.5,250,0.002054620804402938,0.002139967511228678,8.53467068257399e-05,1.543831631139237e-06,2.2297178356486434e-06,2.6776350187461396e-06,2.349743113465617e-06,0.00035345576238048667,0.00019746062602808522,0.0014600658511787676,0.0013309018242840098,1.4189006551792657e-06,2.19072713681724e-06,5.458427289677613e-07,5.784434475831117e-07,1.0178068949820456,1.0629430923043737,0.045136197322328056,-0.1394443378601308,-0.013549406133703756,5.970179530794587,6.013922639596334,0.010634715479811216,0.026656058876191782,0.04754552366020308,3.5799429922888394e-07,5.966571653814732e-08
11,1.0,0.0,0.005,0.13,29,PASS,results/franka_rotation_gain_public24/traces/s1__online__case_11__compact.npz,results/franka_budget_transfer/traces/public24__case11__s1__f8n.npz,2.5,3.0,250,0.0011751695240507936,0.0018997137392079162,0.0007245442151571225,1.1283035893807907e-06,3.4872544044962684e-06,2.527198208769777e-07,1.216578864390546e-07,0.001034064293341746,0.0018342621371986276,0.00048511930200608285,0.00031237175646790176,5.901462661642627e-08,1.2273681653579153e-07,1.73790836981087e-08,2.4081772200212467e-08,1.1898861474211055,1.1243860638934537,-0.06550008352765183,-0.7461039466117712,-0.5209024082487732,5.970795288222618,6.118928773525961,0.002603598353091664,0.04648158562832163,0.15492509278564273,2.227888880677555e-06,3.7131481344625915e-07
11,1.0,0.0,0.005,0.13,29,PASS,results/franka_rotation_gain_public24/traces/s1__online__case_11__compact.npz,results/franka_budget_transfer/traces/public24__case11__s1__f8n.npz,3.0,3.5,250,0.0010408317541896778,0.0014299089625952424,0.00038907720840556455,9.415579774104569e-07,1.991462838737377e-06,1.4177276311910522e-07,5.3176802572825244e-08,0.0009451511266125994,0.0013818012464725013,0.0003487812899345859,-0.00016477413314966734,4.824732527339096e-08,8.208815398441781e-08,2.0124374910671564e-08,2.602628761760094e-08,0.8879663680400621,0.7215275770373609,-0.16643879100270115,-0.7364693269806741,-0.27343746428382953,5.977101602541886,6.201215196389302,0.003902723561549598,0.017161360092243252,0.22458749624580296,9.6130890078064e-07,1.6021815013010667e-07
11,1.0,0.0,0.005,0.13,29,PASS,results/franka_rotation_gain_public24/traces/s1__online__case_11__compact.npz,results/franka_budget_transfer/traces/public24__case11__s1__f8n.npz,3.5,4.0,250,0.0013662622248081242,0.0010713511939329655,-0.0002949110308751587,1.4681636991498985e-06,1.1233522156379912e-06,3.9850876778774664e-07,2.4441165103599505e-08,0.0011925581733416449,0.0010146095297445049,0.0006196318502920362,6.833108647225479e-05,4.5968702345938126e-08,9.391971778962586e-08,1.4565137891414278e-08,1.977202772512074e-08,0.5592813047560384,0.508023328189669,-0.05125797656636941,-0.4198336441115078,0.030419177966474885,5.979614657025011,6.163456337286467,0.006789693125376436,0.0353503744007851,0.18668737143457104,-7.188790861960542e-07,-1.1981318103267568e-07
11,1.0,0.0,0.005,0.13,29,PASS,results/franka_rotation_gain_public24/traces/s1__online__case_11__compact.npz,results/franka_budget_transfer/traces/public24__case11__s1__f8n.npz,4.0,4.5,250,0.0015451638402316933,0.0010957183500707943,-0.000449445490160899,1.6117427458402411e-06,8.981989930424547e-07,7.757885473193128e-07,3.0239970963940904e-07,0.0012327657728579283,0.0009050468829985642,0.0008739267685288419,0.000529120543425064,9.203129511023586e-08,7.908913261703808e-08,1.2040550568048854e-08,2.2431160164973986e-08,0.6169612555361299,0.7348495782926696,0.11788832275653972,0.01578029053997769,0.24454540596921487,5.962716543501758,6.052111446547063,0.020374602644733283,0.04299832113367105,0.09284680530680108,-1.18693259047769e-06,-1.9782209841294833e-07
11,2.0,0.0,0.005,0.13,29,PASS,results/franka_rotation_gain_public24/traces/s2__online__case_11__compact.npz,results/franka_budget_transfer/traces/public24__case11__s2__f8n.npz,1.5,2.0,250,0.01070272279529785,0.011073013453531313,0.0003702906582334631,9.77602902322676e-05,0.00010568240099885127,1.678798500072064e-05,1.6929225943234178e-05,0.0061536555652997715,0.006539444353412038,0.003918618739543812,0.003933112317433529,5.989281341592274e-05,6.291806854747867e-05,1.432412174816707e-06,1.459853441686839e-06,2.525209643111705,2.52271297833833,-0.0024966647733746378,-2.1030116793271865,-2.063986120140008,5.863504988803258,5.908182722313457,0.16234639742595855,0.1987259401069833,0.06744231452277998,8.06335170909721e-06,1.3438919515162017e-06
11,2.0,0.0,0.005,0.13,29,PASS,results/franka_rotation_gain_public24/traces/s2__online__case_11__compact.npz,results/franka_budget_transfer/traces/public24__case11__s2__f8n.npz,2.0,2.5,250,0.0020238960089861676,0.0021881593743015276,0.00016426336531536,1.7835179028088198e-06,2.781975962451827e-06,2.312637152381318e-06,2.0060654848918256e-06,-0.00012539086092607556,-0.0003556016026964707,0.0012971753715522473,0.0011553361410928528,1.767795034805037e-06,2.6555234626115286e-06,6.299732078196068e-07,6.712638859765016e-07,1.1045122880356328,1.1582918087325593,0.053779520696926444,-0.1370855714353028,-0.01610160891945714,5.960108784332933,5.9974078255280725,0.01672575731598311,0.030350693939775072,0.04081360041141415,6.918863921535144e-07,1.153143986922524e-07
11,2.0,0.0,0.005,0.13,29,PASS,results/franka_rotation_gain_public24/traces/s2__online__case_11__compact.npz,results/franka_budget_transfer/traces/public24__case11__s2__f8n.npz,2.5,3.0,250,0.001346202610638019,0.002111300491604257,0.0007650978809662378,1.526911690605445e-06,4.301142998969564e-06,2.8534977828317284e-07,1.564467668788118e-07,0.0012260887591214636,0.002058092638361224,0.0005205909961421791,0.0003648851283055424,2.3618045361434598e-08,6.539769089289888e-08,1.4334793018866442e-08,2.330561002025958e-08,1.199048436210654,1.1289179234740347,-0.07013051273661906,-0.7750441992362841,-0.5505562938135821,5.970686041682338,6.121668915786555,0.0027621298456776654,0.04499287016215574,0.1572222168560467,2.645328296959757e-06,4.408880494932928e-07
11,2.0,0.0,0.005,0.13,29,PASS,results/franka_rotation_gain_public24/traces/s2__online__case_11__compact.npz,results/franka_budget_transfer/traces/public24__case11__s2__f8n.npz,3.0,3.5,250,0.0010970466262283523,0.0014621491574765613,0.000365102531248209,1.0558623917859902e-06,2.0871578892405753e-06,1.4764890833302e-07,5.072226946884256e-08,0.0010049072987150123,0.0014148798754013913,0.0003582088179020715,-0.00015840420740682203,4.602371277528735e-08,8.527282742471921e-08,1.933535111022058e-08,2.5630376544659072e-08,0.8700226995643804,0.7180635882173884,-0.15195911134699208,-0.712131968880468,-0.25202535570917295,5.977002971903831,6.196040331081093,0.0040204617209650614,0.0161064750662175,0.2194590030915079,9.343688585904076e-07,1.5572814309840127e-07
11,2.0,0.0,0.005,0.13,29,PASS,results/franka_rotation_gain_public24/traces/s2__online__case_11__compact.npz,results/franka_budget_transfer/traces/public24__case11__s2__f8n.npz,3.5,4.0,250,0.001380242551286968,0.0010473447619478863,-0.0003328977893390817,1.483569243174805e-06,1.06748497701183e-06,4.215002572083537e-07,2.944607336784447e-08,0.0012024441851781792,0.0009908296880416225,0.000638190176821276,9.570534340969866e-05,3.76972247059887e-08,8.5741506307171e-08,1.4213555417182113e-08,2.0286560610676123e-08,0.5523212933621972,0.5319652806161898,-0.020356012746007502,-0.3851460399186428,0.04465467441769479,5.979203071138722,6.152595303655609,0.0070703679679421086,0.03566505363148067,0.17643213630206264,-8.081384500034841e-07,-1.3468974166724736e-07
11,2.0,0.0,0.005,0.13,29,PASS,results/franka_rotation_gain_public24/traces/s2__online__case_11__compact.npz,results/franka_budget_transfer/traces/public24__case11__s2__f8n.npz,4.0,4.5,250,0.0015244789255775932,0.0011010756518111755,-0.00042340327376641767,1.5683594859230857e-06,9.034761045903361e-07,7.556765086071277e-07,3.0889148642106897e-07,0.0012165468671514205,0.0009128836027297018,0.0008632763356893074,0.0005387858110656797,8.837320594714925e-08,7.011963245757593e-08,1.0430476845970144e-08,1.8601336215366607e-08,0.6597832016329148,0.7679672276779208,0.10818402604500599,0.02825980662531779,0.23760979241727714,5.965484424357767,6.0482424757842015,0.018535943501404074,0.039534037948037476,0.08606117375069744,-1.1116684035188085e-06,-1.8527806725313474e-07
12,1.0,0.0,0.012,0.1,11,PASS,results/franka_rotation_gain_public24/traces/s1__online__case_12__compact.npz,results/franka_budget_transfer/traces/public24__case12__s1__f8n.npz,1.5,2.0,250,0.009392434703636527,0.009683324212208449,0.00029088950857192146,7.530388520920744e-05,8.074416465480009e-05,1.2913944452868358e-05,1.302260314394231e-05,0.005826162405459152,0.006142016101857405,0.0034761682141649696,0.003489846467566675,4.135971683442188e-05,4.301980285932446e-05,8.301989996974814e-07,8.435747767547096e-07,2.444781083173636,2.4410190833625482,-0.0037619998110877823,-2.1015816731898385,-2.07335815026488,5.849628363152222,5.88490713780596,0.17033039679433537,0.20047470870759473,0.055861015361780626,5.548938136666599e-06,9.248230227777664e-07
12,1.0,0.0,0.012,0.1,11,PASS,results/franka_rotation_gain_public24/traces/s1__online__case_12__compact.npz,results/franka_budget_transfer/traces/public24__case12__s1__f8n.npz,2.0,2.5,250,0.002036358019959586,0.0020616286268414544,2.5270606881868524e-05,1.2408993205352894e-06,1.6754381782086207e-06,2.9058546649184364e-06,2.5748744168035607e-06,0.00039806765281867525,0.0003625704739049196,0.0015541246519203986,0.0014309134763422732,1.0824414643147202e-06,1.5439808296609826e-06,4.905512312117354e-07,5.273610400256312e-07,1.0168052369727312,1.0535684902908946,0.036763253318163526,-0.16630142443864093,-0.028609072749459008,5.972291052375115,6.028421874690659,0.006989348592017203,0.018232256629468216,0.05782949360797681,1.0355860955845586e-07,1.7259768259742643e-08
12,1.0,0.0,0.012,0.1,11,PASS,results/franka_rotation_gain_public24/traces/s1__online__case_12__compact.npz,results/franka_budget_transfer/traces/public24__case12__s1__f8n.npz,2.5,3.0,250,0.0011293361916921152,0.0017514071362816812,0.000622070944589566,1.0021922773624223e-06,2.9570864755445848e-06,2.7320795650322767e-07,1.1034048147381459e-07,0.0009845449535429867,0.001701859186819477,0.0005104134590932182,0.00028976611743630954,3.2863511815460656e-08,6.076178378273338e-08,1.2686057279723324e-08,2.6376078659701452e-08,1.2201477458397667,1.1575017817245845,-0.06264596411518207,-0.7568797231368862,-0.5042377454637599,5.97032919403083,6.125151712534563,0.0041410935613207835,0.03631409694843224,0.15895145959646698,1.7920267231527497e-06,2.9867112052545827e-07
12,1.0,0.0,0.012,0.1,11,PASS,results/franka_rotation_gain_public24/traces/s1__online__case_12__compact.npz,results/franka_budget_transfer/traces/public24__case12__s1__f8n.npz,3.0,3.5,250,0.0011508976920755355,0.00156851770065596,0.0004176200085804246,1.170204861877969e-06,2.423568772383924e-06,1.5436063574682497e-07,3.6679004887136386e-08,0.0010694829731534127,0.0015285055412314148,0.0003784014833482265,-0.00015855973647097566,2.6411032012905263e-08,8.723958280878407e-08,1.1172953146686837e-08,1.1537814857391144e-08,0.9230889681952933,0.7543176396901681,-0.1687713285051253,-0.7659171625681118,-0.2954475450834501,5.976810048890861,6.2053843352695015,0.00398574614156308,0.015217418047477097,0.22895045654627127,1.1356822796462662e-06,1.8928037994104435e-07
12,1.0,0.0,0.012,0.1,11,PASS,results/franka_rotation_gain_public24/traces/s1__online__case_12__compact.npz,results/franka_budget_transfer/traces/public24__case12__s1__f8n.npz,3.5,4.0,250,0.0014455896075156328,0.0011856135948081028,-0.00025997601270753,1.6255106802278251e-06,1.3544631530865792e-06,4.6421863312937626e-07,5.1216443107212824e-08,0.0012541432891333645,0.0011483307735071072,0.0006592788426651012,0.000102843990051596,5.263529054957115e-08,3.579958770314727e-08,2.957004074354087e-08,4.063955681748005e-08,0.5763129337143884,0.5333044325003963,-0.04300850121399216,-0.4204897958443501,0.03607036061279119,5.981180988080355,6.173555907715872,0.005695783701889602,0.027023859145208246,0.19401746336028775,-6.840497171634094e-07,-1.1400828619390155e-07
12,1.0,0.0,0.012,0.1,11,PASS,results/franka_rotation_gain_public24/traces/s1__online__case_12__compact.npz,results/franka_budget_transfer/traces/public24__case12__s1__f8n.npz,4.0,4.5,250,0.0015180033890310322,0.0010602177029814539,-0.0004577856860495783,1.5495002489167738e-06,8.698736735497064e-07,7.54834040192926e-07,2.5418790416556376e-07,0.001194613781664023,0.0008381133171682533,0.0008638373571774657,0.0004926947024373594,1.2239816157515566e-07,1.674397411349333e-07,8.619060537577797e-09,1.1439834355725745e-08,0.6620529783705796,0.8020607560358356,0.1400077776652559,0.021855678317793434,0.28828490230902154,5.968159449325477,6.070536240489894,0.01820894179121345,0.04607591036133456,0.10710819775974596,-1.1802727113944297e-06,-1.9671211856573828e-07
12,2.0,0.0,0.012,0.1,11,PASS,results/franka_rotation_gain_public24/traces/s2__online__case_12__compact.npz,results/franka_budget_transfer/traces/public24__case12__s2__f8n.npz,1.5,2.0,250,0.010558400386269042,0.010891113145907037,0.0003327127596379955,9.52766003421834e-05,0.00010228521413667245,1.6203218374582876e-05,1.633113142027661e-05,0.006256677538031573,0.0066078414940168835,0.0038809109585245176,0.0038946765550804544,5.613058652727457e-05,5.862164492662118e-05,1.1417485065871859e-06,1.1626259515832543e-06,2.533330627477725,2.5306668936404675,-0.0026637338372574246,-2.1148334527014665,-2.0797809922405337,5.857437679212999,5.897950339215878,0.16996831585769565,0.2025698166752053,0.06118827529588233,7.136526840182788e-06,1.1894211400304646e-06
12,2.0,0.0,0.012,0.1,11,PASS,results/franka_rotation_gain_public24/traces/s2__online__case_12__compact.npz,results/franka_budget_transfer/traces/public24__case12__s2__f8n.npz,2.0,2.5,250,0.00196858812224539,0.002067227008789188,9.863888654379829e-05,1.3555508405974727e-06,2.0605883245408964e-06,2.5197883544481582e-06,2.212839181326598e-06,-6.29023446337342e-05,-0.00018491987505441906,0.0013938339520746161,0.0012615821292414507,1.3515941356370513e-06,2.0263929643507543e-06,5.770152684922148e-07,6.212497125052058e-07,1.0998456983908307,1.144382378968518,0.044536680577687275,-0.16103114579267674,-0.03366273158922661,5.963385723694624,6.010595104637672,0.012287585672598949,0.022744579745031447,0.049460139217957326,3.9808831082186315e-07,6.634805180364385e-08
12,2.0,0.0,0.012,0.1,11,PASS,results/franka_rotation_gain_public24/traces/s2__online__case_12__compact.npz,results/franka_budget_transfer/traces/public24__case12__s2__f8n.npz,2.5,3.0,250,0.0012895295501779791,0.0019740804464005684,0.0006845508962225893,1.3630073593797874e-06,3.7530928727193814e-06,2.998791014024337e-07,1.439007361416849e-07,0.0011596073883978545,0.0019260895166929028,0.0005370738505609933,0.00034101038664496446,1.83180641528948e-08,4.327204640508235e-08,1.143078044602143e-08,2.7612652341936754e-08,1.2292121203529007,1.1599519462509236,-0.06926017410197721,-0.7823288380849966,-0.5325860006636611,5.970009933445839,6.1267811927926425,0.00466009321996893,0.03478436377222249,0.16050635226390533,2.2341071480788452e-06,3.7235119134647417e-07
12,2.0,0.0,0.012,0.1,11,PASS,results/franka_rotation_gain_public24/traces/s2__online__case_12__compact.npz,results/franka_budget_transfer/traces/public24__case12__s2__f8n.npz,3.0,3.5,250,0.001207701127490957,0.0015997537098973794,0.0003920525824064223,1.300530279952925e-06,2.524735307681764e-06,1.5801173339000402e-07,3.447662464866497e-08,0.001129374726423645,0.0015603099568269787,0.00038384468017064354,-0.0001530302130871855,2.5043007268441596e-08,9.016814630835533e-08,1.06749948947004e-08,1.1058378531155561e-08,0.9056834232687639,0.7507784817340786,-0.15490494153468537,-0.741534496330561,-0.27482504879729464,5.97678027329602,6.200077284153886,0.0039709107041952015,0.014695569075766208,0.2236697059944249,1.1006699189875e-06,1.8344498649791666e-07
12,2.0,0.0,0.012,0.1,11,PASS,results/franka_rotation_gain_public24/traces/s2__online__case_12__compact.npz,results/franka_budget_transfer/traces/public24__case12__s2__f8n.npz,3.5,4.0,250,0.0014637276099218755,0.0011662375736436255,-0.00029749003627825,1.6541917920472668e-06,1.3011181886020249e-06,4.883067240003393e-07,5.899188957614599e-08,0.0012684194859354369,0.0011274271119873628,0.0006774050863077348,0.00013108325026509843,4.530379974654872e-08,3.0026295757858574e-08,2.9429073044749785e-08,4.180907107608357e-08,0.5698695190119698,0.5566906878072023,-0.013178831204767424,-0.38492152029438537,0.04983068688923795,5.980961758006328,6.1625299417646575,0.00586461750318276,0.027062567560623103,0.18331232985490473,-7.823884378694353e-07,-1.303980729782392e-07
12,2.0,0.0,0.012,0.1,11,PASS,results/franka_rotation_gain_public24/traces/s2__online__case_12__compact.npz,results/franka_budget_transfer/traces/public24__case12__s2__f8n.npz,4.0,4.5,250,0.0014904000107596102,0.0010612902445708981,-0.0004291097661887121,1.4864242391270204e-06,8.660665611004726e-07,7.348679529452261e-07,2.6027042212088397e-07,0.0011717042990505892,0.0008424993170176873,0.0008523151167232348,0.0005013561734870588,1.1353327471338728e-07,1.5626146192520276e-07,8.426894750284646e-09,8.912409427298213e-09,0.7053355259384733,0.8354750435479732,0.1301395176094999,0.03447397172181991,0.2826572762407779,5.97064941674309,6.0665905167981675,0.01599019810495061,0.04263726065744284,0.10059980331736429,-1.0949552088508902e-06,-1.824925348084817e-07
13,1.0,0.0,0.012,0.1,29,PASS,results/franka_rotation_gain_public24/traces/s1__online__case_13__compact.npz,results/franka_budget_transfer/traces/public24__case13__s1__f8n.npz,1.5,2.0,250,0.009521881448247421,0.009824702482792276,0.0003028210345448548,7.693432376937853e-05,8.268095861897081e-05,1.3731902545099883e-05,1.3843820256413898e-05,0.0057846571642077346,0.006110511286370115,0.0035600103261070703,0.0035734255464876085,4.347206526195866e-05,4.5342610438114235e-05,1.0582290231109137e-06,1.074450120123632e-06,2.4409529595222956,2.4373506862198058,-0.0036022733024896995,-2.092158073941868,-2.062522672939655,5.851679988310225,5.888374276087339,0.1650192483851776,0.19693870704957558,0.05793708501330795,5.858552560906302e-06,9.76425426817717e-07
13,1.0,0.0,0.012,0.1,29,PASS,results/franka_rotation_gain_public24/traces/s1__online__case_13__compact.npz,results/franka_budget_transfer/traces/public24__case13__s1__f8n.npz,2.0,2.5,250,0.0020692248725625506,0.002145350502868775,7.612563030622455e-05,1.533323468442232e-06,2.1765929933257235e-06,2.7483681047892705e-06,2.4259357868335837e-06,0.00037513748553306167,0.00023154223142056037,0.0014847736618986817,0.0013601302542719641,1.3925953353901636e-06,2.1229811883945113e-06,5.438152777212495e-07,5.759814782476656e-07,1.032726963141584,1.0750814632686807,0.04235450012709651,-0.1464176792891884,-0.023819958666590424,5.969650171497047,6.012781719799674,0.01093433535128444,0.026167223092805718,0.046680207952027285,3.2083720692780435e-07,5.347286782130072e-08
13,1.0,0.0,0.012,0.1,29,PASS,results/franka_rotation_gain_public24/traces/s1__online__case_13__compact.npz,results/franka_budget_transfer/traces/public24__case13__s1__f8n.npz,2.5,3.0,250,0.0012205167866095848,0.001941741311788975,0.0007212245251793901,1.2182679608030612e-06,3.635160279155163e-06,2.7139326559272563e-07,1.3519904275280586e-07,0.0010762860460949105,0.001873782585692282,0.0005046989111078379,0.00033306300014553146,5.987630778444506e-08,1.2409910071150926e-07,1.6672274719288428e-08,2.4268080686863634e-08,1.208992244597532,1.1453127044630649,-0.06367954013446718,-0.7494985219909667,-0.5243607775959327,5.9707984099507065,6.118759581822323,0.002529907894543778,0.0464319460525077,0.15476243988070962,2.2806980955121818e-06,3.801163492520303e-07
13,1.0,0.0,0.012,0.1,29,PASS,results/franka_rotation_gain_public24/traces/s1__online__case_13__compact.npz,results/franka_budget_transfer/traces/public24__case13__s1__f8n.npz,3.0,3.5,250,0.0010756243310252934,0.0014682475979297283,0.0003926232669044349,1.018372849844635e-06,2.10051885156965e-06,1.3859485164897499e-07,5.523215725676805e-08,0.000984512854641261,0.0014196426330862276,0.00034482500081869694,-0.0001685644772866095,4.9107288890750306e-08,8.513364589365319e-08,1.969057045936064e-08,2.6818174253860157e-08,0.9023224617951516,0.7445578005145171,-0.15776466128063443,-0.7371068161892609,-0.27427076284242946,5.977077257965541,6.200909062801764,0.00400068766638733,0.017117461438482858,0.224302459114058,9.98783307332808e-07,1.6646388455546798e-07
13,1.0,0.0,0.012,0.1,29,PASS,results/franka_rotation_gain_public24/traces/s1__online__case_13__compact.npz,results/franka_budget_transfer/traces/public24__case13__s1__f8n.npz,3.5,4.0,250,0.0013770609013409444,0.001086662448486861,-0.0002903984528540833,1.5136389725505711e-06,1.1578046531088965e-06,3.8265775345136307e-07,2.3030623842563712e-08,0.0012114127570623109,0.0010302810283877562,0.0006068487177070533,5.634420870397073e-05,4.611810457726251e-08,9.632565565316402e-08,1.4392387268668073e-08,1.98559539880871e-08,0.5704072245557498,0.526822261347164,-0.04358496320858575,-0.41808456416712575,0.030095549985518128,5.979530495157536,6.162389132750875,0.0069491952393504475,0.035469240184516526,0.1857195760382523,-7.15461449050474e-07,-1.1924357484174566e-07
13,1.0,0.0,0.012,0.1,29,PASS,results/franka_rotation_gain_public24/traces/s1__online__case_13__compact.npz,results/franka_budget_transfer/traces/public24__case13__s1__f8n.npz,4.0,4.5,250,0.0015531467370671758,0.0011067874431124542,-0.0004463592939547216,1.6368104786068557e-06,9.198112702113787e-07,7.75454308255559e-07,3.0516717402002544e-07,0.0012430708400014412,0.0009170830301878403,0.0008736344360688429,0.0005309736522242515,9.158536534496694e-08,7.876998595286743e-08,1.2217180370233829e-08,2.3234154663665026e-08,0.632710429152855,0.7487367486049359,0.11602631945208086,0.015461754988485591,0.2423792588158395,5.962598189302813,6.051190177475699,0.020432850337493806,0.042866211879635685,0.09202056828386557,-1.1872863426310106e-06,-1.9788105710516842e-07
13,2.0,0.0,0.012,0.1,29,PASS,results/franka_rotation_gain_public24/traces/s2__online__case_13__compact.npz,results/franka_budget_transfer/traces/public24__case13__s2__f8n.npz,1.5,2.0,250,0.010696565705232867,0.01104325081739767,0.00034668511216480284,9.728328989576073e-05,0.00010468352432091825,1.7133227990603176e-05,1.7269864295036053e-05,0.006215883378547691,0.006580308645253545,0.003965148636729587,0.003979193140042957,5.864608372005527e-05,6.138306245411971e-05,1.4108242792446718e-06,1.4358862492711275e-06,2.5310730649892488,2.52886798972242,-0.0022050752668287092,-2.1060979957716923,-2.069779788365601,5.860517676347611,5.902558286563389,0.16445826622079987,0.19895865534940016,0.06399554453072835,7.536870729590403e-06,1.2561451215984004e-06
13,2.0,0.0,0.012,0.1,29,PASS,results/franka_rotation_gain_public24/traces/s2__online__case_13__compact.npz,results/franka_budget_transfer/traces/public24__case13__s2__f8n.npz,2.0,2.5,250,0.0020248457424120233,0.0021793759437206467,0.00015453020130862336,1.7270663012064293e-06,2.672285452676405e-06,2.3729339793576684e-06,2.077394051391854e-06,-9.869775126866331e-05,-0.00031956714971258883,0.0013192975446730403,0.001186814489316757,1.7173250551009382e-06,2.570162289500977e-06,6.323879679773559e-07,6.688654193396591e-07,1.119566549148621,1.1693700698079585,0.049803520659337436,-0.1389010212951682,-0.02741302888717373,5.961320665603365,5.995436614654612,0.016054722260117834,0.029855873462759468,0.037966792295922605,6.496792235041612e-07,1.0827987058402687e-07
13,2.0,0.0,0.012,0.1,29,PASS,results/franka_rotation_gain_public24/traces/s2__online__case_13__compact.npz,results/franka_budget_transfer/traces/public24__case13__s2__f8n.npz,2.5,3.0,250,0.0013851115924019318,0.0021519298487223002,0.0007668182563203684,1.6192336185227403e-06,4.458477983467301e-06,2.9930050488347523e-07,1.72324090354681e-07,0.0012620672291907096,0.0020960041989595978,0.0005345426677786797,0.00038557220354939,2.6419927525625274e-08,6.524438141103727e-08,1.3564641207527176e-08,2.3658166204748724e-08,1.2186137994004929,1.149654819223216,-0.06895898017727663,-0.7773296823051993,-0.5539337908922637,5.970708009612163,6.121039907696023,0.0026961288265635887,0.045047876099893774,0.15661731228100859,2.7122679504157664e-06,4.520446584026277e-07
13,2.0,0.0,0.012,0.1,29,PASS,results/franka_rotation_gain_public24/traces/s2__online__case_13__compact.npz,results/franka_budget_transfer/traces/public24__case13__s2__f8n.npz,3.0,3.5,250,0.0011328757882249432,0.0015017920129864642,0.000368916224761521,1.140249352981119e-06,2.202595319683385e-06,1.4315819856516735e-07,5.2783930586551955e-08,0.0010454043784550535,0.0014538689858064092,0.0003524253652493677,-0.0001623465496281731,4.737903848812217e-08,8.886029179362763e-08,1.8954560494017112e-08,2.6427528410379087e-08,0.8845034290012668,0.7413233053929382,-0.14318012360832857,-0.7120407127701647,-0.2527669437157434,5.977024844716854,6.1955379069928975,0.004015713329780974,0.016084244638672848,0.21893678705147554,9.719716987236501e-07,1.6199528312060834e-07
13,2.0,0.0,0.012,0.1,29,PASS,results/franka_rotation_gain_public24/traces/s2__online__case_13__compact.npz,results/franka_budget_transfer/traces/public24__case13__s2__f8n.npz,3.5,4.0,250,0.0013897105731975779,0.0010616932961497304,-0.00032801727704784745,1.5270838176086959e-06,1.0997972158707556e-06,4.0421165964844456e-07,2.7395439218523597e-08,0.0012202821954343539,0.0010058993244804614,0.0006245985026162644,8.357836461436963e-05,3.799518111460925e-08,8.796376488050725e-08,1.408837017796481e-08,2.0410096186911087e-08,0.5645578170709554,0.5507651896403293,-0.01379262743062611,-0.3831824795106461,0.04445091615456274,5.979089764556358,6.151441700126843,0.007168878073855115,0.035741728230712595,0.17541972059884656,-8.041028221678615e-07,-1.340171370279769e-07
13,2.0,0.0,0.012,0.1,29,PASS,results/franka_rotation_gain_public24/traces/s2__online__case_13__compact.npz,results/franka_budget_transfer/traces/public24__case13__s2__f8n.npz,4.0,4.5,250,0.0015318196876584072,0.0011122523420611372,-0.00041956734559727,1.5913745995627143e-06,9.254260405635336e-07,7.55096955935186e-07,3.1167923185695145e-07,0.001225943206935087,0.0009249954633967065,0.0008629307189520428,0.0005407515587595069,8.843785293242887e-08,6.98094332590457e-08,1.0447530224096729e-08,1.9266983556114983e-08,0.6756222030177917,0.7820683687306234,0.10644616571283154,0.02790788400007034,0.23545927839661523,5.9652638963639495,6.04732319686167,0.018647918043782595,0.03939648002460879,0.08531859089377891,-1.1093662830774151e-06,-1.848943805129025e-07
14,1.0,0.0,0.012,0.13,11,PASS,results/franka_rotation_gain_public24/traces/s1__online__case_14__compact.npz,results/franka_budget_transfer/traces/public24__case14__s1__f8n.npz,1.5,2.0,250,0.009453308237810126,0.009753250676134808,0.00029994243832468133,7.633498353225688e-05,8.198372793858132e-05,1.3030053106791912e-05,1.3142170812942752e-05,0.005851462041085483,0.006176103445809405,0.0034905211595654562,0.0035045366786048584,4.209537551399259e-05,4.383947416524253e-05,8.46315141417735e-07,8.603934812559761e-07,2.4566545084804865,2.4527682631989194,-0.0038862452815670127,-2.1112301259810655,-2.0820289089178194,5.850204192409067,5.886565124187716,0.17037178287899074,0.2013449989992835,0.05734662456599286,5.7608621124752795e-06,9.601436854125464e-07
14,1.0,0.0,0.012,0.13,11,PASS,results/franka_rotation_gain_public24/traces/s1__online__case_14__compact.npz,results/franka_budget_transfer/traces/public24__case14__s1__f8n.npz,2.0,2.5,250,0.0020431122381939157,0.002071013427911052,2.7901189717136413e-05,1.2558382569046017e-06,1.7114924004305583e-06,2.9184693609531496e-06,2.5776042181573287e-06,0.00039319501016998485,0.0003536014812967496,0.0015570146199107744,0.0014299534272863772,1.1012359408820273e-06,1.5864583928553028e-06,4.941748343372568e-07,5.328374139492722e-07,1.021468013690267,1.0598671876554389,0.038399173965171854,-0.16596264821979573,-0.024466350218131677,5.97200806321777,6.029403115241786,0.0072304499902718705,0.0183706829710478,0.05902848230911776,1.1478900073013569e-07,1.913150012168928e-08
14,1.0,0.0,0.012,0.13,11,PASS,results/franka_rotation_gain_public24/traces/s1__online__case_14__compact.npz,results/franka_budget_transfer/traces/public24__case14__s1__f8n.npz,2.5,3.0,250,0.0011356911040182663,0.001760874131068132,0.0006251830270498657,1.0122036546370492e-06,2.989808890516692e-06,2.7759062910917926e-07,1.108688149482573e-07,0.0009899782654546154,0.0017112756216596527,0.000514888449136912,0.00029141349500207283,3.2146688564520424e-08,6.134463723006061e-08,1.2480514054564878e-08,2.594698987893417e-08,1.2252602398049235,1.1628087990483857,-0.06245144075653765,-0.759922525270871,-0.5057037634347451,5.970351481686708,6.1261748093548425,0.004167730836935103,0.036442783901660676,0.15995794935650984,1.8108834217187208e-06,3.0181390361978676e-07
14,1.0,0.0,0.012,0.13,11,PASS,results/franka_rotation_gain_public24/traces/s1__online__case_14__compact.npz,results/franka_budget_transfer/traces/public24__case14__s1__f8n.npz,3.0,3.5,250,0.001155614529138585,0.0015746363624840496,0.0004190218333454646,1.1775718457443029e-06,2.4433549685294675e-06,1.5787309421189087e-07,3.6124705527531315e-08,0.0010731663697129208,0.0015353748599600012,0.00038321429243168016,-0.0001572036562045148,2.5885788661493814e-08,8.597900793227473e-08,1.1019900287977567e-08,1.1411716003464041e-08,0.9287467126618373,0.7595734421307152,-0.16917327053112202,-0.7701845098558067,-0.2969523373927887,5.976835629515019,6.206767236464277,0.003961733329556206,0.015226473626527025,0.2303073366193229,1.1440347341008052e-06,1.906724556834675e-07
14,1.0,0.0,0.012,0.13,11,PASS,results/franka_rotation_gain_public24/traces/s1__online__case_14__compact.npz,results/franka_budget_transfer/traces/public24__case14__s1__f8n.npz,3.5,4.0,250,0.0014519283837299665,0.0011930147747505936,-0.00025891360897937294,1.6392358132249462e-06,1.3723665902261768e-06,4.6886021825576655e-07,5.0917662547032424e-08,0.0012597396873608733,0.0011563855708078112,0.0006629622278470956,0.00010264528504838445,5.22917333128754e-08,3.51390018536692e-08,2.934130270378235e-08,4.038160800436832e-08,0.5817152493859163,0.538098231903768,-0.043617017482148246,-0.4245824195786231,0.03576428938081544,5.9810589973739585,6.1751644906164875,0.005809624760195849,0.027032283793873603,0.19572622275297105,-6.848117787075035e-07,-1.1413529645125058e-07
14,1.0,0.0,0.012,0.13,11,PASS,results/franka_rotation_gain_public24/traces/s1__online__case_14__compact.npz,results/franka_budget_transfer/traces/public24__case14__s1__f8n.npz,4.0,4.5,250,0.0015272029934460336,0.0010649569910993694,-0.00046224600234666424,1.5717902509080798e-06,8.803453324325178e-07,7.605587322824468e-07,2.5378806045890456e-07,0.001204116083972608,0.000844364918499519,0.0008672013375311186,0.0004923929651728255,1.218947072265512e-07,1.673932168398183e-07,8.520572466685676e-09,1.1337228307217322e-08,0.6660257896629513,0.8070409917735808,0.14101520211062943,0.020033977965691934,0.28949060413146543,5.968284977028842,6.071823332683598,0.01809990970353564,0.046219368305670486,0.10829832064159323,-1.198215590299104e-06,-1.9970259838318402e-07
14,2.0,0.0,0.012,0.13,11,PASS,results/franka_rotation_gain_public24/traces/s2__online__case_14__compact.npz,results/franka_budget_transfer/traces/public24__case14__s2__f8n.npz,1.5,2.0,250,0.01062092140223334,0.010964257563962491,0.00034333616172915055,9.64551967924654e-05,0.00010373364562116125,1.634877463995282e-05,1.6481298307747445e-05,0.006281081365630488,0.006642194816133852,0.0038970758131105445,0.003911247695213777,5.7003213670794846e-05,5.9614893645685835e-05,1.161574746821613e-06,1.1834397744323591e-06,2.5455342052451844,2.5427771275849222,-0.0027570776602622686,-2.124948794633645,-2.0887297148149475,5.857949275641355,5.89969898304558,0.17001028281478558,0.20351721949784743,0.06286515720108166,7.410972496490467e-06,1.2351620827484111e-06
14,2.0,0.0,0.012,0.13,11,PASS,results/franka_rotation_gain_public24/traces/s2__online__case_14__compact.npz,results/franka_budget_transfer/traces/public24__case14__s2__f8n.npz,2.0,2.5,250,0.001980599818186583,0.0020837323707625518,0.00010313255257596863,1.390713091443457e-06,2.1259608379734685e-06,2.5320625483572687e-06,2.215979754990257e-06,-6.892835072637255e-05,-0.00019716778004462096,0.0013960961675807656,0.0012594920242470823,1.3859619739095994e-06,2.0870857044857443e-06,5.82978039223568e-07,6.296595958482445e-07,1.1049140392138195,1.1513849997581151,0.04647096054429564,-0.1602213909858004,-0.028958658636643653,5.963141913780608,6.01151300778242,0.012427057804148814,0.022861645810954633,0.05058521931195426,4.191649531629992e-07,6.986082552716653e-08
14,2.0,0.0,0.012,0.13,11,PASS,results/franka_rotation_gain_public24/traces/s2__online__case_14__compact.npz,results/franka_budget_transfer/traces/public24__case14__s2__f8n.npz,2.5,3.0,250,0.0012964190293926455,0.00198556389425774,0.0006891448648650945,1.3759420007987406e-06,3.797414613698831e-06,3.047602989726287e-07,1.4504936448113019e-07,0.001165332187040133,0.0019372762125305512,0.0005417675495771692,0.0003432529818448233,1.7942894647001183e-08,4.437549006211399e-08,1.1248221197778324e-08,2.7226754935767547e-08,1.234346636713598,1.1651861052610055,-0.0691605314525924,-0.7854913459894475,-0.5342137976679537,5.969990387632599,6.127850754753812,0.004707605437255773,0.03489767827945071,0.16160058741755115,2.261761678408593e-06,3.7696027973476547e-07
14,2.0,0.0,0.012,0.13,11,PASS,results/franka_rotation_gain_public24/traces/s2__online__case_14__compact.npz,results/franka_budget_transfer/traces/public24__case14__s2__f8n.npz,3.0,3.5,250,0.001212558786777463,0.0016056195825601674,0.00039306079578270447,1.3086109260024245e-06,2.544023620830225e-06,1.6168788538880852e-07,3.399062307046119e-08,0.0011331820385879299,0.0015669370177690016,0.00038878786941798447,-0.0001517535832952231,2.4509393424127612e-08,8.873200317541238e-08,1.053187798223271e-08,1.0961473027520967e-08,0.9113889763771443,0.7560755727869031,-0.15531340359024132,-0.7458527360917251,-0.2763004918616741,5.97678238780947,6.2014469096938285,0.00397013939658867,0.01469396399872579,0.22503399378587496,1.1077154325094533e-06,1.8461923875157555e-07
14,2.0,0.0,0.012,0.13,11,PASS,results/franka_rotation_gain_public24/traces/s2__online__case_14__compact.npz,results/franka_budget_transfer/traces/public24__case14__s2__f8n.npz,3.5,4.0,250,0.0014712888613100496,0.0011736593670846225,-0.00029762949422542707,1.6716196351049986e-06,1.3187993819763668e-06,4.930712783100242e-07,5.867692796910986e-08,0.001275323389141527,0.0011354846170840976,0.0006810862922989174,0.0001308106471688942,4.516988821356797e-08,2.9474066341747438e-08,2.9192740752537937e-08,4.156550255636494e-08,0.5751792099895302,0.561485027681219,-0.013694182308311209,-0.3887989919419935,0.049559156911397714,5.980990755170611,6.164129367701326,0.005806875118160422,0.027074919637439764,0.18488285218503464,-7.872146034695459e-07,-1.31202433911591e-07
14,2.0,0.0,0.012,0.13,11,PASS,results/franka_rotation_gain_public24/traces/s2__online__case_14__compact.npz,results/franka_budget_transfer/traces/public24__case14__s2__f8n.npz,4.0,4.5,250,0.0014994543323198167,0.0010661253852125847,-0.000433328947107232,1.5085329065132884e-06,8.76740835337945e-07,7.398303881993784e-07,2.598825016567371e-07,0.00118150268605567,0.0008487933591555057,0.0008552634394012931,0.0005010599484240852,1.125843093565253e-07,1.562906687914577e-07,8.354837422849311e-09,8.821429741990287e-09,0.7094493247165916,0.8404787622922957,0.13102943757570404,0.03327287569348552,0.2838796389417443,5.971038396292299,6.06786539775821,0.01573048568115226,0.04277767214902912,0.10156093644097777,-1.1117399577179848e-06,-1.8528999295299747e-07
15,1.0,0.0,0.012,0.13,29,PASS,results/franka_rotation_gain_public24/traces/s1__online__case_15__compact.npz,results/franka_budget_transfer/traces/public24__case15__s1__f8n.npz,1.5,2.0,250,0.00958329138758403,0.009895090101425525,0.0003117987138414949,7.798552173458564e-05,8.394322171785872e-05,1.385395208475662e-05,1.3969586397470691e-05,0.0058098786923516605,0.00614450025070175,0.003574567491750941,0.003588337360475959,4.4230831314743784e-05,4.618833838698484e-05,1.0764193316740094e-06,1.0934213848831196e-06,2.4528234572822774,2.449117653127595,-0.003705804154682628,-2.1017963261839836,-2.071208879889461,5.852277710427525,5.890038823981357,0.16506100482020786,0.19781088343783554,0.05943761428278786,6.073334295987154e-06,1.0122223826645256e-06
15,1.0,0.0,0.012,0.13,29,PASS,results/franka_rotation_gain_public24/traces/s1__online__case_15__compact.npz,results/franka_budget_transfer/traces/public24__case15__s1__f8n.npz,2.0,2.5,250,0.0020759339820775984,0.002156247136261822,8.031315418422381e-05,1.5498130925219781e-06,2.220994463295377e-06,2.7596888054225767e-06,2.4284072493419322e-06,0.0003725376885282542,0.00022231184066841134,0.0014870758130618555,0.0013590112157184395,1.4110287631480033e-06,2.171571908794e-06,5.482943316289976e-07,5.814957648934216e-07,1.0374836308656477,1.0815161531765733,0.0440325223109259,-0.1449371948198884,-0.01958033897893506,5.969901055549863,6.013755268578581,0.010764750191675188,0.026477685835063904,0.04752709718323021,3.398998146927538e-07,5.664996911545897e-08
15,1.0,0.0,0.012,0.13,29,PASS,results/franka_rotation_gain_public24/traces/s1__online__case_15__compact.npz,results/franka_budget_transfer/traces/public24__case15__s1__f8n.npz,2.5,3.0,250,0.0012250765816028734,0.0019513125876427086,0.0007262360060398352,1.226384428296812e-06,3.6718820643037796e-06,2.7442820249496936e-07,1.3573875038910368e-07,0.0010800171444688364,0.0018833726000840828,0.0005080046152743319,0.0003346230922822107,5.994739595019246e-08,1.247897135562997e-07,1.6359513354947372e-08,2.3766136500594774e-08,1.2143860351542497,1.1506212593339924,-0.06376477582025744,-0.7525927675258228,-0.5259082751578217,5.970778748672963,6.119786658796178,0.0025790379843766073,0.04657954084089767,0.1558011407209633,2.306808183901102e-06,3.844680306501836e-07
15,1.0,0.0,0.012,0.13,29,PASS,results/franka_rotation_gain_public24/traces/s1__online__case_15__compact.npz,results/franka_budget_transfer/traces/public24__case15__s1__f8n.npz,3.0,3.5,250,0.0010802474507570306,0.0014742560255994748,0.0003940085748424442,1.0251125186671598e-06,2.118674510929801e-06,1.4182203619990336e-07,5.4756318086557946e-08,0.0009882577175204064,0.0014262979555807707,0.0003496776517153678,-0.00016720956162222036,4.84592024285165e-08,8.43486528359153e-08,1.9547576090729353e-08,2.6797280588662833e-08,0.9080124129856708,0.7498337711730719,-0.15817864181259897,-0.7413689337169231,-0.275713475234597,5.977064551403915,6.2022725324188,0.004019145910311981,0.017176337157104045,0.22567747251177353,1.0064962741492958e-06,1.6774937902488263e-07
15,1.0,0.0,0.012,0.13,29,PASS,results/franka_rotation_gain_public24/traces/s1__online__case_15__compact.npz,results/franka_budget_transfer/traces/public24__case15__s1__f8n.npz,3.5,4.0,250,0.0013839505628746379,0.0010940612541362603,-0.0002898893087383775,1.5282740283236304e-06,1.1741327408823045e-06,3.870451321573968e-07,2.283728691990204e-08,0.0012175979183777182,0.0010384353859595396,0.0006105726057917715,5.617867950117769e-05,4.5729337485877816e-08,9.5784690069366e-08,1.4246225214042838e-08,1.9681242889405993e-08,0.5758178862315159,0.5316533044072191,-0.044164581824296716,-0.4220738356569237,0.02981707420878272,5.979485705071797,6.163984449083162,0.0069496936164946815,0.03549087998663247,0.18734196864794303,-7.183491326788206e-07,-1.1972485544647009e-07
15,1.0,0.0,0.012,0.13,29,PASS,results/franka_rotation_gain_public24/traces/s1__online__case_15__compact.npz,results/franka_budget_transfer/traces/public24__case15__s1__f8n.npz,4.0,4.5,250,0.0015627584404943142,0.001111748774070262,-0.00045100966642405227,1.6615237296359497e-06,9.312648571726373e-07,7.806902137002712e-07,3.047204794740932e-07,0.0012531749651929376,0.0009233210023423412,0.0008767079647692748,0.0005306323938460406,9.107623624962982e-08,7.874318380617138e-08,1.2073358210387349e-08,2.3149742075313745e-08,0.6367920280220793,0.7536843727152566,0.11689234469317727,0.014008466735031953,0.2435094362377086,5.962907615608268,6.052466974512093,0.020272507309121116,0.04300744465346865,0.09303930026376972,-1.2062286066894903e-06,-2.0103810111491505e-07
15,2.0,0.0,0.012,0.13,29,PASS,results/franka_rotation_gain_public24/traces/s2__online__case_15__compact.npz,results/franka_budget_transfer/traces/public24__case15__s2__f8n.npz,1.5,2.0,250,0.010759845567764992,0.011116788007832296,0.0003569424400673045,9.848935944730541e-05,0.00010615648247368858,1.7284917194846517e-05,1.7426493137395372e-05,0.0062403430169853365,0.006614527002153925,0.0039814833759471546,0.003995960050418268,5.954747847766778e-05,6.24045150114652e-05,1.4327073219029702e-06,1.4587964128566017e-06,2.543257380443105,2.5409925404875358,-0.0022648399555691597,-2.116157182452019,-2.078749787053157,5.86106999311021,5.904313455357775,0.16451843297330487,0.1999097493940369,0.06567242753949538,7.808698968932027e-06,1.3014498281553376e-06
15,2.0,0.0,0.012,0.13,29,PASS,results/franka_rotation_gain_public24/traces/s2__online__case_15__compact.npz,results/franka_budget_transfer/traces/public24__case15__s2__f8n.npz,2.0,2.5,250,0.00203735211235473,0.0021976457878320837,0.00016029367547735346,1.7664297414496217e-06,2.7490166907910166e-06,2.3843738882666597e-06,2.080630317985084e-06,-0.00010543914437669368,-0.0003319870188317423,0.0013213205380085235,0.001184586615355116,1.7553123282827324e-06,2.6388013101182288e-06,6.384859241035258e-07,6.773848687065942e-07,1.1247820234403967,1.176513346307305,0.05173132286690829,-0.1379557597401967,-0.0226059043305816,5.9610752898358355,5.996348201297,0.016225884985832807,0.030173148533150174,0.03907275070131476,6.788433790598193e-07,1.1314056317663654e-07
15,2.0,0.0,0.012,0.13,29,PASS,results/franka_rotation_gain_public24/traces/s2__online__case_15__compact.npz,results/franka_budget_transfer/traces/public24__case15__s2__f8n.npz,2.5,3.0,250,0.0013924311353161014,0.0021634238672580174,0.000770992731941916,1.6348151118462845e-06,4.506872477801606e-06,3.040493547514029e-07,1.735303516200298e-07,0.0012685904726977653,0.002107316815889037,0.0005391939614505235,0.0003877177715251019,2.549332442674491e-08,6.608831527289702e-08,1.3319226686694296e-08,2.320528126363864e-08,1.2237593053994775,1.154900619414152,-0.06885868598532538,-0.7805514647469266,-0.5556460108260513,5.970713921427763,6.122114304965628,0.0026707500609146695,0.0451807706578607,0.15768445784622323,2.741538362823948e-06,4.5692306047065796e-07
15,2.0,0.0,0.012,0.13,29,PASS,results/franka_rotation_gain_public24/traces/s2__online__case_15__compact.npz,results/franka_budget_transfer/traces/public24__case15__s2__f8n.npz,3.0,3.5,250,0.0011371356599713313,0.0015075828423008497,0.00037044718232951833,1.1465332839185404e-06,2.2204290076801597e-06,1.4654422525989503e-07,5.237701871974833e-08,0.0010488053644937768,0.001460307594627526,0.0003573779613170536,-0.00016106376142483345,4.654059132761595e-08,8.793073675332972e-08,1.8825218024761524e-08,2.6435483475432665e-08,0.890243232653393,0.7466425461587863,-0.1436006864946066,-0.7163585675691528,-0.2541779899687639,5.976981019328787,6.196888652587256,0.004114835277765459,0.01614339272483928,0.22032770721788497,9.797285172214726e-07,1.6328808620357875e-07
15,2.0,0.0,0.012,0.13,29,PASS,results/franka_rotation_gain_public24/traces/s2__online__case_15__compact.npz,results/franka_budget_transfer/traces/public24__case15__s2__f8n.npz,3.5,4.0,250,0.0013976833863822398,0.0010691792699179439,-0.00032850411646429597,1.5448641848062887e-06,1.1159562247156512e-06,4.086546637626368e-07,2.71880865066163e-08,0.0012278334216893378,0.0010141126407873756,0.0006282636384980843,8.333403132143808e-05,3.728927338894153e-08,8.753177651090702e-08,1.3939464303785264e-08,2.0243525730333883e-08,0.5698008597773104,0.5555943017107547,-0.014206558066555647,-0.38683433177718574,0.044208803738204294,5.979211343792655,6.153029039633135,0.0071095117802126954,0.035766711410510826,0.17687784558917607,-8.103745373466582e-07,-1.3506242289110967e-07
15,2.0,0.0,0.012,0.13,29,PASS,results/franka_rotation_gain_public24/traces/s2__online__case_15__compact.npz,results/franka_budget_transfer/traces/public24__case15__s2__f8n.npz,4.0,4.5,250,0.0015386806135664788,0.0011171756439224158,-0.000421504969644063,1.607607495140026e-06,9.36851462318704e-07,7.599305354252895e-07,3.1122995705476054e-07,0.001232875949327273,0.0009311922302111419,0.0008657883812531173,0.0005404100925202815,8.762438871040074e-08,6.973249271310395e-08,1.0341014312396037e-08,1.9186888956981294e-08,0.6795890272954344,0.7870350194951246,0.1074459921996902,0.02610725608150022,0.23660093079297514,5.965266538498953,6.048588269079443,0.018593688843503618,0.03953468726131257,0.08658802355679986,-1.1194566111918511e-06,-1.8657610186530852e-07
16,1.0,15.0,0.005,0.1,11,FAIL,results/franka_rotation_gain_public24/traces/s1__online__case_16__compact.npz,results/franka_budget_transfer/traces/public24__case16__s1__f8n.npz,1.5,2.0,250,0.009341464995300669,0.010026680245275034,0.0006852152499743653,6.986497847969215e-05,8.295221569685834e-05,1.7397989778735585e-05,1.758210104413026e-05,0.004885164476798586,0.005542504702755997,0.0039212770313724705,0.003938072926914243,4.6000146514317334e-05,5.223285731678601e-05,2.0215762219662946e-06,2.0736826664353446e-06,2.6167871256858364,2.583562157231682,-0.033224968454154645,-2.363886050594684,-2.271687935639375,5.897980806280011,5.983785415338894,0.13011021025052902,0.18899346616082324,0.11294916825344985,1.3271348482560871e-05,2.211891413760145e-06
16,1.0,15.0,0.005,0.1,11,FAIL,results/franka_rotation_gain_public24/traces/s1__online__case_16__compact.npz,results/franka_budget_transfer/traces/public24__case16__s1__f8n.npz,2.0,2.5,250,0.0023690077420893746,0.00228058460774336,-8.842313434601458e-05,2.6440494997237173e-06,2.8740405148226745e-06,2.9681481823556802e-06,2.32702563825326e-06,0.0012925449684551382,0.0011010510245898562,0.001517800136354641,0.0012438374894969484,9.733770042450226e-07,1.6617271560723025e-06,6.644309284375132e-07,7.798939379751884e-07,1.0952069301453327,1.1397518512915055,0.04454492114617267,-0.36066625894592064,-0.09163588501217594,5.9502338850160506,6.050470802358352,0.018529610835776145,0.019816398344212678,0.10310350148750094,-4.111315290034632e-07,-6.852192150057719e-08
16,1.0,15.0,0.005,0.1,11,FAIL,results/franka_rotation_gain_public24/traces/s1__online__case_16__compact.npz,results/franka_budget_transfer/traces/public24__case16__s1__f8n.npz,2.5,3.0,250,0.0012924049842309745,0.0018295421782765701,0.0005371371940455956,1.5111249585014563e-06,3.3274577513993714e-06,1.5918568476360894e-07,1.976683069360582e-08,0.0012215868497414493,0.0018089370845043246,0.0003837984127374021,6.539607809853234e-05,1.885052704021835e-08,5.520437570436495e-08,1.188446314385969e-08,1.5490183662936474e-08,1.1548542930335055,1.129581633749156,-0.025272659284349564,-0.6787973986968358,-0.4258541672722751,5.969896644789546,6.117806900156198,0.004418429066338756,0.02693308798445951,0.15025294010861776,1.6769139388279122e-06,2.7948565647131866e-07
16,1.0,15.0,0.005,0.1,11,FAIL,results/franka_rotation_gain_public24/traces/s1__online__case_16__compact.npz,results/franka_budget_transfer/traces/public24__case16__s1__f8n.npz,3.0,3.5,250,0.0011035806228223697,0.0014036194389598024,0.0003000388161374327,1.0749169674310518e-06,1.9359473596801657e-06,1.429732236379575e-07,3.420016974566433e-08,0.00101337846072298,0.0013504366671411075,0.00035772740964852226,-0.0001459272543192718,4.798106277377499e-08,1.1226816772098392e-07,1.500432402411586e-08,1.290540619250291e-08,0.8329389684982438,0.7415394904823106,-0.09139947801593319,-0.6333730210862376,-0.22993521234790348,5.976371381913943,6.169783393709513,0.004741764499609873,0.015119634207748575,0.19380400042343893,7.522573383568207e-07,1.2537622305947012e-07
16,1.0,15.0,0.005,0.1,11,FAIL,results/franka_rotation_gain_public24/traces/s1__online__case_16__compact.npz,results/franka_budget_transfer/traces/public24__case16__s1__f8n.npz,3.5,4.0,250,0.0012472816008226547,0.001167864377020198,-7.941722380245663e-05,1.0919826060947543e-06,1.2921411873174784e-06,4.637287856559702e-07,7.17660157952967e-08,0.0010240297705743238,0.001124221902407648,0.0006556179906579369,0.00017471169654132676,4.334563507225222e-08,2.8266301464407373e-08,3.389383598161955e-08,4.124183888694806e-08,0.6102114654283736,0.587373361285565,-0.022838104142808596,-0.40746813984437913,0.014484573325811687,5.983102318443636,6.173825300787595,0.0023941303246253136,0.014322864768446955,0.19122363969643763,-1.9180418863794938e-07,-3.196736477299156e-08
16,1.0,15.0,0.005,0.1,11,FAIL,results/franka_rotation_gain_public24/traces/s1__online__case_16__compact.npz,results/franka_budget_transfer/traces/public24__case16__s1__f8n.npz,4.0,4.5,250,0.0014367024878426324,0.0011547574309304764,-0.000281945056912156,1.2616396424811263e-06,1.0749044077230003e-06,8.024743960920831e-07,2.5856031656615374e-07,0.0010901252725769184,0.0009493548296321997,0.0008925887055545838,0.0005023334717737935,7.326653257022564e-08,1.7362981517701728e-07,5.7597988084756924e-09,6.2213997018412775e-09,0.7165171490135519,0.8555847795964856,0.13906763058293373,-0.09874948328855351,0.2604298705110331,5.98299874780902,6.1357529659072485,0.0011047716023662017,0.029530720196710162,0.15542005958073055,-7.306493142840552e-07,-1.217748857140092e-07
16,2.0,15.0,0.005,0.1,11,FAIL,results/franka_rotation_gain_public24/traces/s2__online__case_16__compact.npz,results/franka_budget_transfer/traces/public24__case16__s2__f8n.npz,1.5,2.0,250,0.010651079102235499,0.011466954311917694,0.0008158752096821958,9.209016027013014e-05,0.00010986699981049657,2.1355325771947617e-05,2.1624041381111257e-05,0.005290028567859088,0.006045986396547803,0.0043660752557186005,0.004386295652094295,6.410575802136487e-05,7.33130483032555e-05,2.292712633349378e-06,2.3844518335299367e-06,2.7526580370403,2.710235650889893,-0.04242238615040708,-2.4524981616324504,-2.330209952209608,5.906939367303403,6.010805358454857,0.12076490586546978,0.1854775488297372,0.13067719234736486,1.804555514953006e-05,3.0075925249216762e-06
16,2.0,15.0,0.005,0.1,11,FAIL,results/franka_rotation_gain_public24/traces/s2__online__case_16__compact.npz,results/franka_budget_transfer/traces/public24__case16__s2__f8n.npz,2.0,2.5,250,0.0022644371635634256,0.0021802993870066907,-8.41377765567349e-05,2.8193426404548973e-06,3.040609578337459e-06,2.308333027272275e-06,1.7130958386442921e-06,0.0009600882980375055,0.0006115692857114516,0.001253491678531539,0.0009363796246917824,1.8975731004263431e-06,2.6665925871118447e-06,7.370916391244601e-07,8.362890371063686e-07,1.1416900916794341,1.2224187200246386,0.08072862834520439,-0.2735581344124241,-0.01044011269245658,5.9248701327787066,6.012510730289435,0.028604112335695993,0.023360890398546445,0.09103811479315571,-3.7397025074542077e-07,-6.23283751242368e-08
16,2.0,15.0,0.005,0.1,11,FAIL,results/franka_rotation_gain_public24/traces/s2__online__case_16__compact.npz,results/franka_budget_transfer/traces/public24__case16__s2__f8n.npz,2.5,3.0,250,0.0014033890046780953,0.0019597771702171457,0.0005563881655390505,1.8110783394592301e-06,3.816927821991918e-06,1.58422358992145e-07,2.379873491240435e-08,0.001338696199867014,0.001933099592335584,0.000384509060087686,0.00010720462244071754,1.8970823920846397e-08,8.005378810391695e-08,1.0575141702629186e-08,1.2305903839747554e-08,1.1554458421138405,1.1276492240805183,-0.027796618033322073,-0.6853627106378164,-0.4596772656732776,5.969536664915784,6.108584266958434,0.005022878421690915,0.025805788233566895,0.14134107196943266,1.8712258584529466e-06,3.118709764088244e-07
16,2.0,15.0,0.005,0.1,11,FAIL,results/franka_rotation_gain_public24/traces/s2__online__case_16__compact.npz,results/franka_budget_transfer/traces/public24__case16__s2__f8n.npz,3.0,3.5,250,0.0011352735160837198,0.001394807969275839,0.0002595344531921191,1.1374874689400833e-06,1.9249944448234227e-06,1.5135848738100875e-07,2.0494826331967247e-08,0.0010408312514303703,0.0013474609742983087,0.00037217254376361604,-9.296252652419957e-05,5.415777498597233e-08,1.0934336756647536e-07,1.2846085049528055e-08,1.1852794994204736e-08,0.825191578671462,0.7498760335190625,-0.07531554515239941,-0.6053252508972508,-0.2286928998333314,5.976409562432802,6.15585819213245,0.004676421878783667,0.015253555646725803,0.17987570691635432,6.566433148342978e-07,1.0944055247238297e-07
16,2.0,15.0,0.005,0.1,11,FAIL,results/franka_rotation_gain_public24/traces/s2__online__case_16__compact.npz,results/franka_budget_transfer/traces/public24__case16__s2__f8n.npz,3.5,4.0,250,0.0012454234052918128,0.0011875970513655642,-5.782635392624852e-05,1.0909484698817274e-06,1.3309565987065665e-06,4.601309885669274e-07,7.943015770561662e-08,0.0010239752100569808,0.0011422311258626563,0.0006536027558897594,0.00020137868088118273,4.2423239070489204e-08,2.6264653817094898e-08,3.293442606023909e-08,3.8876784592171396e-08,0.6262208591096635,0.6139035019581693,-0.012317357151494221,-0.3926465849108731,0.007377582072712913,5.983222459565539,6.165326904380191,0.002071089932999546,0.013494608954698162,0.18257426385712874,-1.4069270203647174e-07,-2.3448783672745288e-08
16,2.0,15.0,0.005,0.1,11,FAIL,results/franka_rotation_gain_public24/traces/s2__online__case_16__compact.npz,results/franka_budget_transfer/traces/public24__case16__s2__f8n.npz,4.0,4.5,250,0.0014252787491669066,0.00118236916929249,-0.00024290957987441663,1.2689820870151682e-06,1.1479921556740384e-06,7.624374258116139e-07,2.5000469681937407e-07,0.0010954756277868564,0.0009939248379904134,0.0008699217432099959,0.0004944684076372628,6.891523594016084e-08,1.6010557209976902e-07,5.673586502095704e-09,5.505690668043799e-09,0.7487106425715896,0.882720342495114,0.13400969992352446,-0.09842968437305352,0.256421425959488,5.983034345125288,6.1355693385515,0.0010691246562993086,0.027763513405502736,0.1548952532474429,-6.334226603333699e-07,-1.0557044338889499e-07
17,1.0,15.0,0.005,0.1,29,FAIL,results/franka_rotation_gain_public24/traces/s1__online__case_17__compact.npz,results/franka_budget_transfer/traces/public24__case17__s1__f8n.npz,1.5,2.0,250,0.009496254179937779,0.01019411924517894,0.0006978650652411603,7.174519151950372e-05,8.527985226902968e-05,1.843365193048202e-05,1.8640214915897942e-05,0.004858396421363937,0.005530262722813754,0.0040097928750368024,0.004027824235335727,4.8141175732381824e-05,5.469604648568628e-05,2.3552130297861208e-06,2.4168468451401135e-06,2.604493307936813,2.5737094048848896,-0.030783903051923543,-2.342909322441986,-2.251255530969447,5.901137011841069,5.987565306855344,0.12544323670711716,0.1852411092555527,0.11537345815847222,1.3741223734941885e-05,2.2902039558236474e-06
17,1.0,15.0,0.005,0.1,29,FAIL,results/franka_rotation_gain_public24/traces/s1__online__case_17__compact.npz,results/franka_budget_transfer/traces/public24__case17__s1__f8n.npz,2.0,2.5,250,0.0023805498365707953,0.002306997063673493,-7.355277289730231e-05,2.874681798119185e-06,3.1352574134769734e-06,2.7923357262780578e-06,2.186978038321147e-06,0.0012470429247471411,0.0009959485119787645,0.0014439593784766045,0.0011670889268221392,1.319565741957281e-06,2.1433439749642576e-06,7.073170395875159e-07,8.248814752102941e-07,1.110788510664012,1.1617749019831736,0.05098639131916158,-0.34693609153144583,-0.081860643362752,5.9415313244979275,6.035573702673439,0.019091337429397153,0.028819751385099995,0.09800005043767818,-3.4478207259912233e-07,-5.746367876652039e-08
17,1.0,15.0,0.005,0.1,29,FAIL,results/franka_rotation_gain_public24/traces/s1__online__case_17__compact.npz,results/franka_budget_transfer/traces/public24__case17__s1__f8n.npz,2.5,3.0,250,0.001401422147800105,0.001963479787166064,0.0005620576393659588,1.8091751064089313e-06,3.829325935687702e-06,1.548089299357284e-07,2.5926938921989693e-08,0.0013324129821422701,0.0019265441058639468,0.0003661499864521371,7.928945924023915e-05,3.38507514276739e-08,1.1775374384858877e-07,2.0743117356828203e-08,1.9640120575380148e-08,1.1393297356607628,1.1166669885281728,-0.022662747132589853,-0.669117244105969,-0.4466710872959919,5.969983143456794,6.106953236742539,0.0041432922459056255,0.035891458936979134,0.14108642410005373,1.8912688382650322e-06,3.15211473044172e-07
17,1.0,15.0,0.005,0.1,29,FAIL,results/franka_rotation_gain_public24/traces/s1__online__case_17__compact.npz,results/franka_budget_transfer/traces/public24__case17__s1__f8n.npz,3.0,3.5,250,0.0010259880805583877,0.001323093042875675,0.00029710496231728735,9.25349385170545e-07,1.7087269760535364e-06,1.2730215627733947e-07,4.184822405247591e-08,0.0009222271036650766,0.0012594347652676093,0.0003277116780371486,-0.00014192399721261553,7.484655443606926e-08,1.2255104808885896e-07,1.9907212355415705e-08,2.1705803067669412e-08,0.8114733348798365,0.7292648648795083,-0.08220847000032822,-0.6022713627898748,-0.2107545453384871,5.976863556269569,6.164040631398299,0.004457956585111962,0.016633669276188975,0.18767744421536212,6.979236586581281e-07,1.1632060977635468e-07
17,1.0,15.0,0.005,0.1,29,FAIL,results/franka_rotation_gain_public24/traces/s1__online__case_17__compact.npz,results/franka_budget_transfer/traces/public24__case17__s1__f8n.npz,3.5,4.0,250,0.0011682660197975558,0.0010445038236774385,-0.00012376219612011724,9.86118071117017e-07,1.0536548061071132e-06,3.787274218966064e-07,3.733343156967633e-08,0.0009709875551619895,0.0009861507272820977,0.000600908475554103,0.00013058974493440156,4.330123883755926e-08,8.116154918810279e-08,1.7636425903850402e-08,2.027975008764428e-08,0.6038151393638769,0.5806772588034713,-0.02313788056040552,-0.4022695976237577,0.008044434263292852,5.982600992843965,6.1620033807138,0.003714063207808019,0.021231836993697864,0.18053608565815657,-2.7385725533683397e-07,-4.5642875889472326e-08
17,1.0,15.0,0.005,0.1,29,FAIL,results/franka_rotation_gain_public24/traces/s1__online__case_17__compact.npz,results/franka_budget_transfer/traces/public24__case17__s1__f8n.npz,4.0,4.5,250,0.0015114018452707606,0.001220659499459721,-0.0002907423458110396,1.4428088630955975e-06,1.1723531109233436e-06,8.415266747922628e-07,3.176565026979128e-07,0.001188498961656091,0.0010526807710937553,0.0009108881783926837,0.0005483638960430252,3.027908123799125e-08,6.421630509280046e-08,1.1809401256721446e-08,1.695354021442695e-08,0.6876626930098461,0.8007570392656412,0.11309434625579519,-0.10232046515836404,0.21076055972343494,5.98304094228161,6.116980976255407,0.00107201777221517,0.027209179528440208,0.13650358030226978,-7.943259242666038e-07,-1.3238765404443397e-07
17,2.0,15.0,0.005,0.1,29,FAIL,results/franka_rotation_gain_public24/traces/s2__online__case_17__compact.npz,results/franka_budget_transfer/traces/public24__case17__s2__f8n.npz,1.5,2.0,250,0.010822281871613158,0.011639632057589224,0.0008173501859760658,9.457434023587129e-05,0.00011263161554170726,2.254744467277553e-05,2.2849418894351516e-05,0.005249966195614214,0.006014033928827661,0.004456844777294104,0.004479346567528909,6.70121951807793e-05,7.646301144461697e-05,2.6839793038817944e-06,2.784873222318497e-06,2.74526879476699,2.7068084239369274,-0.03846037083006255,-2.436192730943235,-2.317921147646225,5.906876582970595,6.010418218855419,0.11725231147313167,0.18190419334711172,0.13152434516232947,1.8359249527411962e-05,3.059874921235327e-06
17,2.0,15.0,0.005,0.1,29,FAIL,results/franka_rotation_gain_public24/traces/s2__online__case_17__compact.npz,results/franka_budget_transfer/traces/public24__case17__s2__f8n.npz,2.0,2.5,250,0.0022877340468634567,0.0022722846039346313,-1.5449442928825406e-05,3.0644573947280493e-06,3.541953979868062e-06,2.1692696744501993e-06,1.621323341410302e-06,0.0008704635775420476,0.0005144288131222336,0.0011868292403660636,0.000863993826852168,2.3067505549007493e-06,3.277316976097712e-06,7.607060286623122e-07,8.748380085716479e-07,1.1609813692694522,1.2459658082272673,0.08498443895781516,-0.276965953749065,-0.004080078335469056,5.9065965769087745,5.995735775604733,0.03016029941994435,0.030598632449686917,0.09338020750950013,-7.044974789988477e-08,-1.1741624649980793e-08
17,2.0,15.0,0.005,0.1,29,FAIL,results/franka_rotation_gain_public24/traces/s2__online__case_17__compact.npz,results/franka_budget_transfer/traces/public24__case17__s2__f8n.npz,2.5,3.0,250,0.0015496260452839668,0.0020898204310288303,0.0005401943857448635,2.2321009018587855e-06,4.3350339386995265e-06,1.6923997836364085e-07,3.23154952459997e-08,0.0014869537396263,0.0020488718844597163,0.00038960551359385983,0.0001255253265973944,2.106947807014787e-08,1.3715793977001722e-07,1.7447522140905597e-08,1.6558887628617167e-08,1.1383237891613818,1.1159384508107177,-0.022385338350664093,-0.6822504631853281,-0.4835451396188006,5.969320596900163,6.09730064887544,0.005199374876853246,0.034942532066115375,0.13204937323976246,1.9660085537231e-06,3.2766809228718333e-07
17,2.0,15.0,0.005,0.1,29,FAIL,results/franka_rotation_gain_public24/traces/s2__online__case_17__compact.npz,results/franka_budget_transfer/traces/public24__case17__s2__f8n.npz,3.0,3.5,250,0.001055041241982114,0.001317883335779322,0.00026284209379720796,9.740410879210354e-07,1.708344702963977e-06,1.390709343621261e-07,2.8471783760856297e-08,0.0009449936197276343,0.0012585089494950394,0.00034792973235981995,-8.401649584395731e-05,8.102814659509866e-08,1.2449992700486918e-07,1.80158357021502e-08,2.1413012186958603e-08,0.8037985843932366,0.737369408708632,-0.06642917568460457,-0.5738289370700043,-0.2100471833401722,5.976646230682431,6.149660193482645,0.004820306778719259,0.01743590411762205,0.17359128019562334,6.237044644416717e-07,1.0395074407361195e-07
17,2.0,15.0,0.005,0.1,29,FAIL,results/franka_rotation_gain_public24/traces/s2__online__case_17__compact.npz,results/franka_budget_transfer/traces/public24__case17__s2__f8n.npz,3.5,4.0,250,0.00116259219899972,0.0010587250348876513,-0.00010386716411206866,9.764813051554148e-07,1.0779444687893513e-06,3.7513931601958935e-07,4.2954230708507375e-08,0.0009694865802137357,0.0010031326733814306,0.0005986357300143456,0.00015595838455169885,3.657707594089066e-08,7.166930838397542e-08,1.6774578769780913e-08,1.8631212996531802e-08,0.6204065343029368,0.6075352063735456,-0.012871327929391236,-0.3877195174210848,0.0017360303816589505,5.982626524187434,6.153540113695166,0.003617748563236472,0.019961335855499942,0.1719598428466229,-2.3072192167714564e-07,-3.8453653612857606e-08
17,2.0,15.0,0.005,0.1,29,FAIL,results/franka_rotation_gain_public24/traces/s2__online__case_17__compact.npz,results/franka_budget_transfer/traces/public24__case17__s2__f8n.npz,4.0,4.5,250,0.0015045766408887527,0.0012526868797532351,-0.0002518897611355176,1.4611863795157219e-06,1.2596136215054923e-06,8.025644887923612e-07,3.0961079720040393e-07,0.001197357454983106,0.001097668983450732,0.0008898787506420319,0.0005432041735041344,2.752150451210143e-08,5.473642427572867e-08,1.0680297948137519e-08,1.4540023088094177e-08,0.7196502622128831,0.8276628997438559,0.10801263753097277,-0.10300084670444819,0.20471147800965395,5.98304094228161,6.116599496154823,0.00107201777221517,0.02520218599717635,0.13576058309956882,-6.945264496021871e-07,-1.1575440826703118e-07
18,1.0,15.0,0.005,0.13,11,FAIL,results/franka_rotation_gain_public24/traces/s1__online__case_18__compact.npz,results/franka_budget_transfer/traces/public24__case18__s1__f8n.npz,1.5,2.0,250,0.00939697083172818,0.010095150036091158,0.0006981792043629781,7.076918356873939e-05,8.418977937691488e-05,1.7533877243610818e-05,1.7722274874276438e-05,0.004902601703458198,0.005571621543994153,0.003934900676408913,0.003951961028647705,4.6733680105988163e-05,5.3146812747415066e-05,2.050433910407502e-06,2.1042789023262155e-06,2.629027098428949,2.594953421504301,-0.034073676924648195,-2.3748427631334397,-2.2804917548547357,5.898050819382698,5.985589300381664,0.1300308762699958,0.18998967443077955,0.11491762679999831,1.3608993438841101e-05,2.268165573140183e-06
18,1.0,15.0,0.005,0.13,11,FAIL,results/franka_rotation_gain_public24/traces/s1__online__case_18__compact.npz,results/franka_budget_transfer/traces/public24__case18__s1__f8n.npz,2.0,2.5,250,0.00237906387650712,0.0022884119955586253,-9.06518809484949e-05,2.6713665802265642e-06,2.9022198878418967e-06,2.9885783482745194e-06,2.334609573574713e-06,0.0012945458353187974,0.0010962166441418624,0.0015222259705176863,0.0012433758346643172,9.955176604853212e-07,1.7005289569482499e-06,6.714064429560075e-07,7.886261073475259e-07,1.0992776785235505,1.1456291453458862,0.046351466822335596,-0.3601478977338861,-0.08748030811710518,5.950144046821288,6.0514589818301845,0.01853506703552184,0.020101860897886736,0.10424555497433931,-4.2311546708447344e-07,-7.05192445140789e-08
18,1.0,15.0,0.005,0.13,11,FAIL,results/franka_rotation_gain_public24/traces/s1__online__case_18__compact.npz,results/franka_budget_transfer/traces/public24__case18__s1__f8n.npz,2.5,3.0,250,0.001296671691793535,0.0018375052858285185,0.0005408335940349836,1.5196054572316428e-06,3.356847114080907e-06,1.6175201906706512e-07,1.957856136683886e-08,0.0012252264669931157,0.0018168251419540817,0.00038737104238249174,6.629579045780956e-05,1.8425561811210466e-08,5.599351764443771e-08,1.1695694590566903e-08,1.5183429534413063e-08,1.1601035270044122,1.135116439157879,-0.024987087846533185,-0.6815163450115069,-0.4271372676086884,5.969894358234459,6.118759672731359,0.004492662628680952,0.027044360953142534,0.15122359730745646,1.695068199149038e-06,2.8251136652483965e-07
18,1.0,15.0,0.005,0.13,11,FAIL,results/franka_rotation_gain_public24/traces/s1__online__case_18__compact.npz,results/franka_budget_transfer/traces/public24__case18__s1__f8n.npz,3.0,3.5,250,0.0011090588850237195,0.0014099020346720927,0.0003008431496483732,1.084007294182564e-06,1.9541559924293863e-06,1.4600431626749139e-07,3.366775494312073e-08,0.0010181649802587086,0.0013575374545784884,0.0003622160043533972,-0.0001447960015618286,4.734736715734745e-08,1.1124805184594494e-07,1.4803882457751105e-08,1.2701872874827661e-08,0.8387049489612173,0.74688605213866,-0.09181889682255721,-0.6375693036228129,-0.23142746479722673,5.9764062551056485,6.17109703785227,0.004692541802501915,0.015120893980379115,0.19508182551105666,7.578121369224514e-07,1.2630202282040857e-07
18,1.0,15.0,0.005,0.13,11,FAIL,results/franka_rotation_gain_public24/traces/s1__online__case_18__compact.npz,results/franka_budget_transfer/traces/public24__case18__s1__f8n.npz,3.5,4.0,250,0.001254338424883417,0.00117564282384493,-7.869560103848715e-05,1.10560965338685e-06,1.3107106663268386e-06,4.677552307521624e-07,7.142538293124201e-08,0.0010307533030632881,0.0011326832640938527,0.0006588994265228355,0.00017453235585981338,4.31572816109708e-08,2.773928956853436e-08,3.360677648004095e-08,4.0963839689265484e-08,0.6153429795069569,0.5921917035366409,-0.023151275970316052,-0.4109259268613578,0.014293932858789556,5.983122645450226,6.175343904506108,0.0023261580110064332,0.014319995809264142,0.1927192659306996,-1.9122883488093158e-07,-3.1871472480155263e-08
18,1.0,15.0,0.005,0.13,11,FAIL,results/franka_rotation_gain_public24/traces/s1__online__case_18__compact.npz,results/franka_budget_transfer/traces/public24__case18__s1__f8n.npz,4.0,4.5,250,0.001443879951922859,0.0011592744913840288,-0.0002846054605388302,1.2771171443353204e-06,1.0856314722056425e-06,8.076721712294375e-07,2.5828587416805587e-07,0.0010973559544515915,0.0009551261255961933,0.0008955260960798763,0.0005021209779189029,7.292705356495738e-08,1.7336555640924693e-07,5.705182469373782e-09,6.160397701820539e-09,0.7208477680322913,0.8607184512653789,0.13987068323308757,-0.10026984805982439,0.2617373862456234,5.982999560149679,6.1369171511751155,0.0011041653103528778,0.029656375348771954,0.15658641128868137,-7.408719691910593e-07,-1.234786615318432e-07
18,2.0,15.0,0.005,0.13,11,FAIL,results/franka_rotation_gain_public24/traces/s2__online__case_18__compact.npz,results/franka_budget_transfer/traces/public24__case18__s2__f8n.npz,1.5,2.0,250,0.010706854583036817,0.01153791771367668,0.0008310631306398635,9.311548773265265e-05,0.0001113249425662798,2.1521247329643825e-05,2.17986026012943e-05,0.005303898914360047,0.006074276976969982,0.004381486483495874,0.004402351044515607,6.498414403890296e-05,7.44281017733322e-05,2.3238235245867832e-06,2.417907882146646e-06,2.765078390722329,2.721990905102065,-0.04308748562026386,-2.4638579534702814,-2.339450770892216,5.906900225366581,6.012742579739038,0.12074178857946996,0.18660273302259228,0.13312219989024515,1.8486810105277604e-05,3.081135017546267e-06
18,2.0,15.0,0.005,0.13,11,FAIL,results/franka_rotation_gain_public24/traces/s2__online__case_18__compact.npz,results/franka_budget_transfer/traces/public24__case18__s2__f8n.npz,2.0,2.5,250,0.002278176461014324,0.0021968367252942498,-8.133973572007442e-05,2.8610204573385356e-06,3.103698976977063e-06,2.329067530181215e-06,1.7223926206245017e-06,0.0009616670714501994,0.0006052505837564609,0.0012582806061869536,0.0009347265147648416,1.9362169010269335e-06,2.737370707839526e-06,7.457974462750076e-07,8.486789632200735e-07,1.1461044746590443,1.2292934573970549,0.08318898273801065,-0.2739116286747437,-0.005455125959945656,5.924201208867369,6.013387170872497,0.02892055487934705,0.023567512947609497,0.09270753513492826,-3.63996389918186e-07,-6.066606498636432e-08
18,2.0,15.0,0.005,0.13,11,FAIL,results/franka_rotation_gain_public24/traces/s2__online__case_18__compact.npz,results/franka_budget_transfer/traces/public24__case18__s2__f8n.npz,2.5,3.0,250,0.0014099628179259618,0.0019690501388645375,0.0005590873209385756,1.8261317856942383e-06,3.853218081363957e-06,1.6186336223948103e-07,2.3940367998498028e-08,0.0013444912739834795,0.0019419495721325457,0.0003890996965769784,0.00010830884691806533,1.8474999876518635e-08,8.204994065817969e-08,1.0464788363184348e-08,1.2209561677777119e-08,1.1604480581944012,1.133143219960099,-0.027304838234302194,-0.6881618677187211,-0.46129913839673836,5.9696247118478425,6.109570198253851,0.004973240317099403,0.02592689067349047,0.1422593725486767,1.8891633014287357e-06,3.148605502381226e-07
18,2.0,15.0,0.005,0.13,11,FAIL,results/franka_rotation_gain_public24/traces/s2__online__case_18__compact.npz,results/franka_budget_transfer/traces/public24__case18__s2__f8n.npz,3.0,3.5,250,0.0011400337312982112,0.0014008983904564318,0.0002608646591582206,1.1451512664660575e-06,1.9424296761094526e-06,1.5452564203166412e-07,2.008662427396854e-08,0.0010449205121088826,0.0013543021966602893,0.00037664690648422586,-9.163056545016595e-05,5.329238984016818e-08,1.0829523623056734e-07,1.2662749867526933e-08,1.1690463749251394e-08,0.8309196602934034,0.7552075954878212,-0.07571206480558215,-0.6094276882960995,-0.23015420411554638,5.976440083571543,6.157150963884949,0.004636277448655545,0.015271038879150173,0.18113748436260738,6.628393918856992e-07,1.1047323198094987e-07
18,2.0,15.0,0.005,0.13,11,FAIL,results/franka_rotation_gain_public24/traces/s2__online__case_18__compact.npz,results/franka_budget_transfer/traces/public24__case18__s2__f8n.npz,3.5,4.0,250,0.001252606951089088,0.0011955138041511886,-5.709314693789938e-05,1.1049206932701493e-06,1.3501656362679107e-06,4.641034806465514e-07,7.908761964813584e-08,0.001030846210022326,0.0011508106612636384,0.0006568367956668656,0.0002011727605242,4.227678455275626e-08,2.5800458189858296e-08,3.266890450463576e-08,3.861714007120872e-08,0.6313405734683538,0.6187451258832045,-0.012595447585149293,-0.3960627288637709,0.007215436736400863,5.983249826894972,6.166842419543227,0.0019921968311295397,0.013490841278089033,0.18406134100843644,-1.39770918000654e-07,-2.3295153000109e-08
18,2.0,15.0,0.005,0.13,11,FAIL,results/franka_rotation_gain_public24/traces/s2__online__case_18__compact.npz,results/franka_budget_transfer/traces/public24__case18__s2__f8n.npz,4.0,4.5,250,0.0014324979853430162,0.0011870717403155236,-0.00024542624502749263,1.2846319423079932e-06,1.1594222138913208e-06,7.674185357038066e-07,2.497171027644051e-07,0.001102709868777341,0.0009997239772773987,0.0008728069522302826,0.00049423268408093,6.866288760905269e-08,1.5997418314797997e-07,5.626559842291727e-09,5.451156750564677e-09,0.7530544514854896,0.8878784446304135,0.134823993144924,-0.09990002003150456,0.2577444876170135,5.983035801913691,6.136724621258905,0.0010688923246912777,0.02788393415544262,0.15605218192778036,-6.42911161356074e-07,-1.0715186022601232e-07
19,1.0,15.0,0.005,0.13,29,FAIL,results/franka_rotation_gain_public24/traces/s1__online__case_19__compact.npz,results/franka_budget_transfer/traces/public24__case19__s1__f8n.npz,1.5,2.0,250,0.009551756307816269,0.010263054935269227,0.0007112986274529585,7.266237117429887e-05,8.65437622266468e-05,1.8573677389609e-05,1.8786534377707214e-05,0.004874761145363645,0.005559340221377634,0.004023394595943471,0.004041913807645987,4.8899074949951804e-05,5.5637498529619695e-05,2.385973314941879e-06,2.449467149267932e-06,2.6164880983334937,2.585128599520176,-0.03135949881331781,-2.3535656917478947,-2.260075279849926,5.9012120871857014,5.989376843482499,0.12539551743491525,0.18624360173337823,0.1175523883454855,1.4094248040446138e-05,2.3490413400743563e-06
19,1.0,15.0,0.005,0.13,29,FAIL,results/franka_rotation_gain_public24/traces/s1__online__case_19__compact.npz,results/franka_budget_transfer/traces/public24__case19__s1__f8n.npz,2.0,2.5,250,0.0023882781059373194,0.002315779494407396,-7.249861152992332e-05,2.891415828893716e-06,3.1685387333485257e-06,2.8124564824058335e-06,2.1942959333692507e-06,0.0012475329841921301,0.000990776294563744,0.0014491129334207305,0.0011665102198451945,1.3350772822463944e-06,2.1869010674790627e-06,7.125281885985983e-07,8.335498403659669e-07,1.1150168149584423,1.167794941337315,0.05277812637887271,-0.3479459550620231,-0.07764116236522844,5.940834643896063,6.036556279064836,0.019340039955331866,0.02918716336679014,0.09980271538096051,-3.410376445817731e-07,-5.683960743029552e-08
19,1.0,15.0,0.005,0.13,29,FAIL,results/franka_rotation_gain_public24/traces/s1__online__case_19__compact.npz,results/franka_budget_transfer/traces/public24__case19__s1__f8n.npz,2.5,3.0,250,0.0014068947586554515,0.001971364618771851,0.0005644698601163993,1.8214325673200854e-06,3.860618254363498e-06,1.5792029461209598e-07,2.5660205781986947e-08,0.0013373536891615415,0.0019344473832750989,0.00037073885052655274,8.001831488201344e-05,3.2917677406099634e-08,1.1853157570362136e-07,2.0472999322346353e-08,1.925727506542989e-08,1.1443644369414372,1.1221814638103862,-0.022182973131050932,-0.6719849290085775,-0.44801163936686617,5.969952000288753,6.107913883577025,0.004174337968291484,0.03601249956033211,0.14208392032117947,1.906925598213303e-06,3.1782093303555047e-07
19,1.0,15.0,0.005,0.13,29,FAIL,results/franka_rotation_gain_public24/traces/s1__online__case_19__compact.npz,results/franka_budget_transfer/traces/public24__case19__s1__f8n.npz,3.0,3.5,250,0.0010311894098867529,0.0013294529100374547,0.0002982635001507019,9.331701941333772e-07,1.7260986139247118e-06,1.3018140492921248e-07,4.134642608234481e-08,0.0009267433285527928,0.0012664700782109369,0.0003324387207325407,-0.00014072541128851845,7.431699711626772e-08,1.2215215492109475e-07,1.9665901886924262e-08,2.1542784700022148e-08,0.8171598677347072,0.7346172981638601,-0.08254256957084699,-0.6063702489906244,-0.21219683380545137,5.976897119083585,6.16534450633813,0.004429777503891297,0.016677601901899604,0.18894898958027534,7.040934409444668e-07,1.173489068240778e-07
19,1.0,15.0,0.005,0.13,29,FAIL,results/franka_rotation_gain_public24/traces/s1__online__case_19__compact.npz,results/franka_budget_transfer/traces/public24__case19__s1__f8n.npz,3.5,4.0,250,0.0011750028557640936,0.0010522597140708567,-0.00012274314169323682,9.98009186857088e-07,1.0701449166717418e-06,3.826225241966873e-07,3.7105589184739295e-08,0.0009773941876039503,0.0009947652511423661,0.0006042967460980926,0.00013045616108935796,4.2709788895102075e-08,8.058701179140713e-08,1.744796685194472e-08,2.008677921856678e-08,0.6090327481052529,0.5855152402361424,-0.023517507869110506,-0.4058621373564588,0.007879220710536702,5.982535042476047,6.163514827069377,0.0038505755850204004,0.021251714118648762,0.18209769470103115,-2.733812051972942e-07,-4.556353419954903e-08
19,1.0,15.0,0.005,0.13,29,FAIL,results/franka_rotation_gain_public24/traces/s1__online__case_19__compact.npz,results/franka_budget_transfer/traces/public24__case19__s1__f8n.npz,4.0,4.5,250,0.0015191354720045917,0.0012253892979158818,-0.0002937461740887099,1.4608598608087675e-06,1.1842880331303414e-06,8.469127214938464e-07,3.1729089831643614e-07,0.0011961814649341543,0.0010584588745274352,0.0009138926722882699,0.0005480939252224773,3.000976375674869e-08,6.395284406445621e-08,1.1712905031651492e-08,1.6883947450653554e-08,0.691981277767277,0.8058409314479572,0.11385965368068023,-0.10392865422512547,0.21198489835106232,5.98304094228161,6.118141754247264,0.00107201777221517,0.027331374023314807,0.13766580127478967,-8.061936508558364e-07,-1.3436560847597273e-07
19,2.0,15.0,0.005,0.13,29,FAIL,results/franka_rotation_gain_public24/traces/s2__online__case_19__compact.npz,results/franka_budget_transfer/traces/public24__case19__s2__f8n.npz,1.5,2.0,250,0.010879774595479928,0.011710835656730029,0.0008310610612501015,9.564943608757259e-05,0.00011411334186828034,2.2720059160877846e-05,2.303032991065906e-05,0.005265142568179188,0.0060421052055411725,0.004472496990669946,0.004495566396145653,6.792770982432007e-05,7.760630655345261e-05,2.716829829326126e-06,2.8202126885050383e-06,2.7576720500644587,2.7185905147574587,-0.039081535306999954,-2.4474572108048993,-2.3272101530402853,5.907009941892957,6.012343824791825,0.11731998876569943,0.18303730947212843,0.1337248374292245,1.8774176530488978e-05,3.129029421748163e-06
19,2.0,15.0,0.005,0.13,29,FAIL,results/franka_rotation_gain_public24/traces/s2__online__case_19__compact.npz,results/franka_budget_transfer/traces/public24__case19__s2__f8n.npz,2.0,2.5,250,0.002302299196422266,0.0022900113036279017,-1.2287892794364194e-05,3.1125736937123782e-06,3.6133114819658605e-06,2.1880078961342326e-06,1.630840288777701e-06,0.0008708759497429216,0.0005079824108432736,0.0011907418534111724,0.0008622904224590187,2.3541487738717433e-06,3.3552653522397162e-06,7.701417346691586e-07,8.87295516113148e-07,1.1655483396322521,1.252946692626193,0.08739835299394075,-0.2764191846318115,0.0009533780967245498,5.9061470678386305,5.996601540246217,0.030254480324104098,0.030944215241135966,0.09477736826838766,-5.642981910304904e-08,-9.404969850508172e-09
19,2.0,15.0,0.005,0.13,29,FAIL,results/franka_rotation_gain_public24/traces/s2__online__case_19__compact.npz,results/franka_budget_transfer/traces/public24__case19__s2__f8n.npz,2.5,3.0,250,0.0015560385855655431,0.0020990347240796747,0.0005429961385141316,2.2489430258216104e-06,4.373509168386345e-06,1.7231305394720473e-07,3.2437604505892395e-08,0.001492818905972527,0.0020576855127796036,0.00039376900414911267,0.0001264709458247247,2.0434739792598127e-08,1.3943949888328505e-07,1.725902531862083e-08,1.644270436809194e-08,1.14352887727941,1.121421914930512,-0.02210696234889809,-0.6853260117764655,-0.4852358452905841,5.969374775384744,6.098291056082939,0.0051507713383226236,0.0350740750400953,0.1329951384581398,1.9846906931234227e-06,3.307817821872371e-07
19,2.0,15.0,0.005,0.13,29,FAIL,results/franka_rotation_gain_public24/traces/s2__online__case_19__compact.npz,results/franka_budget_transfer/traces/public24__case19__s2__f8n.npz,3.0,3.5,250,0.001059655216522716,0.0013241207775142145,0.00026446556099149845,9.807845525047627e-07,1.7251545338065623e-06,1.4208462539904186e-07,2.8141299638286124e-08,0.0009487826136008904,0.001265296068100588,0.00035249626312178396,-8.260487484092191e-05,8.059610463342606e-08,1.241803938557545e-07,1.7831009884219893e-08,2.131773429080175e-08,0.8094884658479781,0.7427061371629718,-0.06678232868500622,-0.5778630589821949,-0.2114601699858532,5.976658000929854,6.150943373952279,0.0048028940690902,0.01749474458575781,0.17486329177833812,6.304266555410439e-07,1.0507110925684065e-07
19,2.0,15.0,0.005,0.13,29,FAIL,results/franka_rotation_gain_public24/traces/s2__online__case_19__compact.npz,results/franka_budget_transfer/traces/public24__case19__s2__f8n.npz,3.5,4.0,250,0.0011700005122757561,0.0010667377855416477,-0.00010326272673410845,9.89914371738584e-07,1.0952027218159965e-06,3.789868269869481e-07,4.2726781286301744e-08,0.000976661270517021,0.0010119293995113803,0.0006019887081985617,0.0001558001289811287,3.6047134410662115e-08,7.12016122205338e-08,1.6596422188375112e-08,1.8453101095765415e-08,0.6255679340658652,0.6123949817160366,-0.013172952349828652,-0.3911921096420794,0.0015999072837110766,5.982641956707426,6.1550498694751274,0.003586136180461126,0.019981564064033352,0.17344978160822366,-2.3097169562323384e-07,-3.8495282603872306e-08
19,2.0,15.0,0.005,0.13,29,FAIL,results/franka_rotation_gain_public24/traces/s2__online__case_19__compact.npz,results/franka_budget_transfer/traces/public24__case19__s2__f8n.npz,4.0,4.5,250,0.0015118624452607802,0.0012574161688897927,-0.0002544462763709875,1.4781932112095927e-06,1.271879753327682e-06,8.075348421803126e-07,3.0921566845780137e-07,0.0012045481108279852,0.0011033576339010915,0.000892718433747495,0.0005429012450854034,2.7257059910324486e-08,5.4481685039867e-08,1.0588640227731838e-08,1.4473906542520077e-08,0.7239893217930823,0.8327648410225682,0.10877551922948588,-0.10449890861474904,0.2059466527355276,5.98304094228161,6.117750747008771,0.00107201777221517,0.02532023676401587,0.13691394455252182,-7.046326316044218e-07,-1.1743877193407031e-07
20,1.0,15.0,0.012,0.1,11,FAIL,results/franka_rotation_gain_public24/traces/s1__online__case_20__compact.npz,results/franka_budget_transfer/traces/public24__case20__s1__f8n.npz,1.5,2.0,250,0.009385183513246721,0.010065260783862788,0.0006800772706160672,7.022551517745907e-05,8.326518942035776e-05,1.785615439985901e-05,1.8044285226808377e-05,0.004966797887067486,0.005618947508584647,0.003978485331210319,0.003995510265694384,4.5556433926481026e-05,5.169261831612814e-05,2.0278088692033245e-06,2.080182943539166e-06,2.6346866086367893,2.60193375675465,-0.03275285188213953,-2.378337968912934,-2.286981111893447,5.897296537350199,5.9823796492040415,0.1309313142057168,0.18943331766877924,0.1120582472960389,1.3227805069848054e-05,2.204634178308009e-06
20,1.0,15.0,0.012,0.1,11,FAIL,results/franka_rotation_gain_public24/traces/s1__online__case_20__compact.npz,results/franka_budget_transfer/traces/public24__case20__s1__f8n.npz,2.0,2.5,250,0.0023965329080329755,0.0023053716905967947,-9.11612174361808e-05,2.6896235531356454e-06,2.9101326843130234e-06,3.0537464261493465e-06,2.4046059474921e-06,0.0013116655542346498,0.0011251368672535505,0.0015435493366979442,0.0012718820312731104,9.691570269699543e-07,1.6441997142598901e-06,6.712018713286821e-07,7.869220460166858e-07,1.1150000308839545,1.1590699401151703,0.0440699092312158,-0.3643463502418553,-0.09737958498341198,5.950598390571867,6.050337600352047,0.018454979648202176,0.01995985910099939,0.10249827167306669,-4.2863134747986863e-07,-7.143855791331144e-08
20,1.0,15.0,0.012,0.1,11,FAIL,results/franka_rotation_gain_public24/traces/s1__online__case_20__compact.npz,results/franka_budget_transfer/traces/public24__case20__s1__f8n.npz,2.5,3.0,250,0.001341171820705216,0.0018791285385273615,0.0005379567178221455,1.6216626775818677e-06,3.507966439791945e-06,1.7707917507187648e-07,2.315762451603287e-08,0.0012658026055713725,0.0018578442839610127,0.0004071682960982448,8.896973537220121e-05,1.9406441310591997e-08,5.638105634533589e-08,1.1293153724328566e-08,1.524201070383336e-08,1.180406525612943,1.1565102679447687,-0.02389625766817437,-0.6855907013992923,-0.43102886510594807,5.969812586734214,6.1185843154429405,0.004576123747346333,0.02707113204737432,0.15112569846357254,1.7323822116542335e-06,2.887303686090389e-07
20,1.0,15.0,0.012,0.1,11,FAIL,results/franka_rotation_gain_public24/traces/s1__online__case_20__compact.npz,results/franka_budget_transfer/traces/public24__case20__s1__f8n.npz,3.0,3.5,250,0.0011444127044067814,0.0014484135727547232,0.00030400086834794175,1.1683937152457821e-06,2.0633735514942593e-06,1.4128672276186128e-07,3.4528326245841984e-08,0.001057441457762983,0.0013953083476288379,0.00035729512863516875,-0.00014962511341690837,5.0211278649879836e-08,1.1648816653154124e-07,1.3626913815439481e-08,1.2140651680819289e-08,0.8551789542314175,0.7703748466752445,-0.08480410755617313,-0.63802529240263,-0.23216906816692448,5.976377886044406,6.1707847898049,0.004746345646076162,0.01521227219657656,0.194801555637685,7.882214397324576e-07,1.313702399554096e-07
20,1.0,15.0,0.012,0.1,11,FAIL,results/franka_rotation_gain_public24/traces/s1__online__case_20__compact.npz,results/franka_budget_transfer/traces/public24__case20__s1__f8n.npz,3.5,4.0,250,0.001262415479762919,0.0011883210699596854,-7.409440980323369e-05,1.142388433178276e-06,1.3445163178242315e-06,4.5130441036676504e-07,6.759064748590044e-08,0.0010489312820872257,0.0011474009073465736,0.0006464117897562298,0.00016283406969406743,4.2131598637124876e-08,2.7987475644491273e-08,3.3456208430912843e-08,4.1075713232768037e-08,0.6286296358811282,0.6106885568480028,-0.017941079033125362,-0.4096769310231658,0.013905861975716277,5.983076278565439,6.1744189206314575,0.002469493761184792,0.01446031754808625,0.19184825455953544,-1.8158587823490903e-07,-3.02643130391515e-08
20,1.0,15.0,0.012,0.1,11,FAIL,results/franka_rotation_gain_public24/traces/s1__online__case_20__compact.npz,results/franka_budget_transfer/traces/public24__case20__s1__f8n.npz,4.0,4.5,250,0.0014535452040854734,0.0011711631647197656,-0.0002823820393657078,1.3030502337174355e-06,1.1100557252037256e-06,8.097434266024453e-07,2.6156743319269135e-07,0.001109192069641798,0.0009680295043234679,0.0008967661294778961,0.0005053825228921059,7.27431863611805e-08,1.729746039629865e-07,5.5539356236786545e-09,6.155938747901307e-09,0.7369627760685391,0.8749624664835182,0.13799969041497898,-0.10078853873589352,0.25932112952601316,5.982990691528663,6.136114722185807,0.0011191824517888783,0.029610039461667362,0.15579788646266485,-7.411705019234639e-07,-1.2352841698724397e-07
20,2.0,15.0,0.012,0.1,11,FAIL,results/franka_rotation_gain_public24/traces/s2__online__case_20__compact.npz,results/franka_budget_transfer/traces/public24__case20__s2__f8n.npz,1.5,2.0,250,0.010702751619802655,0.01151450084337168,0.0008117492235690249,9.262676600317605e-05,0.00011038634499095057,2.1922126232012325e-05,2.219738468105654e-05,0.005372664570614172,0.006124509458519768,0.004428918204425828,0.004449569467616462,6.376124141484328e-05,7.287672888345247e-05,2.3068097705178304e-06,2.398716233911898e-06,2.7715678678846705,2.729922387351672,-0.041645480532998685,-2.4671811813339137,-2.34608212905958,5.906111913464103,6.0092718880219795,0.12137596243792406,0.18576990422344236,0.12993690568714822,1.803483743681874e-05,3.00580623946979e-06
20,2.0,15.0,0.012,0.1,11,FAIL,results/franka_rotation_gain_public24/traces/s2__online__case_20__compact.npz,results/franka_budget_transfer/traces/public24__case20__s2__f8n.npz,2.0,2.5,250,0.002281884337259229,0.002194866217493768,-8.701811976546091e-05,2.8241960407649856e-06,3.0415813976826937e-06,2.382800087864005e-06,1.7758563150127055e-06,0.0009766479759829416,0.0006325761208559058,0.0012801214827930095,0.0009644380272582442,1.8703547717734091e-06,2.6414288490055885e-06,7.440890771558322e-07,8.457156065909318e-07,1.1616787257150052,1.2413473967027842,0.07966867098777898,-0.2790840102443385,-0.016522710716446204,5.924719066083671,6.012336533548323,0.028996191985705414,0.02360917517752399,0.09099755344304701,-3.895584159335913e-07,-6.492640265559855e-08
20,2.0,15.0,0.012,0.1,11,FAIL,results/franka_rotation_gain_public24/traces/s2__online__case_20__compact.npz,results/franka_budget_transfer/traces/public24__case20__s2__f8n.npz,2.5,3.0,250,0.001453514752793683,0.0020099220440074135,0.0005564072912137305,1.9355021773653983e-06,4.010900623195591e-06,1.7720295922348298e-07,2.8885999791348556e-08,0.0013842152419049887,0.001982422592214697,0.0004092851704982797,0.0001314368320064299,1.9450341443312046e-08,8.090128907235163e-08,9.688608433677111e-09,1.1610358983462082e-08,1.1806024557836092,1.154240646120068,-0.026361809663541208,-0.6921126206405395,-0.4650818512814701,5.969635604386291,6.109405728772576,0.004942722616436144,0.025937251667661143,0.1420803842676677,1.9270814863980586e-06,3.2118024773300973e-07
20,2.0,15.0,0.012,0.1,11,FAIL,results/franka_rotation_gain_public24/traces/s2__online__case_20__compact.npz,results/franka_budget_transfer/traces/public24__case20__s2__f8n.npz,3.0,3.5,250,0.0011750505037359067,0.0014402283010684243,0.0002651777973325176,1.230894902597431e-06,2.0535997088073e-06,1.498487837325771e-07,2.0657850391139636e-08,0.0010836724795740334,0.0013928898428903146,0.00037169439114484654,-9.634012490168286e-05,5.654885961129742e-08,1.1345759438029421e-07,1.1692063324038944e-08,1.1376430725067787e-08,0.8481985599776871,0.77878016520224,-0.06941839477544716,-0.6099354795366155,-0.23095538465273494,5.976358185994828,6.15688009931253,0.004762598604161648,0.015324025338767982,0.18094639694421452,6.935138728684315e-07,1.155856454780719e-07
20,2.0,15.0,0.012,0.1,11,FAIL,results/franka_rotation_gain_public24/traces/s2__online__case_20__compact.npz,results/franka_budget_transfer/traces/public24__case20__s2__f8n.npz,3.5,4.0,250,0.0012610424931689698,0.001207586142225688,-5.345635094328193e-05,1.1423008683979346e-06,1.3836458380489655e-06,4.4792730117987657e-07,7.461845284655411e-08,0.001049393030817277,0.0011652495240823937,0.0006444975819014687,0.0001894346456502514,4.1075135270063984e-08,2.583938467472026e-08,3.255016810303642e-08,3.8732967873917806e-08,0.6454420945150832,0.6372868935467284,-0.00815520096835473,-0.3949273019435598,0.006871057951853533,5.983216270700226,6.165970261646716,0.0020724970257299186,0.01361682840276825,0.183229647323683,-1.3196387868229161e-07,-2.1993979780381935e-08
20,2.0,15.0,0.012,0.1,11,FAIL,results/franka_rotation_gain_public24/traces/s2__online__case_20__compact.npz,results/franka_budget_transfer/traces/public24__case20__s2__f8n.npz,4.0,4.5,250,0.001442174989375148,0.0011989767779547718,-0.00024319821142037624,1.310175987131454e-06,1.1845643558213473e-06,7.696927128477549e-07,2.5298095825345864e-07,0.0011143644825206253,0.0010125330224090901,0.000874244000855391,0.0004976584739546916,6.836778722799279e-08,1.5934123435246028e-07,5.390139816114045e-09,5.317001554546319e-09,0.7692491843469125,0.9022734126852652,0.1330242283383527,-0.10054222083860519,0.2553006966092656,5.983033500157113,6.135975941030219,0.001069485823595811,0.027848345660279186,0.1553113098033782,-6.423233859044029e-07,-1.0705389765073381e-07
21,1.0,15.0,0.012,0.1,29,FAIL,results/franka_rotation_gain_public24/traces/s1__online__case_21__compact.npz,results/franka_budget_transfer/traces/public24__case21__s1__f8n.npz,1.5,2.0,250,0.009538797839498236,0.010231943929707528,0.0006931460902092918,7.208257805482885e-05,8.557437739990257e-05,1.8906086167987362e-05,1.9118299180776154e-05,0.00493472592686877,0.0056024566091619245,0.004067047818866834,0.004085512718909973,4.7731058081518e-05,5.418685734236044e-05,2.365208207037894e-06,2.4268850044009962e-06,2.6222570706591637,2.592096126899386,-0.03016094375977779,-2.3573516555342224,-2.2667935170380025,5.900173113249863,5.9859171903044315,0.1262260700233884,0.18567929545532627,0.11473540906575808,1.3704012357862512e-05,2.284002059643752e-06
21,1.0,15.0,0.012,0.1,29,FAIL,results/franka_rotation_gain_public24/traces/s1__online__case_21__compact.npz,results/franka_budget_transfer/traces/public24__case21__s1__f8n.npz,2.0,2.5,250,0.0024046368231038858,0.002329565083700731,-7.507173940315493e-05,2.906854755551587e-06,3.1668260722603826e-06,2.8754234954755614e-06,2.2600474069372087e-06,0.0012678415819383242,0.0010210640569033274,0.0014711494967284055,0.001195550623234268,1.2994324786597153e-06,2.1242542639605027e-06,7.111426537513195e-07,8.307061142213622e-07,1.1305891089033058,1.180887187301764,0.05029807839845814,-0.35248024494796887,-0.08788757111869837,5.9413165999815325,6.035342385465761,0.019210454690645803,0.02857951655899601,0.09797214197006103,-3.5540477182955745e-07,-5.9234128638259576e-08
21,1.0,15.0,0.012,0.1,29,FAIL,results/franka_rotation_gain_public24/traces/s1__online__case_21__compact.npz,results/franka_budget_transfer/traces/public24__case21__s1__f8n.npz,2.5,3.0,250,0.0014497433757566676,0.002012691659672724,0.0005629482839160564,1.9309357032945884e-06,4.022131586603654e-06,1.708201522557499e-07,2.879613031248958e-08,0.001376865115785058,0.001975329575577133,0.0003892483178792151,0.00010188469213388528,3.517815622878754e-08,1.2020465445391982e-07,1.9305899283951452e-08,1.8415639821272996e-08,1.1644893501780453,1.1432680166321703,-0.021221333545875035,-0.6756323829098725,-0.4518958729076976,5.9699858753893,6.107736673949706,0.004058528267805483,0.03596017945212934,0.14187902661785276,1.949171861365806e-06,3.2486197689430097e-07
21,1.0,15.0,0.012,0.1,29,FAIL,results/franka_rotation_gain_public24/traces/s1__online__case_21__compact.npz,results/franka_budget_transfer/traces/public24__case21__s1__f8n.npz,3.0,3.5,250,0.0010652391879806336,0.0013669641221012994,0.00030172493412066576,1.008219204223421e-06,1.8261797861141675e-06,1.2651532338621878e-07,4.2411124998008346e-08,0.0009654721006792422,0.001304073040617935,0.0003280472133198348,-0.0001446859147594474,7.608282703343226e-08,1.2557329084766163e-07,1.890034921930956e-08,2.1477111068230274e-08,0.8343230348649533,0.7582164164647203,-0.07610661840023297,-0.6071321008624854,-0.2130547358049665,5.9767473872347345,6.16502822390079,0.004660500377539854,0.01658581525920453,0.18876733406869584,7.338563835025361e-07,1.2230939725042267e-07
21,1.0,15.0,0.012,0.1,29,FAIL,results/franka_rotation_gain_public24/traces/s1__online__case_21__compact.npz,results/franka_budget_transfer/traces/public24__case21__s1__f8n.npz,3.5,4.0,250,0.0011843886135316556,0.0010657409198444163,-0.00011864769368723931,1.035170993176839e-06,1.1016381878034765e-06,3.676053946865983e-07,3.4165520427345726e-08,0.0009959304081577662,0.0010094958582311593,0.000591917390867382,0.0001187646036202738,4.3293615283544666e-08,8.255630001761175e-08,1.7239197075349182e-08,2.0060489354264968e-08,0.6223856617321009,0.6041162735771521,-0.018269388154948732,-0.4044966792746455,0.007457621465500875,5.982552209416934,6.162566987304206,0.0037623591474938867,0.021364873090818925,0.18115540867446264,-2.6697267963261507e-07,-4.449544660543584e-08
21,1.0,15.0,0.012,0.1,29,FAIL,results/franka_rotation_gain_public24/traces/s1__online__case_21__compact.npz,results/franka_budget_transfer/traces/public24__case21__s1__f8n.npz,4.0,4.5,250,0.0015285016667031129,0.001237829837338975,-0.00029067182936413785,1.4872257512043578e-06,1.210731703466623e-06,8.490915939098361e-07,3.214910027400102e-07,0.0012071502722470861,0.0010708618595353765,0.0009148903459999359,0.0005512846945944656,3.001397141814357e-08,6.398658125905869e-08,1.2067248705953902e-08,1.7576188245897094e-08,0.7078930274682275,0.8202739295589899,0.11238090209076247,-0.10431857714583796,0.20965798231777938,5.98304094228161,6.117366532440116,0.00107201777221517,0.02722370467450281,0.1368846994939715,-8.04094638907561e-07,-1.3401577315126015e-07
21,2.0,15.0,0.012,0.1,29,FAIL,results/franka_rotation_gain_public24/traces/s2__online__case_21__compact.npz,results/franka_budget_transfer/traces/public24__case21__s2__f8n.npz,1.5,2.0,250,0.010859055522836605,0.011691136405177308,0.0008320808823407029,9.481123798753541e-05,0.00011326252292802636,2.310784886051274e-05,2.3420147516435834e-05,0.005330945201106721,0.006108732183011753,0.004517659480691078,0.0045406012131551,6.639226125033266e-05,7.594591404426284e-05,2.6986016770347596e-06,2.80308813953027e-06,2.7606574403421384,2.7214158227641474,-0.039241617577991106,-2.4473887042217903,-2.326285924518194,5.907503135142402,6.013114029555367,0.11669526633909408,0.1822352678078376,0.13383846270607927,1.8763583596414043e-05,3.1272639327356737e-06
21,2.0,15.0,0.012,0.1,29,FAIL,results/franka_rotation_gain_public24/traces/s2__online__case_21__compact.npz,results/franka_budget_transfer/traces/public24__case21__s2__f8n.npz,2.0,2.5,250,0.0022996267834480603,0.0022745440361252025,-2.5082747322857733e-05,3.0541385821834475e-06,3.5123677933782663e-06,2.2341447609682252e-06,1.6611827788944588e-06,0.0008876154899447281,0.0005249460704540258,0.0012123942318295613,0.0008836177788612971,2.2662773241936268e-06,3.236799416493144e-06,7.642449875946326e-07,8.804023997746867e-07,1.1810185662336128,1.2672624185964798,0.0862438523628671,-0.28250337120196745,-0.00546648125159209,5.906728292784916,5.997243471504263,0.03035989319220348,0.03060893839255363,0.09480502126637977,-1.1473277087894831e-07,-1.9122128479824718e-08
21,2.0,15.0,0.012,0.1,29,FAIL,results/franka_rotation_gain_public24/traces/s2__online__case_21__compact.npz,results/franka_budget_transfer/traces/public24__case21__s2__f8n.npz,2.5,3.0,250,0.001597254015172411,0.0021391617790462655,0.0005419077638738545,2.3648655763561685e-06,4.540001500726135e-06,1.8635481262822037e-07,3.6011616206248435e-08,0.001530689892521284,0.002097900988790828,0.000412858126174012,0.0001445365694841523,2.185402928934835e-08,1.3881294195660202e-07,1.5902980280304024e-08,1.5120796288001252e-08,1.1633461478134883,1.142587722695718,-0.020758425117770256,-0.6887969399700933,-0.48724895230373066,5.969381147918275,6.098901455083054,0.005059777365334503,0.034799103154272225,0.13354608526321568,2.0247927279479943e-06,3.37465454657999e-07
21,2.0,15.0,0.012,0.1,29,FAIL,results/franka_rotation_gain_public24/traces/s2__online__case_21__compact.npz,results/franka_budget_transfer/traces/public24__case21__s2__f8n.npz,3.0,3.5,250,0.0010959175885257896,0.001362053109262594,0.0002661355207368044,1.0624079578213748e-06,1.8257867751547054e-06,1.38627403018807e-07,2.9401897297194818e-08,0.0009897213934756412,0.0013032170288245313,0.0003483026081261474,-8.877742394891163e-05,8.28595211180099e-08,1.2741215093646667e-07,1.7312696191330466e-08,2.1520466294190024e-08,0.8273114214277405,0.7667886691354084,-0.06052275229233208,-0.578505495636884,-0.21163151234577104,5.976691623570738,6.150961816583259,0.004833519197534489,0.01734023538142368,0.17483826462983704,6.541533116117185e-07,1.0902555193528641e-07
21,2.0,15.0,0.012,0.1,29,FAIL,results/franka_rotation_gain_public24/traces/s2__online__case_21__compact.npz,results/franka_budget_transfer/traces/public24__case21__s2__f8n.npz,3.5,4.0,250,0.001177868113579415,0.0010790757702620632,-9.879234331735187e-05,1.0236784371171204e-06,1.1254112592611292e-06,3.6369485587000933e-07,3.8993258705535677e-08,0.0009935517011171538,0.0010258764531777937,0.0005892914692173277,0.00014327641916801997,3.653345432433012e-08,7.298876207647941e-08,1.643042017769267e-08,1.8465126415925517e-08,0.6396517349275939,0.631210387118606,-0.008441347808987865,-0.3897726840175534,0.001521267839539521,5.982623000490144,6.154269888341181,0.0036015799759753836,0.02010212932165314,0.17270292532421178,-2.229687750204649e-07,-3.716146250341081e-08
21,2.0,15.0,0.012,0.1,29,FAIL,results/franka_rotation_gain_public24/traces/s2__online__case_21__compact.npz,results/franka_budget_transfer/traces/public24__case21__s2__f8n.npz,4.0,4.5,250,0.0015218461342135661,0.0012697921843619884,-0.00025205394985157773,1.5058896505990111e-06,1.2992197491294859e-06,8.101260056217644e-07,3.131524423373043e-07,0.0012160020802569125,0.001115697663837667,0.0008940157714205215,0.0005459875124595172,2.722859140987278e-08,5.443847203665799e-08,1.0861806073134286e-08,1.5050078575572845e-08,0.739992858308695,0.8474282854144898,0.10743542710579476,-0.10511095245958701,0.20370713873204027,5.98304094228161,6.117072545017292,0.00107201777221517,0.025229500946424042,0.13623082903896191,-7.036434647539851e-07,-1.1727391079233086e-07
22,1.0,15.0,0.012,0.13,11,FAIL,results/franka_rotation_gain_public24/traces/s1__online__case_22__compact.npz,results/franka_budget_transfer/traces/public24__case22__s1__f8n.npz,1.5,2.0,250,0.009441970928081229,0.010133484739566377,0.0006915138114851477,7.115882009550729e-05,8.450202341378218e-05,1.7991994911223804e-05,1.8185489553242453e-05,0.004984273102375043,0.00564733771347687,0.003991813897974654,0.004009261476246332,4.6315841736447965e-05,5.260960016372403e-05,2.0574167151602033e-06,2.111311968329533e-06,2.64650394064445,2.613269620341211,-0.033234320303238835,-2.388675764731795,-2.295768243309439,5.897577325200136,5.984154457368604,0.1310079577345619,0.19043513376778878,0.11393908314794128,1.3536697960293538e-05,2.2561163267155895e-06
22,1.0,15.0,0.012,0.13,11,FAIL,results/franka_rotation_gain_public24/traces/s1__online__case_22__compact.npz,results/franka_budget_transfer/traces/public24__case22__s1__f8n.npz,2.0,2.5,250,0.0024031734753080483,0.0023131318507932665,-9.004162451478181e-05,2.7018037488212037e-06,2.938126134263763e-06,3.073439003602958e-06,2.4124528248905185e-06,0.001311221250254801,0.0011204069097164172,0.0015481399168566698,0.001271478959220615,9.825025817014401e-07,1.6828144909234707e-06,6.767018014379823e-07,7.957940811497807e-07,1.119218287532786,1.1649261452946398,0.0457078577618536,-0.3649495678420268,-0.09326130640653922,5.949986199323048,6.051316752936533,0.018678547574209142,0.020235304108448964,0.10417427674935192,-4.246637932698797e-07,-7.077729887831329e-08
22,1.0,15.0,0.012,0.13,11,FAIL,results/franka_rotation_gain_public24/traces/s1__online__case_22__compact.npz,results/franka_budget_transfer/traces/public24__case22__s1__f8n.npz,2.5,3.0,250,0.0013470045726334716,0.0018871078471210483,0.0005401032744875767,1.6337581369723408e-06,3.5381524732407485e-06,1.8066318172314093e-07,2.3023553425089425e-08,0.0012708459879378076,0.0018657377467160047,0.00041173269362683294,8.988869120257778e-05,1.8708611914718262e-08,5.717513371983376e-08,1.1139370721933416e-08,1.4943576618977047e-08,1.1854746685734914,1.1620473521991959,-0.023427316374295595,-0.6884142455105235,-0.432318868297282,5.969826253691364,6.119534340658572,0.0045867981777961255,0.027187217865381905,0.1520770793314438,1.746754707970356e-06,2.9112578466172595e-07
22,1.0,15.0,0.012,0.13,11,FAIL,results/franka_rotation_gain_public24/traces/s1__online__case_22__compact.npz,results/franka_budget_transfer/traces/public24__case22__s1__f8n.npz,3.0,3.5,250,0.0011489057065456226,0.001454742900717085,0.00030583719417146254,1.1756351135152931e-06,2.08227402766574e-06,1.443492090178034e-07,3.400287952101887e-08,0.0010610922662789202,0.0014024346839142012,0.0003618398801499433,-0.00014847189547544134,4.971831595835846e-08,1.154509850202146e-07,1.3421110150878103e-08,1.1958975774948488e-08,0.8609707535730019,0.7757306093523233,-0.08524014422067858,-0.6422765598472037,-0.23366177133416546,5.976322553235565,6.17209715369811,0.004839578237290461,0.015208661288765591,0.19616131389104982,7.962925846536622e-07,1.3271543077561037e-07
22,1.0,15.0,0.012,0.13,11,FAIL,results/franka_rotation_gain_public24/traces/s1__online__case_22__compact.npz,results/franka_budget_transfer/traces/public24__case22__s1__f8n.npz,3.5,4.0,250,0.0012703212497361955,0.0011961298457128732,-7.419140402332232e-05,1.1580978654782195e-06,1.363463357605651e-06,4.5561821205310994e-07,6.726325019945048e-08,0.0010565366868057829,0.0011558562652142345,0.0006499586255859777,0.00016263993528174264,4.182809491167857e-08,2.745965177065183e-08,3.3171997079496944e-08,4.081150165100104e-08,0.6338214047879415,0.615514656917844,-0.0183067478700975,-0.41324493816824465,0.0137173017783166,5.983091556204743,6.175935591965122,0.00241093227879273,0.014453390358262933,0.19334691868963624,-1.8298946972622806e-07,-3.049824495437134e-08
22,1.0,15.0,0.012,0.13,11,FAIL,results/franka_rotation_gain_public24/traces/s1__online__case_22__compact.npz,results/franka_budget_transfer/traces/public24__case22__s1__f8n.npz,4.0,4.5,250,0.0014606729150285055,0.0011756999558179806,-0.0002849729592105249,1.318639051100232e-06,1.1209813447692855e-06,8.1492631359764e-07,2.6128904134111636e-07,0.0011163372922353254,0.000973800723716863,0.0008996808560923948,0.0005051645705343784,7.243010106493372e-08,1.726934952577992e-07,5.500670778495694e-09,6.0977980179333265e-09,0.7412950515133506,0.8800996815567188,0.13880463004336813,-0.1022844454991124,0.2606264356272323,5.982995053969948,6.137278008399634,0.001113230734492731,0.02973501881206397,0.1569599078501952,-7.512949785874702e-07,-1.2521582976457836e-07
22,2.0,15.0,0.012,0.13,11,FAIL,results/franka_rotation_gain_public24/traces/s2__online__case_22__compact.npz,results/franka_budget_transfer/traces/public24__case22__s2__f8n.npz,1.5,2.0,250,0.01076150755526427,0.011585191791956218,0.0008236842366919472,9.371882960818862e-05,0.00011184372368296659,2.209121525382132e-05,2.2372945173443105e-05,0.00538940335759825,0.006152025575746782,0.004444421480951691,0.004465451977906932,6.467316105729735e-05,7.399630499832407e-05,2.3383329534765053e-06,2.4326838064501725e-06,2.7839991807622058,2.741608818789314,-0.04239036197289155,-2.4784255867311265,-2.3553033539616353,5.906427786474439,6.011180590449124,0.12153317704104667,0.18690880424715658,0.1317998974392235,1.8406623994399757e-05,3.067770665733293e-06
22,2.0,15.0,0.012,0.13,11,FAIL,results/franka_rotation_gain_public24/traces/s2__online__case_22__compact.npz,results/franka_budget_transfer/traces/public24__case22__s2__f8n.npz,2.0,2.5,250,0.0022978646362180467,0.002211261608343424,-8.660302787462252e-05,2.8786435294581043e-06,3.1042847689362555e-06,2.401538356923391e-06,1.7853931315972917e-06,0.0009774281511967492,0.0006263854736064698,0.0012831181645058052,0.0009628472376408415,1.923277738706209e-06,2.7119260073910546e-06,7.551461328386443e-07,8.583183285646921e-07,1.1663343329744786,1.248193666968447,0.08185933399396822,-0.27714390110871345,-0.0115698479838576,5.924770547835846,6.013205282891114,0.02888508788463789,0.023805318343473658,0.09185786378914125,-3.90503985847948e-07,-6.508399764132466e-08
22,2.0,15.0,0.012,0.13,11,FAIL,results/franka_rotation_gain_public24/traces/s2__online__case_22__compact.npz,results/franka_budget_transfer/traces/public24__case22__s2__f8n.npz,2.5,3.0,250,0.0014589512476348237,0.0020192013762447233,0.0005602501286098996,1.9487580083122744e-06,4.0480842459214615e-06,1.7978073466293394e-07,2.90899519071234e-08,0.0013890017092282165,0.001991276721010653,0.0004124959955698599,0.00013254691640509345,1.9432260073367957e-08,8.290126628252323e-08,9.62778830176405e-09,1.152126685862457e-08,1.185999030548457,1.1597377649224199,-0.02626126562603709,-0.6950791303095251,-0.46670871591229407,5.969705839112955,6.110389226419917,0.004864492179041326,0.026063132455710628,0.1430018465784991,1.9486354548533763e-06,3.24772575808896e-07
22,2.0,15.0,0.012,0.13,11,FAIL,results/franka_rotation_gain_public24/traces/s2__online__case_22__compact.npz,results/franka_budget_transfer/traces/public24__case22__s2__f8n.npz,3.0,3.5,250,0.001179498818101504,0.0014463647974683773,0.0002668659793668732,1.238257207797604e-06,2.071708832871289e-06,1.5296025410524107e-07,2.0262294484451743e-08,0.0010873400687227463,0.0013997583296900431,0.00037607480413666937,-9.498447764342501e-05,5.59487827476172e-08,1.1238545133462899e-07,1.1527995798806803e-08,1.1240243491257434e-08,0.8539207744963823,0.7841216728754542,-0.06979910162092809,-0.614007826463002,-0.23241759695041353,5.976358245168274,6.158171772116355,0.004749047001906119,0.015337057116997678,0.18223553690204067,7.007536654528955e-07,1.1679227757548258e-07
22,2.0,15.0,0.012,0.13,11,FAIL,results/franka_rotation_gain_public24/traces/s2__online__case_22__compact.npz,results/franka_budget_transfer/traces/public24__case22__s2__f8n.npz,3.5,4.0,250,0.0012685478989513312,0.0012155333518234766,-5.301454712785462e-05,1.1572597739351047e-06,1.4032339545126914e-06,4.519539979987323e-07,7.428737488252448e-08,0.0010565904864950233,0.001173821825471045,0.0006478139016780959,0.00018921332016681331,4.0876317783314576e-08,2.537627656051483e-08,3.229114679133445e-08,3.848569435397547e-08,0.6505942402911733,0.642136109912384,-0.008458130378789178,-0.39840619577756264,0.006711353753335286,5.983226775520963,6.167484001735604,0.002036976159825029,0.013609922663405266,0.1847297951685315,-1.316924425386211e-07,-2.1948740423103515e-08
22,2.0,15.0,0.012,0.13,11,FAIL,results/franka_rotation_gain_public24/traces/s2__online__case_22__compact.npz,results/franka_budget_transfer/traces/public24__case22__s2__f8n.npz,4.0,4.5,250,0.001449406874420228,0.001203697031366833,-0.0002457098430533949,1.3260685159523057e-06,1.1961985559155474e-06,7.747117716643084e-07,2.526879874057791e-07,0.0011215892208197662,0.001018332909439447,0.0008771358771679407,0.0004974164091633346,6.810613569321568e-08,1.5919664146813874e-07,5.344424649135487e-09,5.264903300833249e-09,0.7735931217880304,0.9074341045865971,0.13384098279856668,-0.10201569224371076,0.256621502217255,5.98303396379408,6.137130307462672,0.0010692670795490933,0.0279682233280063,0.15646812456757245,-6.518937442952878e-07,-1.0864895738254796e-07
23,1.0,15.0,0.012,0.13,29,FAIL,results/franka_rotation_gain_public24/traces/s1__online__case_23__compact.npz,results/franka_budget_transfer/traces/public24__case23__s1__f8n.npz,1.5,2.0,250,0.009596272694867734,0.010300597265429416,0.0007043245705616822,7.303989404264321e-05,8.683677185935479e-05,1.9048555591620837e-05,1.9265532165217152e-05,0.004952870195657272,0.005630753912573133,0.004080687065963849,0.004099449000681103,4.850897086761311e-05,5.5131382235397154e-05,2.396548661296185e-06,2.4600500560318515e-06,2.6342475816664987,2.603447256612034,-0.03080032505446478,-2.3679260347984297,-2.2755894592310604,5.900479793399776,5.987698327586248,0.12630786921172205,0.18668832339734281,0.11642351682811537,1.4013854390307882e-05,2.335642398384647e-06
23,1.0,15.0,0.012,0.13,29,FAIL,results/franka_rotation_gain_public24/traces/s1__online__case_23__compact.npz,results/franka_budget_transfer/traces/public24__case23__s1__f8n.npz,2.0,2.5,250,0.0024146024222243523,0.0023382755645426838,-7.632685768166857e-05,2.9368968505497705e-06,3.1998930120859934e-06,2.893408006861939e-06,2.2676396036514135e-06,0.001268855733681546,0.001016010591777923,0.0014748026488847197,0.001195036773609266,1.3269019776532365e-06,2.167615489481068e-06,7.183651537045526e-07,8.395267133729695e-07,1.1348078665435393,1.1868823144516953,0.052074447908156136,-0.3513791747920144,-0.08370704481036777,5.941413797732132,6.036315750373718,0.019196163879960332,0.028942750597858394,0.09889966805513908,-3.6277224167430317e-07,-6.046204027905052e-08
23,1.0,15.0,0.012,0.13,29,FAIL,results/franka_rotation_gain_public24/traces/s1__online__case_23__compact.npz,results/franka_budget_transfer/traces/public24__case23__s1__f8n.npz,2.5,3.0,250,0.001453600017125425,0.0020205962432400157,0.0005669962261145908,1.9399282036274767e-06,4.0542198358281095e-06,1.7302480615955857e-07,2.8589342367556413e-08,0.0013802367860283051,0.0019832362495165417,0.0003924215247482657,0.0001026390158382149,3.487461812173108e-08,1.2099381443167043e-07,1.9030153073804857e-08,1.8054574795319083e-08,1.1698985504660573,1.1487891473816843,-0.021109403084373014,-0.6785459987658753,-0.45324419295441576,5.969913702305881,6.108693948556336,0.004169374612567967,0.03608658203954608,0.14290461800496118,1.9698561684086305e-06,3.283093614014384e-07
23,1.0,15.0,0.012,0.13,29,FAIL,results/franka_rotation_gain_public24/traces/s1__online__case_23__compact.npz,results/franka_budget_transfer/traces/public24__case23__s1__f8n.npz,3.0,3.5,250,0.0010705103764513898,0.0013733901418189836,0.0003028797653675938,1.0166033923352895e-06,1.8442660914953866e-06,1.2938907375480688e-07,4.193439015018085e-08,0.0009700670013946124,0.0013111419957169258,0.00033271136419638547,-0.0001434763789416105,7.557340514055446e-08,1.2517275856282356e-07,1.8692221889387024e-08,2.1348918835984235e-08,0.8400830097964519,0.7635782893682248,-0.07650472042822708,-0.6113112106439891,-0.21449705775920208,5.976740977950688,6.166330372674172,0.0046857261215170224,0.016628003650592027,0.1900739739405964,7.40208015555471e-07,1.2336800259257848e-07
23,1.0,15.0,0.012,0.13,29,FAIL,results/franka_rotation_gain_public24/traces/s1__online__case_23__compact.npz,results/franka_budget_transfer/traces/public24__case23__s1__f8n.npz,3.5,4.0,250,0.001191655332570984,0.001073529588954417,-0.00011812574361656693,1.0486035520546848e-06,1.1185189601910071e-06,3.7143887959017757e-07,3.394681816963278e-08,0.0010029562072193857,0.001018103777165776,0.0005953039501675484,0.00011862482878164801,4.268239845478969e-08,8.198365911178722e-08,1.7052086505090564e-08,1.987496816615748e-08,0.6275416743626356,0.6089609423920332,-0.01858073197060243,-0.40796775859529777,0.0072941782519209825,5.982582301306098,6.164077774412907,0.0037098181005963847,0.02138504880317183,0.1826330222558591,-2.6757665328422265e-07,-4.459610888070377e-08
23,1.0,15.0,0.012,0.13,29,FAIL,results/franka_rotation_gain_public24/traces/s1__online__case_23__compact.npz,results/franka_budget_transfer/traces/public24__case23__s1__f8n.npz,4.0,4.5,250,0.0015357482906659154,0.0012425688442640674,-0.00029317944640184796,1.504292007008597e-06,1.222855528343076e-06,8.542308052746835e-07,3.2112180439266424e-07,0.0012143165255463887,0.0010766326879610704,0.0009177444048090546,0.0005510072996392664,2.972738279354373e-08,6.371758355679652e-08,1.1976012716357652e-08,1.7512760136908135e-08,0.7122224594458607,0.8253606353499119,0.11313817590405124,-0.10583984958136355,0.21088059423334843,5.98304094228161,6.118526248154106,0.00107201777221517,0.02734580713369854,0.13804591068966193,-8.145454795475402e-07,-1.3575757992459004e-07
23,2.0,15.0,0.012,0.13,29,FAIL,results/franka_rotation_gain_public24/traces/s2__online__case_23__compact.npz,results/franka_budget_transfer/traces/public24__case23__s2__f8n.npz,1.5,2.0,250,0.010915868773617653,0.011762101180495522,0.0008462324068778688,9.587487283314022e-05,0.00011474517438493516,2.3281318249700755e-05,2.3601849795278965e-05,0.005345271203046469,0.006136094252637349,0.0045331792904241205,0.004556636535525346,6.730294859902238e-05,7.709352170768605e-05,2.7316037705706268e-06,2.8389132783945337e-06,2.7731106581514933,2.7331065530930925,-0.04000410505840095,-2.458840241745305,-2.3355200309479267,5.907549238113539,6.015028777755757,0.11673418783980345,0.1833826840926941,0.13607286556609996,1.919083309737315e-05,3.198472182895525e-06
23,2.0,15.0,0.012,0.13,29,FAIL,results/franka_rotation_gain_public24/traces/s2__online__case_23__compact.npz,results/franka_budget_transfer/traces/public24__case23__s2__f8n.npz,2.0,2.5,250,0.002315307578754356,0.0022921498620511417,-2.315771670321435e-05,3.1067194973125557e-06,3.5831103888898026e-06,2.2539296869248025e-06,1.6708406012112646e-06,0.0008885937798875106,0.0005185550001677804,0.0012163608407165874,0.0008819339649558238,2.317120591657782e-06,3.3142111006907956e-06,7.743959920960402e-07,8.93033082668565e-07,1.1855832994522457,1.2742458898382423,0.08866259038599637,-0.28168873441333087,-0.0004462371910976537,5.906377368036993,5.998107544445212,0.030426231977831668,0.03095505196104381,0.09609211142965964,-1.0669819413629118e-07,-1.778303235604853e-08
23,2.0,15.0,0.012,0.13,29,FAIL,results/franka_rotation_gain_public24/traces/s2__online__case_23__compact.npz,results/franka_budget_transfer/traces/public24__case23__s2__f8n.npz,2.5,3.0,250,0.0016029671021302995,0.002148387182096535,0.0005454200799662357,2.3800229780331476e-06,4.579376140513287e-06,1.8948055247886226e-07,3.6191343683404224e-08,0.0015358028267189938,0.0021067235203530562,0.00041682546111926046,0.00014548175380158074,2.1332655475096087e-08,1.410921493045118e-07,1.573708744157813e-08,1.5026402994220477e-08,1.1686378078609145,1.1480792569605989,-0.020558550900315765,-0.6919537813862089,-0.48893825440134026,5.969357797786082,6.099892183321653,0.0050660542837253335,0.03493422723498109,0.13456625063205496,2.046063953684681e-06,3.410106589474468e-07
23,2.0,15.0,0.012,0.13,29,FAIL,results/franka_rotation_gain_public24/traces/s2__online__case_23__compact.npz,results/franka_budget_transfer/traces/public24__case23__s2__f8n.npz,3.0,3.5,250,0.0011010812285834467,0.001368342542078971,0.0002672613134955242,1.070577739911788e-06,1.8432686973265941e-06,1.4180213202704477e-07,2.9092615136546096e-08,0.0009941635446296053,0.0013100335104068018,0.00035307848493514363,-8.736208834210149e-05,8.221658644128653e-08,1.2708089893782532e-07,1.713771550294828e-08,2.146048065705295e-08,0.8330121474699492,0.7721361589436184,-0.06087598852633073,-0.5825930800814112,-0.2130423890539544,5.976717942977006,6.152244542753723,0.004814219577797072,0.017396804353772465,0.17609612331349175,6.599814405243075e-07,1.0999690675405125e-07
23,2.0,15.0,0.012,0.13,29,FAIL,results/franka_rotation_gain_public24/traces/s2__online__case_23__compact.npz,results/franka_budget_transfer/traces/public24__case23__s2__f8n.npz,3.5,4.0,250,0.001185190577396962,0.0010871195660326842,-9.807101136427793e-05,1.0372740051355166e-06,1.1430561645297773e-06,3.674026996150277e-07,3.877278632131425e-08,0.0010006267197343562,0.0010346651388127136,0.0005925702572283375,0.00014310630198109846,3.602017288917918e-08,7.252421505544538e-08,1.6263189863369545e-08,1.8293372654608896e-08,0.6447691398494595,0.6360776167169582,-0.008691523132501308,-0.3931591024769745,0.0013886165559473841,5.982676006376083,6.155779331332821,0.0035044877564248456,0.02012248279399563,0.1741590837030038,-2.2284775389945276e-07,-3.7141292316575456e-08
23,2.0,15.0,0.012,0.13,29,FAIL,results/franka_rotation_gain_public24/traces/s2__online__case_23__compact.npz,results/franka_budget_transfer/traces/public24__case23__s2__f8n.npz,4.0,4.5,250,0.0015290221984491455,0.001274528849827235,-0.00025449334862191037,1.5228743334318253e-06,1.3116705005447313e-06,8.150345499184325e-07,3.1275328849720316e-07,0.0012230729235056393,0.0011213785832199284,0.0008968053073365243,0.000545676480317827,2.6966957219194063e-08,5.41805736403973e-08,1.0774790651474588e-08,1.4990467325151325e-08,0.7443383068997372,0.8525324298011981,0.10819412290146085,-0.10658815767379635,0.20494082536230013,5.98304094228161,6.118222891015716,0.00107201777221517,0.025347572743169018,0.13738334862251053,-7.134850943083231e-07,-1.1891418238472051e-07
